Column1,Column2
Column1,Cột 1
"""Customer Provided Item"" cannot have Valuation Rate",“Mặt hàng do khách hàng cung cấp” không được có giá trị định giá
"""Is Fixed Asset"" cannot be unchecked, as Asset record exists against the item",Không thể bỏ chọn “Là tài sản cố định” vì đã tồn tại bản ghi tài sản cho mặt hàng này
'Based On' and 'Group By' can not be same,“Dựa trên” và “Nhóm theo” không được giống nhau
'Days Since Last Order' must be greater than or equal to zero,“Số ngày kể từ đơn hàng cuối” phải lớn hơn hoặc bằng 0
'Entries' cannot be empty,“Bút toán” không được để trống
'From Date' is required,“Ngày bắt đầu” là bắt buộc
'From Date' must be after 'To Date',“Ngày bắt đầu” phải sau “Ngày kết thúc”
'Has Serial No' can not be 'Yes' for non-stock item,“Có số sê-ri” không thể là “Có” đối với mặt hàng không tồn kho
'Opening',“Số dư đầu kỳ”
'To Case No.' cannot be less than 'From Case No.',“Số hồ sơ đến” không được nhỏ hơn “Số hồ sơ từ”
'To Date' is required,“Ngày kết thúc” là bắt buộc
'Total',“Tổng cộng”
'Update Stock' can not be checked because items are not delivered via {0},Không thể chọn “Cập nhật tồn kho” vì mặt hàng không được giao qua {0}
'Update Stock' cannot be checked for fixed asset sale,Không thể chọn “Cập nhật tồn kho” cho việc bán tài sản cố định
1 exact match.,1 kết quả trùng khớp chính xác
90-Above,90 trở lên
A Customer Group exists with same name please change the Customer name or rename the Customer Group,"Đã tồn tại Nhóm khách hàng cùng tên, vui lòng đổi tên Khách hàng hoặc Nhóm khách hàng"
A Default Service Level Agreement already exists.,Đã tồn tại Thỏa thuận mức dịch vụ (SLA) mặc định
A Lead requires either a person's name or an organization's name,Khách hàng tiềm năng cần có tên cá nhân hoặc tên tổ chức
A customer with the same name already exists,Đã tồn tại khách hàng cùng tên
A question must have more than one options,Một câu hỏi phải có nhiều hơn một lựa chọn
A qustion must have at least one correct options,Một câu hỏi phải có ít nhất một lựa chọn đúng
A4,Khổ A4
API Endpoint,Điểm cuối API
API Key,Khóa API
Abbr can not be blank or space,Tên viết tắt không được để trống hoặc chỉ có khoảng trắng
Abbreviation already used for another company,Tên viết tắt đã được sử dụng cho công ty khác
Abbreviation cannot have more than 5 characters,Tên viết tắt không được dài quá 5 ký tự
Abbreviation is mandatory,Tên viết tắt là bắt buộc
About the Company,Về công ty
About your company,Giới thiệu về công ty của bạn
Above,Bên trên
Academic Term,Học kỳ
Academic Term: ,Học kỳ:
Academic Year,Năm học
Academic Year: ,Năm học:
Accepted + Rejected Qty must be equal to Received quantity for Item {0},Tổng số lượng chấp nhận + từ chối phải bằng số lượng nhận cho mặt hàng {0}
Access Token,Mã truy cập
Accessable Value,Giá trị có thể truy cập
Account Number,Số tài khoản
Account Number {0} already used in account {1},Số tài khoản {0} đã được dùng cho tài khoản {1}
Account Pay Only,Chỉ chi trả từ tài khoản
Account Type,Loại tài khoản
Account Type for {0} must be {1},Loại tài khoản của {0} phải là {1}
"Account balance already in Credit, you are not allowed to set 'Balance Must Be' as 'Debit'","Số dư tài khoản đang ở bên Có, không được đặt “Số dư bắt buộc” là Nợ"
"Account balance already in Debit, you are not allowed to set 'Balance Must Be' as 'Credit'","Số dư tài khoản đang ở bên Nợ, không được đặt “Số dư bắt buộc” là Có"
Account number for account {0} is not available.<br> Please setup your Chart of Accounts correctly.,Số tài khoản của tài khoản {0} không khả dụng. Vui lòng thiết lập đúng Hệ thống tài khoản
Account with child nodes cannot be converted to ledger,Không thể chuyển tài khoản có tài khoản con thành sổ cái
Account with child nodes cannot be set as ledger,Không thể đặt tài khoản có tài khoản con là sổ cái
Account with existing transaction can not be converted to group.,Không thể chuyển tài khoản có phát sinh giao dịch thành nhóm
Account with existing transaction can not be deleted,Không thể xóa tài khoản có phát sinh giao dịch
Account with existing transaction cannot be converted to ledger,Không thể chuyển tài khoản có phát sinh giao dịch thành sổ cái
Account {0} does not belong to company: {1},Tài khoản {0} không thuộc công ty {1}
Account {0} does not belongs to company {1},Tài khoản {0} không thuộc công ty {1}
Account {0} does not exist,Tài khoản {0} không tồn tại
Account {0} does not exists,Tài khoản {0} không tồn tại
Account {0} does not match with Company {1} in Mode of Account: {2},Tài khoản {0} không khớp với Công ty {1} trong Hình thức tài khoản {2}
Account {0} has been entered multiple times,Tài khoản {0} được nhập nhiều lần
Account {0} is added in the child company {1},Tài khoản {0} đã được thêm vào công ty con {1}
Account {0} is frozen,Tài khoản {0} đang bị khóa
Account {0} is invalid. Account Currency must be {1},Tài khoản {0} không hợp lệ. Tiền tệ tài khoản phải là {1}
Account {0}: Parent account {1} can not be a ledger,Tài khoản {0}: tài khoản cha {1} không thể là sổ cái
Account {0}: Parent account {1} does not belong to company: {2},Tài khoản {0}: tài khoản cha {1} không thuộc công ty {2}
Account {0}: Parent account {1} does not exist,Tài khoản {0}: tài khoản cha {1} không tồn tại
Account {0}: You can not assign itself as parent account,Tài khoản {0}: không thể tự gán chính nó làm tài khoản cha
Account: {0} can only be updated via Stock Transactions,Tài khoản {0} chỉ có thể được cập nhật qua giao dịch kho
Account: {0} with currency: {1} can not be selected,Không thể chọn tài khoản {0} với tiền tệ {1}
Accountant,Kế toán
Accounting,Kế toán
Accounting Entry for Asset,Bút toán kế toán cho tài sản
Accounting Entry for Stock,Bút toán kế toán cho kho
Accounting Entry for {0}: {1} can only be made in currency: {2},Bút toán kế toán cho {0}: {1} chỉ có thể được thực hiện bằng tiền tệ {2}
Accounting Ledger,Sổ cái kế toán
Accounting journal entries.,Các bút toán nhật ký kế toán
Accounts,Kế toán
Accounts Manager,Quản lý kế toán
Accounts Payable,Phải trả
Accounts Payable Summary,Tổng hợp công nợ phải trả
Accounts Receivable,Phải thu
Accounts Receivable Summary,Tổng hợp công nợ phải thu
Accounts User,Người dùng kế toán
Accounts table cannot be blank.,Bảng tài khoản không được để trống
Accumulated Depreciation,Khấu hao lũy kế
Accumulated Depreciation Amount,Giá trị khấu hao lũy kế
Accumulated Depreciation as on,Khấu hao lũy kế đến ngày
Accumulated Monthly,Lũy kế hàng tháng
Accumulated Values,Giá trị lũy kế
Accumulated Values in Group Company,Giá trị lũy kế trong công ty nhóm
Achieved ({}),Đạt được ({})
Action,Hành động
Action Initialised,Hành động đã được khởi tạo
Actions,Các hành động
Active,Đang hoạt động
Activity Cost exists for Employee {0} against Activity Type - {1},Đã tồn tại chi phí hoạt động cho Nhân viên {0} theo Loại hoạt động {1}
Activity Cost per Employee,Chi phí hoạt động theo nhân viên
Activity Type,Loại hoạt động
Actual Cost,Chi phí thực tế
Actual Delivery Date,Ngày giao hàng thực tế
Actual Qty,Số lượng thực tế
Actual Qty is mandatory,Số lượng thực tế là bắt buộc
Actual Qty {0} / Waiting Qty {1},Số lượng thực tế {0} / Số lượng chờ {1}
Actual Qty: Quantity available in the warehouse.,Số lượng thực tế: số lượng có sẵn trong kho
Actual qty in stock,Số lượng thực tế trong tồn kho
Actual type tax cannot be included in Item rate in row {0},Thuế loại “Actual” không thể được cộng vào giá mặt hàng tại dòng {0}
Add,Thêm
Add / Edit Prices,Thêm / Chỉnh sửa giá
Add Customers,Thêm khách hàng
Add Employees,Thêm nhân viên
Add Item,Thêm mặt hàng
Add Items,Thêm các mặt hàng
Add Leads,Thêm khách hàng tiềm năng
Add Multiple Tasks,Thêm nhiều công việc
Add Sales Partners,Thêm đối tác bán hàng
Add Serial No,Thêm số sê-ri
Add Students,Thêm học viên
Add Suppliers,Thêm nhà cung cấp
Add Time Slots,Thêm khung giờ
Add Timesheets,Thêm bảng chấm công
Add Timeslots,Thêm khung thời gian
Add Users to Marketplace,Thêm người dùng vào Marketplace
Add a new address,Thêm địa chỉ mới
Add cards or custom sections on homepage,Thêm thẻ hoặc khu vực tùy chỉnh trên trang chủ
Add more items or open full form,Thêm mặt hàng hoặc mở biểu mẫu đầy đủ
Add notes,Thêm ghi chú
Add the rest of your organization as your users. You can also add invite Customers to your portal by adding them from Contacts,Thêm các thành viên còn lại của tổ chức làm người dùng. Bạn cũng có thể mời Khách hàng vào cổng thông tin bằng cách thêm từ Danh bạ
Add/Remove Recipients,Thêm/Xóa người nhận
Added,Đã thêm
Added {0} users,Đã thêm {0} người dùng
Additional Salary Component Exists.,Đã tồn tại thành phần lương bổ sung
Address,Địa chỉ
Address Line 2,Dòng địa chỉ 2
Address Name,Tên địa chỉ
Address Title,Tiêu đề địa chỉ
Address Type,Loại địa chỉ
Administrative Expenses,Chi phí hành chính
Administrative Officer,Cán bộ hành chính
Administrator,Quản trị viên
Admission,Tuyển sinh
Admission and Enrollment,Tuyển sinh và ghi danh
Admissions for {0},Tuyển sinh cho {0}
Admit,Tiếp nhận
Admitted,Đã tiếp nhận
Advance Payments,Thanh toán tạm ứng
Advance account currency should be same as company currency {0},Tiền tệ tài khoản tạm ứng phải giống tiền tệ công ty {0}
Advance amount cannot be greater than {0} {1},Số tiền tạm ứng không được lớn hơn {0} {1}
Advertising,Quảng cáo
Aerospace,Hàng không vũ trụ
Against,Đối ứng
Against Account,Tài khoản đối ứng
Against Journal Entry {0} does not have any unmatched {1} entry,Bút toán nhật ký đối ứng {0} không có bút toán {1} chưa đối trừ
Against Journal Entry {0} is already adjusted against some other voucher,Bút toán nhật ký đối ứng {0} đã được đối trừ với chứng từ khác
Against Supplier Invoice {0} dated {1},Đối ứng với hóa đơn nhà cung cấp {0} ngày {1}
Against Voucher,Đối ứng chứng từ
Against Voucher Type,Loại chứng từ đối ứng
Age,Tuổi
Age (Days),Tuổi (ngày)
Ageing Based On,Dựa trên tuổi nợ
Ageing Range 1,Khoảng tuổi nợ 1
Ageing Range 2,Khoảng tuổi nợ 2
Ageing Range 3,Khoảng tuổi nợ 3
Agriculture,Nông nghiệp
Agriculture (beta),Nông nghiệp (beta)
Airline,Hàng không
All Accounts,Tất cả tài khoản
All Addresses.,Tất cả địa chỉ
All Assessment Groups,Tất cả nhóm đánh giá
All BOMs,Tất cả BOM
All Contacts.,Tất cả liên hệ
All Customer Groups,Tất cả nhóm khách hàng
All Day,Cả ngày
All Departments,Tất cả phòng ban
All Healthcare Service Units,Tất cả đơn vị dịch vụ y tế
All Item Groups,Tất cả nhóm mặt hàng
All Products,Tất cả sản phẩm
All Products or Services.,Tất cả sản phẩm hoặc dịch vụ
All Student Admissions,Tất cả hồ sơ tuyển sinh
All Supplier Groups,Tất cả nhóm nhà cung cấp
All Supplier scorecards.,Tất cả thẻ điểm nhà cung cấp
All Territories,Tất cả khu vực
All Warehouses,Tất cả kho
All communications including and above this shall be moved into the new Issue,Tất cả trao đổi từ đây trở lên sẽ được chuyển sang Issue mới
All items have already been transferred for this Work Order.,Tất cả mặt hàng đã được chuyển cho Lệnh sản xuất này
All the mandatory Task for employee creation hasn't been done yet.,Chưa hoàn tất các tác vụ bắt buộc để tạo nhân viên
Allocate Payment Amount,Phân bổ số tiền thanh toán
Allocating leaves...,Đang phân bổ nghỉ phép…
Already record exists for the item {0},Đã tồn tại bản ghi cho mặt hàng {0}
"Already set default in pos profile {0} for user {1}, kindly disabled default","Đã thiết lập mặc định trong hồ sơ POS {0} cho người dùng {1}, vui lòng hủy mặc định"
Alternate Item,Mặt hàng thay thế
Alternative item must not be same as item code,Mặt hàng thay thế không được trùng mã mặt hàng
Amended From,Sửa đổi từ
Amount,Số tiền
Amount After Depreciation,Giá trị sau khấu hao
Amount of Integrated Tax,Số tiền thuế tích hợp
Amount of TDS Deducted,Số tiền TDS đã khấu trừ
Amount should not be less than zero.,Số tiền không được nhỏ hơn 0
Amount to Bill,Số tiền cần lập hóa đơn
Amount {0} {1} against {2} {3},Số tiền {0} {1} đối ứng với {2} {3}
Amount {0} {1} deducted against {2},Số tiền {0} {1} được khấu trừ đối với {2}
Amount {0} {1} transferred from {2} to {3},Số tiền {0} {1} được chuyển từ {2} sang {3}
Amount {0} {1} {2} {3},Số tiền {0} {1} {2} {3}
Amt,Số tiền
"An Item Group exists with same name, please change the item name or rename the item group","Đã tồn tại Nhóm mặt hàng cùng tên, vui lòng đổi tên mặt hàng hoặc nhóm"
An academic term with this 'Academic Year' {0} and 'Term Name' {1} already exists. Please modify these entries and try again.,Đã tồn tại học kỳ với Năm học {0} và Tên học kỳ {1}. Vui lòng chỉnh sửa và thử lại
An error occurred during the update process,Đã xảy ra lỗi trong quá trình cập nhật
"An item exists with same name ({0}), please change the item group name or rename the item","Đã tồn tại mặt hàng cùng tên ({0}), vui lòng đổi tên nhóm mặt hàng hoặc đổi tên"
Analyst,Chuyên viên phân tích
Annual Billing: {0},Thanh toán hàng năm: {0}
Another Budget record '{0}' already exists against {1} '{2}' and account '{3}' for fiscal year {4},Đã tồn tại bản ghi ngân sách khác {0} cho {1} {2} và tài khoản {3} trong năm tài chính {4}
Another Period Closing Entry {0} has been made after {1},Đã có một bút toán khóa kỳ {0} được tạo sau {1}
Another Sales Person {0} exists with the same Employee id,Đã tồn tại nhân viên bán hàng {0} với cùng mã nhân viên
Antibiotic,Kháng sinh
Apparel & Accessories,Thời trang & phụ kiện
Applicable For,Áp dụng cho
"Applicable if the company is SpA, SApA or SRL","Áp dụng nếu công ty là SpA, SApA hoặc SRL"
Applicable if the company is a limited liability company,Áp dụng nếu công ty là công ty trách nhiệm hữu hạn
Applicable if the company is an Individual or a Proprietorship,Áp dụng nếu công ty là cá nhân hoặc hộ kinh doanh
Application of Funds (Assets),Ứng dụng nguồn vốn (Tài sản)
Applied,Đã áp dụng
Appointment Confirmation,Xác nhận lịch hẹn
Appointment Duration (mins),Thời lượng cuộc hẹn (phút)
Appointment Type,Loại cuộc hẹn
Appointment {0} and Sales Invoice {1} cancelled,Cuộc hẹn {0} và Hóa đơn bán hàng {1} đã bị hủy
Appointments and Encounters,Cuộc hẹn và hồ sơ khám
Appointments and Patient Encounters,Cuộc hẹn và hồ sơ bệnh nhân
Appraisal {0} created for Employee {1} in the given date range,Đã tạo đánh giá {0} cho nhân viên {1} trong khoảng thời gian chỉ định
Approving Role cannot be same as role the rule is Applicable To,Vai trò phê duyệt không được trùng với vai trò được áp dụng
Approving User cannot be same as user the rule is Applicable To,Người phê duyệt không được trùng với người được áp dụng
"Apps using current key won't be able to access, are you sure?","Các ứng dụng dùng khóa hiện tại sẽ không thể truy cập, bạn có chắc không?"
Are you sure you want to cancel this appointment?,Bạn có chắc chắn muốn hủy cuộc hẹn này không?
Arrear,Truy lĩnh
As Examiner,Với vai trò giám khảo
As On Date,Tại ngày
As Supervisor,Với vai trò giám sát
As per rules 42 & 43 of CGST Rules,Theo quy định 42 & 43 của luật CGST
As per section 17(5),Theo điều khoản 17(5)
Assessment,Đánh giá
Assessment Criteria,Tiêu chí đánh giá
Assessment Group,Nhóm đánh giá
Assessment Group: ,Nhóm đánh giá:
Assessment Plan,Kế hoạch đánh giá
Assessment Plan Name,Tên kế hoạch đánh giá
Assessment Report,Báo cáo đánh giá
Assessment Reports,Các báo cáo đánh giá
Assessment Result,Kết quả đánh giá
Assessment Result record {0} already exists.,Bản ghi kết quả đánh giá {0} đã tồn tại
Asset,Tài sản
Asset Category,Nhóm tài sản
Asset Category is mandatory for Fixed Asset item,Nhóm tài sản là bắt buộc cho mặt hàng tài sản cố định
Asset Maintenance,Bảo trì tài sản
Asset Movement,Di chuyển tài sản
Asset Movement record {0} created,Đã tạo bản ghi di chuyển tài sản {0}
Asset Name,Tên tài sản
Asset Received But Not Billed,Tài sản đã nhận nhưng chưa lập hóa đơn
Asset Value Adjustment,Điều chỉnh giá trị tài sản
"Asset cannot be cancelled, as it is already {0}",Không thể hủy tài sản vì đang ở trạng thái {0}
Asset scrapped via Journal Entry {0},Tài sản đã được thanh lý qua bút toán nhật ký {0}
"Asset {0} cannot be scrapped, as it is already {1}",Không thể thanh lý tài sản {0} vì đang ở trạng thái {1}
Asset {0} does not belong to company {1},Tài sản {0} không thuộc công ty {1}
Asset {0} must be submitted,Tài sản {0} phải được nộp
Assets,Tài sản
Assign To,Giao việc
Associate,Cộng sự
At least one mode of payment is required for POS invoice.,Cần ít nhất một phương thức thanh toán cho hóa đơn POS
Atleast one item should be entered with negative quantity in return document,Cần ít nhất một mặt hàng có số lượng âm trong chứng từ trả hàng
Atleast one of the Selling or Buying must be selected,Phải chọn ít nhất một trong Bán hoặc Mua
Atleast one warehouse is mandatory,Phải chọn ít nhất một kho
Attach Logo,Đính kèm logo
Attachment,Tệp đính kèm
Attachments,Các tệp đính kèm
Attendance can not be marked for future dates,Không thể chấm công cho ngày trong tương lai
Attendance date can not be less than employee's joining date,Ngày chấm công không được trước ngày vào làm của nhân viên
Attendance for employee {0} is already marked,Nhân viên {0} đã được chấm công
Attendance has been marked successfully.,Đã chấm công thành công
Attendance not submitted for {0} as {1} on leave.,Không nộp chấm công cho {0} vì {1} đang nghỉ phép
Attribute table is mandatory,Bảng thuộc tính là bắt buộc
Attribute {0} selected multiple times in Attributes Table,Thuộc tính {0} được chọn nhiều lần trong bảng thuộc tính
Authorized Signatory,Người ký được ủy quyền
Auto Material Requests Generated,Tự động tạo yêu cầu nguyên vật liệu
Auto Repeat,Tự động lặp lại
Auto repeat document updated,Đã cập nhật chứng từ lặp lại tự động
Automotive,Ô tô
Available,Khả dụng
Available Qty,Số lượng khả dụng
Available Selling,Khả dụng để bán
Available for use date is required,Cần nhập ngày sẵn sàng sử dụng
Available slots,Khung giờ khả dụng
Available {0},Khả dụng {0}
Available-for-use Date should be after purchase date,Ngày sẵn sàng sử dụng phải sau ngày mua
Average Age,Tuổi trung bình
Average Rate,Đơn giá trung bình
Avg Daily Outgoing,Giá trị xuất bình quân ngày
Avg. Buying Price List Rate,Giá mua trung bình theo bảng giá
Avg. Selling Price List Rate,Giá bán trung bình theo bảng giá
Avg. Selling Rate,Giá bán trung bình
BOM,BOM
BOM Browser,Trình duyệt BOM
BOM No,Số BOM
BOM Rate,Đơn giá BOM
BOM Stock Report,Báo cáo tồn BOM
BOM and Manufacturing Quantity are required,BOM và số lượng sản xuất là bắt buộc
BOM does not contain any stock item,BOM không chứa mặt hàng tồn kho
BOM {0} does not belong to Item {1},BOM {0} không thuộc mặt hàng {1}
BOM {0} must be active,BOM {0} phải đang hoạt động
BOM {0} must be submitted,BOM {0} phải được nộp
Balance,Số dư
Balance (Dr - Cr),Số dư (Nợ - Có)
Balance ({0}),Số dư ({0})
Balance Qty,Số lượng tồn
Balance Sheet,Bảng cân đối kế toán
Balance Value,Giá trị tồn
Balance for Account {0} must always be {1},Số dư của tài khoản {0} luôn phải là {1}
Bank,Ngân hàng
Bank Account,Tài khoản ngân hàng
Bank Accounts,Các tài khoản ngân hàng
Bank Draft,Hối phiếu ngân hàng
Bank Name,Tên ngân hàng
Bank Overdraft Account,Tài khoản thấu chi
Bank Reconciliation,Đối chiếu ngân hàng
Bank Reconciliation Statement,Báo cáo đối chiếu ngân hàng
Bank Statement,Sao kê ngân hàng
Bank Statement Settings,Thiết lập sao kê ngân hàng
Bank Statement balance as per General Ledger,Số dư sao kê theo sổ cái
Bank account cannot be named as {0},Không thể đặt tên tài khoản ngân hàng là {0}
Bank/Cash transactions against party or for internal transfer,Giao dịch ngân hàng/tiền mặt với đối tác hoặc chuyển nội bộ
Banking,Ngân hàng
Banking and Payments,Ngân hàng và thanh toán
Barcode {0} already used in Item {1},Mã vạch {0} đã được dùng cho mặt hàng {1}
Barcode {0} is not a valid {1} code,Mã vạch {0} không phải mã {1} hợp lệ
Base URL,URL gốc
Based On,Dựa trên
Based On Payment Terms,Dựa trên điều khoản thanh toán
Batch,Lô
Batch Entries,Bút toán theo lô
Batch ID is mandatory,Mã lô là bắt buộc
Batch Inventory,Tồn kho theo lô
Batch Name,Tên lô
Batch No,Số lô
Batch number is mandatory for Item {0},Số lô là bắt buộc cho mặt hàng {0}
Batch {0} of Item {1} has expired.,Lô {0} của mặt hàng {1} đã hết hạn
Batch {0} of Item {1} is disabled.,Lô {0} của mặt hàng {1} đã bị vô hiệu
Batch: ,Lô:
Batches,Danh sách lô
Become a Seller,Trở thành người bán
Bill,Hóa đơn
Bill Date,Ngày hóa đơn
Bill No,Số hóa đơn
Bill of Materials,Định mức nguyên vật liệu
Bill of Materials (BOM),Định mức nguyên vật liệu (BOM)
Billable Hours,Giờ có thể tính phí
Billed,Đã lập hóa đơn
Billed Amount,Số tiền đã lập hóa đơn
Billing Address,Địa chỉ thanh toán
Billing Address is same as Shipping Address,Địa chỉ thanh toán giống địa chỉ giao hàng
Billing Amount,Giá trị thanh toán
Billing Status,Trạng thái thanh toán
Billing currency must be equal to either default company's currency or party account currency,Tiền tệ thanh toán phải trùng với tiền tệ công ty hoặc tiền tệ tài khoản đối tác
Bills raised by Suppliers.,Hóa đơn do nhà cung cấp phát hành
Bills raised to Customers.,Hóa đơn phát hành cho khách hàng
Biotechnology,Công nghệ sinh học
Black,Màu đen
Blanket Orders from Costumers.,Đơn hàng khung từ khách hàng
Block Invoice,Chặn hóa đơn
Boms,Định mức BOM
Both Trial Period Start Date and Trial Period End Date must be set,Cả Ngày bắt đầu dùng thử và Ngày kết thúc dùng thử đều phải được thiết lập
Both Warehouse must belong to same Company,Cả hai kho phải thuộc cùng một Công ty
Branch,Chi nhánh
Broadcasting,Phát sóng
Brokerage,Phí môi giới
Browse BOM,Duyệt BOM
Budget Against,Ngân sách theo
Budget List,Danh sách Ngân sách
Budget Variance Report,Báo cáo chênh lệch Ngân sách
Budget cannot be assigned against Group Account {0},Không thể gán Ngân sách cho Tài khoản Nhóm {0}
"Budget cannot be assigned against {0}, as it's not an Income or Expense account",Không thể gán Ngân sách cho {0} vì đây không phải là tài khoản Thu nhập hoặc Chi phí
Buildings,Tòa nhà
Bundle items at time of sale.,Gộp mặt hàng tại thời điểm bán
Business Development Manager,Quản lý Phát triển Kinh doanh
Buy,Mua
Buying,Mua hàng
Buying Amount,Giá trị mua
Buying Price List,Bảng giá mua
Buying Rate,Đơn giá mua
"Buying must be checked, if Applicable For is selected as {0}",Phải chọn “Mua hàng” nếu “Áp dụng cho” được chọn là {0}
By {0},Bởi {0}
Bypass credit check at Sales Order ,Bỏ qua kiểm tra tín dụng tại Đơn bán hàng
C-Form records,Hồ sơ C-Form
C-form is not applicable for Invoice: {0},C-Form không áp dụng cho Hóa đơn: {0}
CEO,Tổng Giám đốc (CEO)
CESS Amount,Số tiền CESS
CGST Amount,Số tiền CGST
CRM,CRM (Quản lý quan hệ khách hàng)
CWIP Account,Tài khoản CWIP (Chi phí xây dựng dở dang)
Calculated Bank Statement balance,Số dư Sao kê Ngân hàng được tính toán
Campaign,Chiến dịch
Can be approved by {0},Có thể được phê duyệt bởi {0}
"Can not filter based on Account, if grouped by Account",Không thể lọc theo Tài khoản nếu đang nhóm theo Tài khoản
"Can not filter based on Voucher No, if grouped by Voucher",Không thể lọc theo Số chứng từ nếu đang nhóm theo Chứng từ
"Can not mark Inpatient Record Discharged, there are Unbilled Invoices {0}",Không thể đánh dấu Hồ sơ nội trú là Đã xuất viện vì còn Hóa đơn chưa lập {0}
Can only make payment against unbilled {0},Chỉ có thể tạo thanh toán cho {0} chưa lập hóa đơn
Can refer row only if the charge type is 'On Previous Row Amount' or 'Previous Row Total',Chỉ có thể tham chiếu dòng nếu loại phí là “Theo số tiền dòng trước” hoặc “Theo tổng dòng trước”
"Can't change valuation method, as there are transactions against some items which does not have it's own valuation method",Không thể thay đổi phương pháp định giá vì đã có giao dịch cho một số mặt hàng không có phương pháp định giá riêng
Can't create standard criteria. Please rename the criteria,Không thể tạo tiêu chí chuẩn. Vui lòng đổi tên tiêu chí
Cancel,Hủy
Cancel Material Visit {0} before cancelling this Warranty Claim,Hủy Chuyến vật tư {0} trước khi hủy Yêu cầu bảo hành này
Cancel Material Visits {0} before cancelling this Maintenance Visit,Hủy các Chuyến vật tư {0} trước khi hủy Lịch bảo trì này
Cancel Subscription,Hủy đăng ký
Cancel the journal entry {0} first,Hủy bút toán nhật ký {0} trước
Canceled,Đã hủy
"Cannot Submit, Employees left to mark attendance","Không thể gửi, vẫn còn nhân viên chưa chấm công"
Cannot be a fixed asset item as Stock Ledger is created.,Không thể là tài sản cố định vì đã có Sổ kho được tạo
Cannot cancel because submitted Stock Entry {0} exists,Không thể hủy vì tồn tại Phiếu nhập kho đã gửi {0}
Cannot cancel transaction for Completed Work Order.,Không thể hủy giao dịch cho Lệnh sản xuất đã hoàn tất
Cannot cancel {0} {1} because Serial No {2} does not belong to the warehouse {3},Không thể hủy {0} {1} vì Số sê-ri {2} không thuộc kho {3}
Cannot change Attributes after stock transaction. Make a new Item and transfer stock to the new Item,Không thể thay đổi Thuộc tính sau khi phát sinh giao dịch kho. Hãy tạo Mặt hàng mới và chuyển tồn kho sang mặt hàng mới
Cannot change Fiscal Year Start Date and Fiscal Year End Date once the Fiscal Year is saved.,Không thể thay đổi Ngày bắt đầu và Ngày kết thúc Năm tài chính sau khi đã lưu
Cannot change Service Stop Date for item in row {0},Không thể thay đổi Ngày dừng dịch vụ cho mặt hàng tại dòng {0}
Cannot change Variant properties after stock transaction. You will have to make a new Item to do this.,Không thể thay đổi thuộc tính Biến thể sau khi có giao dịch kho. Cần tạo Mặt hàng mới để thực hiện
"Cannot change company's default currency, because there are existing transactions. Transactions must be cancelled to change the default currency.",Không thể thay đổi tiền tệ mặc định của công ty vì đã có giao dịch. Phải hủy các giao dịch để thay đổi
Cannot change status as student {0} is linked with student application {1},Không thể thay đổi trạng thái vì sinh viên {0} đang liên kết với đơn đăng ký {1}
Cannot convert Cost Center to ledger as it has child nodes,Không thể chuyển Trung tâm chi phí thành sổ cái vì có nút con
Cannot covert to Group because Account Type is selected.,Không thể chuyển sang Nhóm vì đã chọn Loại tài khoản
Cannot create Retention Bonus for left Employees,Không thể tạo Thưởng giữ chân cho nhân viên đã nghỉ việc
Cannot create a Delivery Trip from Draft documents.,Không thể tạo Chuyến giao hàng từ chứng từ nháp
Cannot deactivate or cancel BOM as it is linked with other BOMs,Không thể ngừng kích hoạt hoặc hủy BOM vì đang liên kết với BOM khác
"Cannot declare as lost, because Quotation has been made.",Không thể khai báo là Đã mất vì đã có Báo giá được lập
Cannot deduct when category is for 'Valuation' or 'Valuation and Total',Không thể khấu trừ khi danh mục là “Định giá” hoặc “Định giá và Tổng”
Cannot deduct when category is for 'Valuation' or 'Vaulation and Total',Không thể khấu trừ khi danh mục là “Định giá” hoặc “Định giá và Tổng”
"Cannot delete Serial No {0}, as it is used in stock transactions",Không thể xóa Số sê-ri {0} vì đã được dùng trong giao dịch kho
Cannot enroll more than {0} students for this student group.,Không thể ghi danh quá {0} sinh viên cho nhóm sinh viên này
Cannot produce more Item {0} than Sales Order quantity {1},Không thể sản xuất nhiều hơn số lượng {0} so với Đơn bán hàng {1}
Cannot promote Employee with status Left,Không thể thăng chức cho Nhân viên có trạng thái Đã nghỉ
Cannot refer row number greater than or equal to current row number for this Charge type,Không thể tham chiếu số dòng lớn hơn hoặc bằng dòng hiện tại cho loại phí này
Cannot select charge type as 'On Previous Row Amount' or 'On Previous Row Total' for first row,Không thể chọn loại phí “Theo số tiền dòng trước” hoặc “Theo tổng dòng trước” cho dòng đầu tiên
Cannot set as Lost as Sales Order is made.,Không thể đặt trạng thái Đã mất vì đã có Đơn bán hàng
Cannot set authorization on basis of Discount for {0},Không thể thiết lập phân quyền dựa trên Chiết khấu cho {0}
Cannot set multiple Item Defaults for a company.,Không thể thiết lập nhiều Mặc định mặt hàng cho cùng một công ty
Cannot set quantity less than delivered quantity,Không thể đặt số lượng nhỏ hơn số lượng đã giao
Cannot set quantity less than received quantity,Không thể đặt số lượng nhỏ hơn số lượng đã nhận
Cannot set the field <b>{0}</b> for copying in variants,Không thể thiết lập trường <b>{0}</b> để sao chép cho biến thể
Cannot transfer Employee with status Left,Không thể chuyển Nhân viên có trạng thái Đã nghỉ
Cannot {0} {1} {2} without any negative outstanding invoice,Không thể {0} {1} {2} khi không có hóa đơn công nợ âm
Capital Equipments,Thiết bị vốn
Capital Stock,Tồn kho vốn
Capital Work in Progress,Chi phí đầu tư xây dựng dở dang
Cart,Giỏ hàng
Cart is Empty,Giỏ hàng trống
Case No(s) already in use. Try from Case No {0},Số vụ việc đã được sử dụng. Thử từ Số vụ việc {0}
Cash,Tiền mặt
Cash Flow Statement,Báo cáo Lưu chuyển tiền tệ
Cash Flow from Financing,Dòng tiền từ Hoạt động tài chính
Cash Flow from Investing,Dòng tiền từ Hoạt động đầu tư
Cash Flow from Operations,Dòng tiền từ Hoạt động kinh doanh
Cash In Hand,Tiền mặt tại quỹ
Cash or Bank Account is mandatory for making payment entry,Bắt buộc phải chọn Tài khoản Tiền mặt hoặc Ngân hàng khi lập chứng từ thanh toán
Cashier Closing,Chốt ca thu ngân
Category,Danh mục
Category Name,Tên danh mục
Caution,Cảnh báo
Central Tax,Thuế Trung ương
Certification,Chứng nhận
Cess,Thuế Cess
Change Amount,Thay đổi số tiền
Change Item Code,Thay đổi mã mặt hàng
Change Release Date,Thay đổi ngày phát hành
Change Template Code,Thay đổi mã mẫu
Changing Customer Group for the selected Customer is not allowed.,Không cho phép thay đổi Nhóm khách hàng cho Khách hàng đã chọn
Chapter,Chương
Chapter information.,Thông tin chương
Charge of type 'Actual' in row {0} cannot be included in Item Rate,Khoản phí loại “Thực tế” tại dòng {0} không thể tính vào Đơn giá mặt hàng
Chargeble,Có thể tính phí
Charges are updated in Purchase Receipt against each item,Phí được cập nhật trong Phiếu nhập mua cho từng mặt hàng
"Charges will be distributed proportionately based on item qty or amount, as per your selection",Phí sẽ được phân bổ theo tỷ lệ dựa trên số lượng hoặc giá trị mặt hàng theo lựa chọn của bạn
Chart of Cost Centers,Sơ đồ Trung tâm chi phí
Check all,Chọn tất cả
Checkout,Thanh toán
Chemical,Hóa chất
Cheque,Séc
Cheque/Reference No,Số Séc / Tham chiếu
Cheques Required,Yêu cầu séc
Cheques and Deposits incorrectly cleared,Séc và tiền gửi được đối soát không chính xác
Child Task exists for this Task. You can not delete this Task.,Tồn tại Công việc con cho Công việc này. Không thể xóa Công việc
Child nodes can be only created under 'Group' type nodes,Chỉ có thể tạo nút con dưới nút loại “Nhóm”
Child warehouse exists for this warehouse. You can not delete this warehouse.,Tồn tại kho con cho kho này. Không thể xóa kho
Circular Reference Error,Lỗi tham chiếu vòng
City,Thành phố
City/Town,Thành phố / Thị trấn
Clay,Đất sét
Clear filters,Xóa bộ lọc
Clear values,Xóa giá trị
Clearance Date,Ngày đối soát
Clearance Date not mentioned,Chưa nhập Ngày thông quan
Clearance Date updated,Ngày thông quan đã được cập nhật
Client,Khách hàng
Client ID,Mã khách hàng
Client Secret,Khóa bí mật khách hàng
Clinical Procedure,Thủ thuật lâm sàng
Clinical Procedure Template,Mẫu thủ thuật lâm sàng
Close Balance Sheet and book Profit or Loss.,Đóng Bảng cân đối kế toán và hạch toán Lãi/Lỗ
Close Loan,Đóng khoản vay
Close the POS,Đóng POS
Closed,Đã đóng
Closed order cannot be cancelled. Unclose to cancel.,Đơn hàng đã đóng không thể hủy. Mở lại để hủy
Closing (Cr),Số dư cuối kỳ (Có)
Closing (Dr),Số dư cuối kỳ (Nợ)
Closing (Opening + Total),Số dư cuối kỳ (Mở đầu + Phát sinh)
Closing Account {0} must be of type Liability / Equity,Tài khoản kết chuyển {0} phải thuộc loại Nợ phải trả / Vốn chủ sở hữu
Closing Balance,Số dư cuối kỳ
Code,Mã
Collapse All,Thu gọn tất cả
Color,Màu sắc
Colour,Màu
Combined invoice portion must equal 100%,Tỷ lệ phân bổ hóa đơn gộp phải bằng 100%
Commercial,Thương mại
Commission,Hoa hồng
Commission Rate %,Tỷ lệ hoa hồng %
Commission on Sales,Hoa hồng bán hàng
Commission rate cannot be greater than 100,Tỷ lệ hoa hồng không được vượt quá 100
Community Forum,Diễn đàn cộng đồng
Company (not Customer or Supplier) master.,Danh mục Công ty (không phải Khách hàng hay Nhà cung cấp)
Company Abbreviation,Tên viết tắt Công ty
Company Abbreviation cannot have more than 5 characters,Tên viết tắt Công ty không được quá 5 ký tự
Company Name,Tên Công ty
Company Name cannot be Company,Tên Công ty không được là “Company”
Company currencies of both the companies should match for Inter Company Transactions.,Tiền tệ của hai công ty phải giống nhau đối với giao dịch nội bộ
Company is manadatory for company account,Công ty là bắt buộc đối với tài khoản công ty
Company name not same,Tên công ty không trùng khớp
Company {0} does not exist,Công ty {0} không tồn tại
Compensatory leave request days not in valid holidays,Ngày nghỉ bù không nằm trong danh sách ngày lễ hợp lệ
Complaint,Khiếu nại
Completion Date,Ngày hoàn thành
Computer,Máy tính
Condition,Điều kiện
Configure,Cấu hình
Configure {0},Cấu hình {0}
Confirmed orders from Customers.,Đơn hàng của Khách hàng đã được xác nhận
Connect Amazon with ERPNext,Kết nối Amazon với ERPNext
Connect Shopify with ERPNext,Kết nối Shopify với ERPNext
Connect to Quickbooks,Kết nối QuickBooks
Connected to QuickBooks,Đã kết nối QuickBooks
Connecting to QuickBooks,Đang kết nối QuickBooks
Consultation,Tư vấn
Consultations,Các buổi tư vấn
Consulting,Tư vấn 
Consumable,Vật tư tiêu hao
Consumed,Đã tiêu thụ
Consumed Amount,Giá trị đã tiêu thụ
Consumed Qty,Số lượng đã tiêu thụ
Consumer Products,Hàng tiêu dùng
Contact,Liên hệ
Contact Us,Liên hệ với chúng tôi
Content,Nội dung
Content Masters,Danh mục nội dung
Content Type,Loại nội dung
Continue Configuration,Tiếp tục cấu hình
Contract,Hợp đồng
Contract End Date must be greater than Date of Joining,Ngày kết thúc hợp đồng phải lớn hơn ngày vào làm
Contribution %,Tỷ lệ đóng góp %
Contribution Amount,Số tiền đóng góp
Conversion factor for default Unit of Measure must be 1 in row {0},Hệ số chuyển đổi của đơn vị đo lường mặc định phải bằng 1 tại dòng {0}
Conversion rate cannot be 0 or 1,Tỷ giá chuyển đổi không được bằng 0 hoặc 1
Convert to Non-Group,Chuyển thành không phải nhóm
Cosmetics,Mỹ phẩm
Cost Center,Trung tâm chi phí
Cost Center Number,Mã trung tâm chi phí
Cost Center and Budgeting,Trung tâm chi phí và lập ngân sách
Cost Center is required in row {0} in Taxes table for type {1},Trung tâm chi phí là bắt buộc tại dòng {0} trong bảng Thuế cho loại {1}
Cost Center with existing transactions can not be converted to group,Không thể chuyển trung tâm chi phí có phát sinh giao dịch thành nhóm
Cost Center with existing transactions can not be converted to ledger,Không thể chuyển trung tâm chi phí có phát sinh giao dịch thành sổ cái
Cost Centers,Các trung tâm chi phí
Cost Updated,Đã cập nhật chi phí
Cost as on,Chi phí tại thời điểm
Cost of Delivered Items,Chi phí của hàng đã giao
Cost of Goods Sold,Giá vốn hàng bán
Cost of Issued Items,Chi phí của hàng đã xuất
Cost of New Purchase,Chi phí mua mới
Cost of Purchased Items,Chi phí của hàng đã mua
Cost of Scrapped Asset,Chi phí của tài sản thanh lý
Cost of Sold Asset,Chi phí của tài sản đã bán
Cost of various activities,Chi phí của các hoạt động khác nhau
"Could not create Credit Note automatically, please uncheck 'Issue Credit Note' and submit again","Không thể tự động tạo Phiếu ghi có, vui lòng bỏ chọn “Phát hành Phiếu ghi có” và gửi lại"
Could not generate Secret,Không thể tạo mã bí mật
Could not retrieve information for {0}.,Không thể lấy thông tin cho {0}
Could not solve criteria score function for {0}. Make sure the formula is valid.,Không thể xử lý hàm điểm tiêu chí cho {0}. Vui lòng kiểm tra công thức hợp lệ
Could not solve weighted score function. Make sure the formula is valid.,Không thể xử lý hàm điểm có trọng số. Vui lòng kiểm tra công thức hợp lệ
Could not submit some Salary Slips,Không thể gửi một số phiếu lương
"Could not update stock, invoice contains drop shipping item.","Không thể cập nhật tồn kho, hóa đơn có mặt hàng giao thẳng"
Country wise default Address Templates,Mẫu địa chỉ mặc định theo từng quốc gia
Course Code: ,Mã khóa học:
Course Enrollment {0} does not exists,Đăng ký khóa học {0} không tồn tại
Course Schedule,Lịch học
Course: ,Khóa học:
Cr,Có
Create,Tạo
Create BOM,Tạo BOM
Create Delivery Trip,Tạo chuyến giao hàng
Create Employee,Tạo nhân viên
Create Employee Records,Tạo hồ sơ nhân viên
"Create Employee records to manage leaves, expense claims and payroll","Tạo hồ sơ nhân viên để quản lý nghỉ phép, hoàn ứng và tiền lương"
Create Fee Schedule,Tạo lịch thu học phí
Create Fees,Tạo học phí
Create Inter Company Journal Entry,Tạo bút toán liên công ty
Create Invoice,Tạo hóa đơn
Create Invoices,Tạo các hóa đơn
Create Job Card,Tạo thẻ công việc
Create Journal Entry,Tạo bút toán kế toán
Create Lead,Tạo khách hàng tiềm năng
Create Leads,Tạo danh sách khách hàng tiềm năng
Create Maintenance Visit,Tạo chuyến bảo trì
Create Material Request,Tạo yêu cầu vật tư
Create Multiple,Tạo nhiều
Create Opening Sales and Purchase Invoices,Tạo hóa đơn mua và bán đầu kỳ
Create Payment Entries,Tạo các bút toán thanh toán
Create Payment Entry,Tạo bút toán thanh toán
Create Print Format,Tạo định dạng in
Create Purchase Order,Tạo đơn mua hàng
Create Purchase Orders,Tạo các đơn mua hàng
Create Quotation,Tạo báo giá
Create Sales Invoice,Tạo hóa đơn bán hàng
Create Sales Order,Tạo đơn bán hàng
Create Sales Orders to help you plan your work and deliver on-time,Tạo các đơn bán hàng để hỗ trợ lập kế hoạch và giao đúng hạn
Create Sample Retention Stock Entry,Tạo bút toán tồn kho giữ chân mẫu
Create Student,Tạo học viên
Create Student Batch,Tạo lớp học
Create Student Groups,Tạo nhóm học viên
Create Supplier Quotation,Tạo báo giá nhà cung cấp
Create Tax Template,Tạo mẫu thuế
Create Timesheet,Tạo bảng chấm công
Create User,Tạo người dùng
Create Users,Tạo các người dùng
Create Variant,Tạo biến thể
Create Variants,Tạo các biến thể
"Create and manage daily, weekly and monthly email digests.","Tạo và quản lý email tổng hợp hằng ngày, hằng tuần và hằng tháng"
Create customer quotes,Tạo báo giá khách hàng
Create rules to restrict transactions based on values.,Tạo quy tắc hạn chế giao dịch theo giá trị
Created {0} scorecards for {1} between: ,Đã tạo {0} thẻ điểm cho {1} trong khoảng:
Creating Company and Importing Chart of Accounts,Tạo công ty và nhập sơ đồ tài khoản
Creating Fees,Đang tạo học phí
Creating student groups,Đang tạo nhóm học viên
Creating {0} Invoice,Đang tạo hóa đơn {0}
Credit,Có
Credit ({0}),Có ({0})
Credit Account,Tài khoản ghi có
Credit Balance,Số dư ghi có
Credit Card,Thẻ tín dụng
Credit Days cannot be a negative number,Số ngày tín dụng không được là số âm
Credit Limit,Hạn mức tín dụng
Credit Note,Phiếu ghi có
Credit Note Amount,Số tiền phiếu ghi có
Credit Note Issued,Đã phát hành phiếu ghi có
Credit Note {0} has been created automatically,Phiếu ghi có {0} đã được tạo tự động
Credit limit has been crossed for customer {0} ({1}/{2}),Đã vượt hạn mức tín dụng cho khách hàng {0} ({1}/{2})
Creditors,Chủ nợ
Criteria weights must add up to 100%,Tổng trọng số tiêu chí phải bằng 100%
Crop Cycle,Chu kỳ cây trồng
Crops & Lands,Cây trồng & đất đai
Currency Exchange must be applicable for Buying or for Selling.,Tỷ giá phải được áp dụng cho mua hoặc bán
Currency can not be changed after making entries using some other currency,Không thể thay đổi loại tiền sau khi đã phát sinh giao dịch bằng loại tiền khác
Currency exchange rate master.,Danh mục tỷ giá hối đoái
Currency for {0} must be {1},Tiền tệ cho {0} phải là {1}
Currency is required for Price List {0},Tiền tệ là bắt buộc cho bảng giá {0}
Currency of the Closing Account must be {0},Tiền tệ của tài khoản kết chuyển phải là {0}
Currency of the price list {0} must be {1} or {2},Tiền tệ của bảng giá {0} phải là {1} hoặc {2}
Currency should be same as Price List Currency: {0},Tiền tệ phải giống tiền tệ của bảng giá: {0}
Current Assets,Tài sản ngắn hạn
Current BOM and New BOM can not be same,BOM hiện tại và BOM mới không được trùng nhau
Current Liabilities,Nợ phải trả ngắn hạn
Current Qty,Số lượng hiện tại
Current invoice {0} is missing,Thiếu hóa đơn hiện tại {0}
Custom HTML,HTML tùy chỉnh
Custom?,Tùy chỉnh?
Customer,Khách hàng
Customer Addresses And Contacts,Địa chỉ và liên hệ khách hàng
Customer Contact,Liên hệ khách hàng
Customer Group,Nhóm khách hàng
Customer LPO,LPO khách hàng
Customer LPO No.,Số LPO khách hàng
Customer Name,Tên khách hàng
Customer Service,Dịch vụ khách hàng
Customer and Supplier,Khách hàng và nhà cung cấp
Customer is required,Khách hàng là bắt buộc
Customer isn't enrolled in any Loyalty Program,Khách hàng chưa tham gia chương trình khách hàng thân thiết
Customer required for 'Customerwise Discount',Cần khách hàng cho “Chiết khấu theo khách hàng”
Customer {0} does not belong to project {1},Khách hàng {0} không thuộc dự án {1}
Customer {0} is created.,Khách hàng {0} đã được tạo
Customers in Queue,Khách hàng trong hàng đợi
Customize Homepage Sections,Tùy chỉnh các phần trang chủ
Customizing Forms,Tùy chỉnh biểu mẫu
Daily Project Summary for {0},Tổng hợp dự án hằng ngày cho {0}
Daily Reminders,Nhắc việc hằng ngày
Data Import and Export,Nhập và xuất dữ liệu
Data Import and Settings,Nhập dữ liệu và cài đặt
Database of potential customers.,Cơ sở dữ liệu khách hàng tiềm năng
Date Format,Định dạng ngày
Date Of Retirement must be greater than Date of Joining,Ngày nghỉ hưu phải lớn hơn ngày vào làm
Date of Birth,Ngày sinh
Date of Birth cannot be greater than today.,Ngày sinh không được lớn hơn ngày hiện tại
Date of Commencement should be greater than Date of Incorporation,Ngày bắt đầu hoạt động phải lớn hơn ngày thành lập
Date of Joining,Ngày vào làm
Date of Joining must be greater than Date of Birth,Ngày vào làm phải lớn hơn ngày sinh
Date of Transaction,Ngày giao dịch
Day,Ngày
Debit,Nợ
Debit ({0}),Nợ ({0})
Debit Account,Tài khoản ghi nợ
Debit Note,Phiếu ghi nợ
Debit Note Amount,Số tiền phiếu ghi nợ
Debit Note Issued,Đã phát hành phiếu ghi nợ
Debit To is required,Ghi nợ cho là bắt buộc
Debit and Credit not equal for {0} #{1}. Difference is {2}.,Ghi nợ và ghi có không cân bằng cho {0} #{1}. Chênh lệch là {2}
Debtors,Con nợ
Debtors ({0}),Con nợ ({0})
Declare Lost,Khai báo mất
Default Activity Cost exists for Activity Type - {0},Đã tồn tại chi phí hoạt động mặc định cho loại hoạt động {0}
Default BOM ({0}) must be active for this item or its template,BOM mặc định ({0}) phải đang hoạt động cho mặt hàng này hoặc mẫu của nó
Default BOM for {0} not found,Không tìm thấy BOM mặc định cho {0}
Default BOM not found for Item {0} and Project {1},Không tìm thấy BOM mặc định cho mặt hàng {0} và dự án {1}
Default Letter Head,Tiêu đề thư mặc định
Default Tax Template,Mẫu thuế mặc định
Default Unit of Measure for Item {0} cannot be changed directly because you have already made some transaction(s) with another UOM. You will need to create a new Item to use a different Default UOM.,Không thể thay đổi đơn vị đo lường mặc định của mặt hàng {0} vì đã phát sinh giao dịch với đơn vị khác. Cần tạo mặt hàng mới để dùng đơn vị khác
Default Unit of Measure for Variant '{0}' must be same as in Template '{1}',Đơn vị đo lường mặc định của biến thể {0} phải giống với mẫu {1}
Default settings for buying transactions.,Cài đặt mặc định cho giao dịch mua
Default settings for selling transactions.,Cài đặt mặc định cho giao dịch bán
Default tax templates for sales and purchase are created.,Đã tạo mẫu thuế mặc định cho bán và mua
Defaults,Mặc định
Defense,Quốc phòng
Define Project type.,Xác định loại dự án
Define budget for a financial year.,Xác định ngân sách cho năm tài chính
Define various loan types,Xác định các loại khoản vay
Del,Xóa
Delay in payment (Days),Chậm thanh toán (ngày)
Delete all the Transactions for this Company,Xóa toàn bộ giao dịch của công ty này
Deletion is not permitted for country {0},Không cho phép xóa quốc gia {0}
Delivered,Đã giao
Delivered Amount,Giá trị đã giao
Delivered Qty,Số lượng đã giao
Delivered: {0},Đã giao: {0}
Delivery,Giao hàng
Delivery Date,Ngày giao hàng
Delivery Note,Phiếu giao hàng
Delivery Note {0} is not submitted,Phiếu giao hàng {0} chưa được gửi
Delivery Note {0} must not be submitted,Phiếu giao hàng {0} không được gửi
Delivery Notes {0} must be cancelled before cancelling this Sales Order,Các phiếu giao hàng {0} phải được hủy trước khi hủy đơn bán hàng này
Delivery Notes {0} updated,Đã cập nhật phiếu giao hàng {0}
Delivery Status,Trạng thái giao hàng
Delivery Trip,Chuyến giao hàng
Delivery warehouse required for stock item {0},Kho giao hàng là bắt buộc cho mặt hàng tồn kho {0}
Department,Phòng ban
Department Stores,Cửa hàng bách hóa
Depreciation,Khấu hao
Depreciation Amount,Giá trị khấu hao
Depreciation Amount during the period,Giá trị khấu hao trong kỳ
Depreciation Date,Ngày khấu hao
Depreciation Eliminated due to disposal of assets,Khấu hao được loại bỏ do thanh lý tài sản
Depreciation Entry,Bút toán khấu hao
Depreciation Method,Phương pháp khấu hao
Depreciation Row {0}: Depreciation Start Date is entered as past date,Dòng khấu hao {0}: Ngày bắt đầu khấu hao được nhập là ngày trong quá khứ
Depreciation Row {0}: Expected value after useful life must be greater than or equal to {1},Dòng khấu hao {0}: Giá trị còn lại sau thời gian sử dụng phải lớn hơn hoặc bằng {1}
Depreciation Row {0}: Next Depreciation Date cannot be before Available-for-use Date,Dòng khấu hao {0}: Ngày khấu hao tiếp theo không được trước ngày sẵn sàng sử dụng
Depreciation Row {0}: Next Depreciation Date cannot be before Purchase Date,Dòng khấu hao {0}: Ngày khấu hao tiếp theo không được trước ngày mua
Designer,Thiết kế
Detailed Reason,Lý do chi tiết
Details,Chi tiết
Details of Outward Supplies and inward supplies liable to reverse charge,Chi tiết hàng hóa xuất và nhập thuộc diện chịu thuế ngược
Details of the operations carried out.,Chi tiết các hoạt động đã thực hiện
Diagnosis,Chẩn đoán
Did not find any item called {0},Không tìm thấy mặt hàng có tên {0}
Diff Qty,Chênh lệch số lượng
Difference Account,Tài khoản chênh lệch
"Difference Account must be a Asset/Liability type account, since this Stock Reconciliation is an Opening Entry",Tài khoản chênh lệch phải là loại Tài sản/Nợ phải trả vì đây là bút toán tồn kho đầu kỳ
Difference Amount,Số tiền chênh lệch
Difference Amount must be zero,Số tiền chênh lệch phải bằng 0
Different UOM for items will lead to incorrect (Total) Net Weight value. Make sure that Net Weight of each item is in the same UOM.,Đơn vị tính khác nhau cho các mặt hàng sẽ dẫn đến giá trị Tổng Trọng lượng tịnh không chính xác. Hãy đảm bảo trọng lượng tịnh của mỗi mặt hàng dùng cùng một đơn vị tính
Direct Expenses,Chi phí trực tiếp
Direct Income,Thu nhập trực tiếp
Disable,Vô hiệu hóa
Disabled template must not be default template,Mẫu bị vô hiệu hóa không được là mẫu mặc định
Disburse Loan,Giải ngân khoản vay
Disbursed,Đã giải ngân
Disc,CK
Discharge,Ra viện
Discount,Chiết khấu
Discount Percentage can be applied either against a Price List or for all Price List.,Tỷ lệ chiết khấu có thể áp dụng theo Bảng giá hoặc áp dụng cho tất cả các Bảng giá
Discount must be less than 100,Chiết khấu phải nhỏ hơn 100
Diseases & Fertilizers,Bệnh tật & Phân bón
Dispatch,Giao hàng
Dispatch Notification,Thông báo giao hàng
Dispatch State,Bang/địa phương giao hàng
Distance,Khoảng cách
Distribution,Phân phối
Distributor,Nhà phân phối
Dividends Paid,Cổ tức đã trả
Do you really want to restore this scrapped asset?,Bạn có chắc chắn muốn khôi phục tài sản đã thanh lý này không?
Do you really want to scrap this asset?,Bạn có chắc chắn muốn thanh lý tài sản này không?
Do you want to notify all the customers by email?,Bạn có muốn gửi thông báo email cho tất cả khách hàng không?
Doc Date,Ngày chứng từ
Doc Name,Tên chứng từ
Doc Type,Loại chứng từ
Docs Search,Tìm kiếm tài liệu
Document Name,Tên tài liệu
Document Type,Loại tài liệu
Domain,Miền
Domains,Các miền
Done,Hoàn thành
Donor,Nhà tài trợ
Donor Type information.,Thông tin loại nhà tài trợ
Donor information.,Thông tin nhà tài trợ
Download JSON,Tải xuống JSON
Draft,Nháp
Drop Ship,Giao hàng thẳng
Drug,Dược phẩm
Due / Reference Date cannot be after {0},Ngày đến hạn / ngày tham chiếu không được sau {0}
Due Date cannot be before Posting / Supplier Invoice Date,Ngày đến hạn không được trước ngày ghi sổ / ngày hóa đơn nhà cung cấp
Due Date is mandatory,Ngày đến hạn là bắt buộc
Duplicate Entry. Please check Authorization Rule {0},Trùng dữ liệu. Vui lòng kiểm tra Quy tắc phân quyền {0}
Duplicate Serial No entered for Item {0},Số sê-ri trùng cho mặt hàng {0}
Duplicate customer group found in the cutomer group table,Phát hiện nhóm khách hàng trùng trong bảng nhóm khách hàng
Duplicate entry,Dữ liệu trùng
Duplicate item group found in the item group table,Phát hiện nhóm mặt hàng trùng trong bảng nhóm mặt hàng
Duplicate roll number for student {0},Trùng số báo danh cho học viên {0}
Duplicate row {0} with same {1},Dòng {0} bị trùng với cùng {1}
Duplicate {0} found in the table,Phát hiện {0} trùng trong bảng
Duration in Days,Thời lượng (ngày)
Duties and Taxes,Thuế và các khoản phải nộp
E-Invoicing Information Missing,Thiếu thông tin hóa đơn điện tử
ERPNext Demo,Bản demo ERPNext
ERPNext Settings,Cài đặt ERPNext
Earliest,Sớm nhất
Earnest Money,Tiền đặt cọc
Edit,Chỉnh sửa
Edit Publishing Details,Chỉnh sửa thông tin xuất bản
"Edit in full page for more options like assets, serial nos, batches etc.","Chỉnh sửa ở chế độ toàn trang để có thêm tùy chọn như tài sản, số sê-ri, lô hàng…"
Education,Giáo dục
Either location or employee must be required,Cần bắt buộc có địa điểm hoặc nhân viên
Either target qty or target amount is mandatory,Bắt buộc phải có số lượng mục tiêu hoặc giá trị mục tiêu
Either target qty or target amount is mandatory.,Bắt buộc phải có số lượng mục tiêu hoặc giá trị mục tiêu
Electrical,Điện
Electronic Equipments,Thiết bị điện tử
Electronics,Điện tử
Eligible ITC,Thuế đầu vào đủ điều kiện khấu trừ
Email Account,Tài khoản email
Email Address,Địa chỉ email
"Email Address must be unique, already exists for {0}","Địa chỉ email phải là duy nhất, đã tồn tại cho {0}"
Email Digest: ,Bản tin email:
Email Reminders will be sent to all parties with email contacts,Email nhắc việc sẽ được gửi tới tất cả các bên có email liên hệ
Email Sent,Đã gửi email
Email Template,Mẫu email
Email not found in default contact,Không tìm thấy email trong liên hệ mặc định
Email sent to {0},Đã gửi email tới {0}
Employee,Nhân viên
Employee Advances,Tạm ứng nhân viên
Employee ID,Mã nhân viên
Employee Lifecycle,Vòng đời nhân viên
Employee Name,Tên nhân viên
Employee Promotion cannot be submitted before Promotion Date ,Không thể gửi thăng chức nhân viên trước ngày thăng chức
Employee Transfer cannot be submitted before Transfer Date ,Không thể gửi điều chuyển nhân viên trước ngày điều chuyển
Employee cannot report to himself.,Nhân viên không thể báo cáo cho chính mình
Employee {0} has already applied for {1} between {2} and {3} : ,Nhân viên {0} đã đăng ký {1} trong khoảng {2} đến {3}
Employee {0} of grade {1} have no default leave policy,Nhân viên {0} thuộc cấp {1} không có chính sách nghỉ phép mặc định
Enable / disable currencies.,Bật / tắt tiền tệ
Enabled,Đã bật
"Enabling 'Use for Shopping Cart', as Shopping Cart is enabled and there should be at least one Tax Rule for Shopping Cart",Đang bật “Sử dụng cho giỏ hàng” vì giỏ hàng đang được bật và cần có ít nhất một quy tắc thuế cho giỏ hàng
End Date,Ngày kết thúc
End Date can not be less than Start Date,Ngày kết thúc không được nhỏ hơn ngày bắt đầu
End Date cannot be before Start Date.,Ngày kết thúc không được trước ngày bắt đầu
End Year,Năm kết thúc
End Year cannot be before Start Year,Năm kết thúc không được trước năm bắt đầu
End on,Kết thúc vào
Ends On date cannot be before Next Contact Date.,Ngày kết thúc không được trước ngày liên hệ tiếp theo
Energy,Năng lượng
Engineer,Kỹ sư
Enough Parts to Build,Đủ linh kiện để sản xuất
Enroll,Ghi danh
Enrolling student,Đang ghi danh học viên
Enrolling students,Đang ghi danh các học viên
Enter depreciation details,Nhập thông tin khấu hao
Enter the Bank Guarantee Number before submittting.,Nhập số bảo lãnh ngân hàng trước khi gửi
Enter the name of the Beneficiary before submittting.,Nhập tên người thụ hưởng trước khi gửi
Enter the name of the bank or lending institution before submittting.,Nhập tên ngân hàng hoặc tổ chức cho vay trước khi gửi
Enter value betweeen {0} and {1},Nhập giá trị trong khoảng {0} và {1}
Entertainment & Leisure,Giải trí & Nghỉ dưỡng
Entertainment Expenses,Chi phí giải trí
Equity,Vốn chủ sở hữu
Error Log,Nhật ký lỗi
Error evaluating the criteria formula,Lỗi khi đánh giá công thức tiêu chí
Error in formula or condition: {0},Lỗi trong công thức hoặc điều kiện: {0}
Error: Not a valid id?,Lỗi: Không phải ID hợp lệ?
Estimated Cost,Chi phí ước tính
"Even if there are multiple Pricing Rules with highest priority, then following internal priorities are applied:","Ngay cả khi có nhiều quy tắc giá có mức ưu tiên cao nhất, các mức ưu tiên nội bộ sau sẽ được áp dụng"
Exchange Gain/Loss,Lãi/Lỗ tỷ giá
Exchange Rate Revaluation master.,Danh mục đánh giá lại tỷ giá
Exchange Rate must be same as {0} {1} ({2}),Tỷ giá phải giống {0} {1} ({2})
Excise Invoice,Hóa đơn thuế tiêu thụ đặc biệt
Execution,Thực thi
Executive Search,Tuyển dụng điều hành
Expand All,Mở rộng tất cả
Expected Delivery Date,Ngày giao hàng dự kiến
Expected Delivery Date should be after Sales Order Date,Ngày giao hàng dự kiến phải sau ngày đơn bán hàng
Expected End Date,Ngày kết thúc dự kiến
Expected Hrs,Số giờ dự kiến
Expected Start Date,Ngày bắt đầu dự kiến
Expense,Chi phí
Expense / Difference account ({0}) must be a 'Profit or Loss' account,Tài khoản chi phí / chênh lệch ({0}) phải là tài khoản Lãi/Lỗ
Expense Account,Tài khoản chi phí
Expense Claim,Đề nghị thanh toán chi phí
Expense Claims,Các đề nghị thanh toán chi phí
Expense account is mandatory for item {0},Tài khoản chi phí là bắt buộc cho mặt hàng {0}
Expenses,Các khoản chi phí
Expenses Included In Asset Valuation,Chi phí được tính vào định giá tài sản
Expenses Included In Valuation,Chi phí được tính vào định giá
Expired Batches,Lô hàng đã hết hạn
Expires On,Hết hạn vào
Expiring On,Sắp hết hạn vào
Expiry (In Days),Thời hạn (ngày)
Explore,Khám phá
Export E-Invoices,Xuất hóa đơn điện tử
Extra Large,Rất lớn
Extra Small,Rất nhỏ
Fail,Thất bại
Failed,Không thành công
Failed to create website,Không tạo được website
Failed to install presets,Không cài đặt được cấu hình sẵn
Failed to login,Đăng nhập thất bại
Failed to setup company,Thiết lập công ty thất bại
Failed to setup defaults,Thiết lập mặc định thất bại
Failed to setup post company fixtures,Thiết lập dữ liệu sau tạo công ty thất bại
Fax,Fax
Fee,Học phí
Fee Created,Đã tạo học phí
Fee Creation Failed,Tạo học phí thất bại
Fee Creation Pending,Đang chờ tạo học phí
Fee Records Created - {0},Đã tạo hồ sơ học phí – {0}
Feedback,Phản hồi
Fees,Các khoản học phí
Female,Nữ
Fetch Data,Lấy dữ liệu
Fetch Subscription Updates,Lấy cập nhật đăng ký
Fetch exploded BOM (including sub-assemblies),Lấy BOM chi tiết (bao gồm bán thành phẩm)
Fetching records......,Đang lấy dữ liệu…
Field Name,Tên trường
Fieldname,Tên trường
Fields,Các trường dữ liệu
"Filter Fields Row #{0}: Fieldname <b>{1}</b> must be of type ""Link"" or ""Table MultiSelect""",Hàng bộ lọc #{0}: Trường <b>{1}</b> phải thuộc loại “Liên kết” hoặc “Bảng chọn nhiều”
Filter Total Zero Qty,Lọc tổng số lượng bằng 0
Finance Book,Sổ tài chính
Financial / accounting year.,Năm tài chính / kế toán
Financial Services,Dịch vụ tài chính
Financial Statements,Báo cáo tài chính
Financial Year,Năm tài chính
Finish,Hoàn tất
Finished Good,Thành phẩm
Finished Good Item Code,Mã thành phẩm
Finished Goods,Các thành phẩm
Finished Item {0} must be entered for Manufacture type entry,Mặt hàng thành phẩm {0} phải được nhập cho bút toán loại Sản xuất
Finished product quantity <b>{0}</b> and For Quantity <b>{1}</b> cannot be different,Số lượng thành phẩm <b>{0}</b> và số lượng theo kế hoạch <b>{1}</b> không được khác nhau
First Name,Tên
"Fiscal Regime is mandatory, kindly set the fiscal regime in the company {0}","Chế độ tài khóa là bắt buộc, vui lòng thiết lập cho công ty {0}"
Fiscal Year,Năm tài chính
Fiscal Year End Date should be one year after Fiscal Year Start Date,Ngày kết thúc năm tài chính phải sau ngày bắt đầu một năm
Fiscal Year Start Date and Fiscal Year End Date are already set in Fiscal Year {0},Ngày bắt đầu và kết thúc năm tài chính đã được thiết lập trong năm tài chính {0}
Fiscal Year Start Date should be one year earlier than Fiscal Year End Date,Ngày bắt đầu năm tài chính phải sớm hơn ngày kết thúc một năm
Fiscal Year {0} does not exist,Năm tài chính {0} không tồn tại
Fiscal Year {0} is required,Bắt buộc phải có năm tài chính {0}
Fixed Asset,Tài sản cố định
Fixed Asset Item must be a non-stock item.,Mặt hàng tài sản cố định phải là mặt hàng không tồn kho
Fixed Assets,Tài sản cố định
Following Material Requests have been raised automatically based on Item's re-order level,Các yêu cầu vật tư sau đã được tạo tự động dựa trên mức tồn kho đặt hàng lại
Following accounts might be selected in GST Settings:,Các tài khoản sau có thể được chọn trong cài đặt GST
Following course schedules were created,Các lịch học sau đã được tạo
Following item {0} is not marked as {1} item. You can enable them as {1} item from its Item master,Mặt hàng {0} sau chưa được đánh dấu là loại {1}. Bạn có thể bật trong danh mục mặt hàng
Following items {0} are not marked as {1} item. You can enable them as {1} item from its Item master,Các mặt hàng {0} sau chưa được đánh dấu là loại {1}. Bạn có thể bật trong danh mục mặt hàng
"Food, Beverage & Tobacco","Thực phẩm, đồ uống & thuốc lá"
For,Cho
"For 'Product Bundle' items, Warehouse, Serial No and Batch No will be considered from the 'Packing List' table. If Warehouse and Batch No are same for all packing items for any 'Product Bundle' item, those values can be entered in the main Item table, values will be copied to 'Packing List' table.","Đối với mặt hàng “Gói sản phẩm”, kho, số sê-ri và số lô sẽ được lấy từ bảng “Danh sách đóng gói”. Nếu kho và số lô giống nhau cho tất cả các mặt hàng đóng gói thì có thể nhập tại bảng mặt hàng chính, giá trị sẽ được sao chép sang bảng “Danh sách đóng gói”"
For Quantity (Manufactured Qty) is mandatory,Số lượng (sản xuất) là bắt buộc
For Supplier,Cho nhà cung cấp
For Warehouse,Cho kho
For Warehouse is required before Submit,Phải chọn kho trước khi gửi
"For an item {0}, quantity must be negative number","Với mặt hàng {0}, số lượng phải là số âm"
"For an item {0}, quantity must be positive number","Với mặt hàng {0}, số lượng phải là số dương"
"For job card {0}, you can only make the 'Material Transfer for Manufacture' type stock entry","Với thẻ công việc {0}, chỉ được tạo bút toán kho loại “Chuyển NVL cho sản xuất”"
"For row {0} in {1}. To include {2} in Item rate, rows {3} must also be included","Với dòng {0} trong {1}. Để đưa {2} vào đơn giá, các dòng {3} cũng phải được đưa vào"
For row {0}: Enter Planned Qty,Với dòng {0}: Nhập số lượng kế hoạch
"For {0}, only credit accounts can be linked against another debit entry","Với {0}, chỉ tài khoản ghi có mới được liên kết với một bút toán ghi nợ khác"
"For {0}, only debit accounts can be linked against another credit entry","Với {0}, chỉ tài khoản ghi nợ mới được liên kết với một bút toán ghi có khác"
Forum Activity,Hoạt động diễn đàn
Free item code is not selected,Chưa chọn mã mặt hàng tặng
Freight and Forwarding Charges,Chi phí vận chuyển và giao nhận
Frequency,Tần suất
Friday,Thứ Sáu
From,Từ
From Address 1,Từ địa chỉ 1
From Address 2,Từ địa chỉ 2
From Currency and To Currency cannot be same,Tiền tệ nguồn và tiền tệ đích không được giống nhau
From Date and To Date lie in different Fiscal Year,Ngày bắt đầu và kết thúc thuộc các năm tài chính khác nhau
From Date cannot be greater than To Date,Ngày bắt đầu không được sau ngày kết thúc
From Date must be before To Date,Ngày bắt đầu phải trước ngày kết thúc
From Date should be within the Fiscal Year. Assuming From Date = {0},Ngày bắt đầu phải nằm trong năm tài chính. Giả định ngày bắt đầu = {0}
From Datetime,Từ ngày giờ
From Delivery Note,Từ phiếu giao hàng
From Fiscal Year,Từ năm tài chính
From GSTIN,Từ GSTIN
From Party Name,Từ tên đối tác
From Pin Code,Từ mã bưu chính
From Place,Từ địa điểm
From Range has to be less than To Range,Giá trị từ phải nhỏ hơn giá trị đến
From State,Từ bang
From Time,Từ giờ
From Time Should Be Less Than To Time,Giờ bắt đầu phải nhỏ hơn giờ kết thúc
From Time cannot be greater than To Time.,Giờ bắt đầu không được lớn hơn giờ kết thúc
"From a supplier under composition scheme, Exempt and Nil rated","Từ nhà cung cấp theo chế độ khoán, miễn thuế và thuế suất 0%"
From and To dates required,Cần ngày bắt đầu và kết thúc
From value must be less than to value in row {0},Giá trị từ phải nhỏ hơn giá trị đến tại dòng {0}
From {0} | {1} {2},Từ {0} | {1} {2}
Fulfillment,Hoàn tất đơn hàng
Full Name,Họ và tên
Fully Depreciated,Đã khấu hao hết
Furnitures and Fixtures,Nội thất và trang thiết bị
"Further accounts can be made under Groups, but entries can be made against non-Groups","Có thể tạo thêm tài khoản dưới Nhóm, nhưng hạch toán chỉ thực hiện trên tài khoản không phải Nhóm"
Further cost centers can be made under Groups but entries can be made against non-Groups,"Có thể tạo thêm trung tâm chi phí dưới Nhóm, nhưng hạch toán chỉ thực hiện trên trung tâm chi phí không phải Nhóm"
Further nodes can be only created under 'Group' type nodes,Chỉ có thể tạo nút con dưới các nút loại “Nhóm”
GSTIN,GSTIN
GSTR3B-Form,Biểu mẫu GSTR3B
Gain/Loss on Asset Disposal,Lãi/Lỗ do thanh lý tài sản
Gantt Chart,Biểu đồ Gantt
Gantt chart of all tasks.,Biểu đồ Gantt của tất cả các công việc
Gender,Giới tính
General,Chung
General Ledger,Sổ cái tổng hợp
Generate Material Requests (MRP) and Work Orders.,Tạo yêu cầu vật tư (MRP) và lệnh sản xuất
Generate Secret,Tạo mã bí mật
Get Invocies,Lấy hóa đơn
Get Invoices,Lấy các hóa đơn
Get Invoices based on Filters,Lấy hóa đơn theo bộ lọc
Get Items from BOM,Lấy mặt hàng từ BOM
Get Items from Healthcare Services,Lấy mặt hàng từ dịch vụ y tế
Get Items from Prescriptions,Lấy mặt hàng từ đơn thuốc
Get Items from Product Bundle,Lấy mặt hàng từ gói sản phẩm
Get Suppliers,Lấy nhà cung cấp
Get Suppliers By,Lấy nhà cung cấp theo
Get Updates,Nhận cập nhật
Get customers from,Lấy khách hàng từ
Get from Patient Encounter,Lấy từ lần khám bệnh của bệnh nhân
Getting Started,Bắt đầu
GitHub Sync ID,ID đồng bộ GitHub
Global settings for all manufacturing processes.,Cài đặt chung cho tất cả các quy trình sản xuất
Go to the Desktop and start using ERPNext,Đi tới Desktop và bắt đầu sử dụng ERPNext
GoCardless SEPA Mandate,Ủy quyền ghi nợ SEPA GoCardless
GoCardless payment gateway settings,Cài đặt cổng thanh toán GoCardless
Goal and Procedure,Mục tiêu và quy trình
Goals cannot be empty,Mục tiêu không được để trống
Goods In Transit,Hàng đang vận chuyển
Goods Transferred,Hàng đã chuyển
Goods and Services Tax (GST India),Thuế hàng hóa và dịch vụ (GST Ấn Độ)
Goods are already received against the outward entry {0},Hàng đã được nhận theo phiếu xuất {0}
Government,Chính phủ
Grand Total,Tổng cộng
Grant,Tài trợ
Grant Application,Đơn xin tài trợ
Grant Leaves,Cấp nghỉ phép
Grant information.,Thông tin tài trợ
Grocery,Hàng tạp hóa
Gross Profit,Lợi nhuận gộp
Gross Profit %,Tỷ lệ lợi nhuận gộp %
Gross Profit / Loss,Lợi nhuận/Lỗ gộp
Gross Purchase Amount,Tổng giá trị mua
Gross Purchase Amount is mandatory,Bắt buộc nhập tổng giá trị mua
Group by Account,Nhóm theo tài khoản
Group by Party,Nhóm theo đối tượng
Group by Voucher,Nhóm theo chứng từ
Group by Voucher (Consolidated),Nhóm theo chứng từ (gộp)
Group node warehouse is not allowed to select for transactions,Không được chọn kho dạng nhóm cho giao dịch
Group to Non-Group,Chuyển từ nhóm sang không nhóm
Group your students in batches,Nhóm học viên theo lớp
Groups,Các nhóm
Guardian1 Email ID,Email người giám hộ 1
Guardian1 Mobile No,Số điện thoại người giám hộ 1
Guardian1 Name,Tên người giám hộ 1
Guardian2 Email ID,Email người giám hộ 2
Guardian2 Mobile No,Số điện thoại người giám hộ 2
Guardian2 Name,Tên người giám hộ 2
HR Manager,Quản lý nhân sự
HSN,HSN
HSN/SAC,HSN/SAC
Half Yearly,Nửa năm
Half-Yearly,Nửa năm
Hardware,Phần cứng
Head of Marketing and Sales,Trưởng bộ phận Marketing và Bán hàng
Health Care,Y tế
Healthcare,Chăm sóc sức khỏe
Healthcare (beta),Chăm sóc sức khỏe (beta)
Healthcare Practitioner,Nhân viên y tế
Healthcare Practitioner not available on {0},Nhân viên y tế không có vào {0}
Healthcare Practitioner {0} not available on {1},Nhân viên y tế {0} không có vào {1}
Healthcare Service Unit,Đơn vị dịch vụ y tế
Healthcare Service Unit Tree,Cây đơn vị dịch vụ y tế
Healthcare Service Unit Type,Loại đơn vị dịch vụ y tế
Healthcare Services,Dịch vụ y tế
Healthcare Settings,Cài đặt y tế
Help Results for,Kết quả trợ giúp cho
High,Cao
High Sensitivity,Độ nhạy cao
Hold,Tạm giữ
Hold Invoice,Giữ hóa đơn
Holiday,Ngày nghỉ
Holiday List,Danh sách ngày nghỉ
Hotel Rooms of type {0} are unavailable on {1},Phòng khách sạn loại {0} không có vào {1}
Hotels,Khách sạn
Hourly,Theo giờ
Hours,Số giờ
How Pricing Rule is applied?,Quy tắc giá được áp dụng như thế nào?
Hub Category,Danh mục Hub
Hub Sync ID,ID đồng bộ Hub
Human Resource,Nguồn nhân lực
Human Resources,Nhân sự
IGST Amount,Số tiền IGST
IP Address,Địa chỉ IP
ITC Available (whether in full op part),ITC được khấu trừ (toàn bộ hoặc một phần)
ITC Reversed,ITC bị đảo
Identifying Decision Makers,Xác định người ra quyết định
"If Auto Opt In is checked, then the customers will be automatically linked with the concerned Loyalty Program (on save)","Nếu chọn Tự động tham gia, khách hàng sẽ tự động được liên kết với Chương trình khách hàng thân thiết tương ứng (khi lưu)"
"If multiple Pricing Rules continue to prevail, users are asked to set Priority manually to resolve conflict.","Nếu tồn tại nhiều Quy tắc giá, người dùng sẽ được yêu cầu đặt mức ưu tiên thủ công để giải quyết xung đột"
"If selected Pricing Rule is made for 'Rate', it will overwrite Price List. Pricing Rule rate is the final rate, so no further discount should be applied. Hence, in transactions like Sales Order, Purchase Order etc, it will be fetched in 'Rate' field, rather than 'Price List Rate' field.","Nếu Quy tắc giá áp dụng cho “Đơn giá”, nó sẽ ghi đè Bảng giá. Đơn giá theo Quy tắc giá là đơn giá cuối cùng, do đó không áp dụng thêm chiết khấu. Trong các giao dịch như Đơn bán, Đơn mua…, giá sẽ được lấy ở trường “Đơn giá” thay vì “Đơn giá theo bảng giá”"
"If two or more Pricing Rules are found based on the above conditions, Priority is applied. Priority is a number between 0 to 20 while default value is zero (blank). Higher number means it will take precedence if there are multiple Pricing Rules with same conditions.","Nếu tìm thấy từ hai Quy tắc giá trở lên theo các điều kiện trên, mức ưu tiên sẽ được áp dụng. Ưu tiên là số từ 0 đến 20, mặc định là 0 (trống). Số lớn hơn sẽ được ưu tiên khi có nhiều Quy tắc giá cùng điều kiện"
"If unlimited expiry for the Loyalty Points, keep the Expiry Duration empty or 0.","Nếu điểm thưởng không giới hạn thời hạn, để trống hoặc nhập 0 cho Thời hạn hết hạn"
"If you have any questions, please get back to us.","Nếu bạn có câu hỏi, vui lòng liên hệ lại với chúng tôi"
Ignore Existing Ordered Qty,Bỏ qua số lượng đã đặt hiện có
Image,Hình ảnh
Image View,Chế độ xem hình ảnh
Import Data,Nhập dữ liệu
Import Day Book Data,Nhập dữ liệu sổ nhật ký ngày
Import Log,Nhật ký nhập
Import Master Data,Nhập dữ liệu danh mục
Import in Bulk,Nhập hàng loạt
Import of goods,Nhập khẩu hàng hóa
Import of services,Nhập khẩu dịch vụ
Importing Items and UOMs,Nhập mặt hàng và đơn vị tính
Importing Parties and Addresses,Nhập đối tác và địa chỉ
In Maintenance,Đang bảo trì
In Production,Đang sản xuất
In Qty,Số lượng nhập
In Stock Qty,Số lượng tồn kho
In Stock: ,Tồn kho:
In Value,Giá trị
"In the case of multi-tier program, Customers will be auto assigned to the concerned tier as per their spent","Trong trường hợp chương trình nhiều cấp, khách hàng sẽ được tự động gán vào cấp tương ứng theo mức chi tiêu"
Inactive,Không hoạt động
Incentives,Khuyến khích
Include Default FB Entries,Bao gồm bút toán FB mặc định
Include Exploded Items,Bao gồm mặt hàng tách rời
Include POS Transactions,Bao gồm giao dịch POS
Include UOM,Bao gồm đơn vị tính
Included in Gross Profit,Được tính trong lợi nhuận gộp
Income,Thu nhập
Income Account,Tài khoản thu nhập
Income Tax,Thuế thu nhập
Incoming,Đầu vào
Incoming Rate,Đơn giá đầu vào
Incorrect number of General Ledger Entries found. You might have selected a wrong Account in the transaction.,Phát hiện số lượng bút toán sổ cái không chính xác. Có thể bạn đã chọn sai tài khoản trong giao dịch
Increment cannot be 0,Mức tăng không được bằng 0
Increment for Attribute {0} cannot be 0,Mức tăng cho thuộc tính {0} không được bằng 0
Indirect Expenses,Chi phí gián tiếp
Indirect Income,Thu nhập gián tiếp
Individual,Cá nhân
Ineligible ITC,ITC không đủ điều kiện
Initiated,Khởi tạo
Inpatient Record,Hồ sơ điều trị nội trú
Installation Note,Biên bản lắp đặt
Installation Note {0} has already been submitted,Biên bản lắp đặt {0} đã được nộp
Installation date cannot be before delivery date for Item {0},Ngày lắp đặt không được trước ngày giao hàng cho mặt hàng {0}
Installing presets,Cài đặt sẵn
Institute Abbreviation,Viết tắt của học viện
Institute Name,Tên học viện
Instructor,Giảng viên
Insufficient Stock,Thiếu tồn kho
Insurance Start date should be less than Insurance End date,Ngày bắt đầu bảo hiểm phải nhỏ hơn ngày kết thúc bảo hiểm
Integrated Tax,Thuế tích hợp
Inter-State Supplies,Cung ứng liên bang
Internet Publishing,Xuất bản Internet
Intra-State Supplies,Cung ứng nội bang
Introduction,Giới thiệu
Invalid Attribute,Thuộc tính không hợp lệ
Invalid Blanket Order for the selected Customer and Item,Đơn đặt hàng khung không hợp lệ cho khách hàng và mặt hàng đã chọn
Invalid Company for Inter Company Transaction.,Công ty không hợp lệ cho giao dịch nội bộ
Invalid GSTIN! A GSTIN must have 15 characters.,GSTIN không hợp lệ! GSTIN phải có 15 ký tự
Invalid GSTIN! First 2 digits of GSTIN should match with State number {0}.,GSTIN không hợp lệ! Hai chữ số đầu của GSTIN phải khớp với mã bang {0}
Invalid GSTIN! The input you've entered doesn't match the format of GSTIN.,GSTIN không hợp lệ! Định dạng GSTIN không đúng
Invalid Posting Time,Thời gian ghi sổ không hợp lệ
Invalid attribute {0} {1},Thuộc tính không hợp lệ {0} {1}
Invalid quantity specified for item {0}. Quantity should be greater than 0.,Số lượng không hợp lệ cho mặt hàng {0}. Số lượng phải lớn hơn 0
Invalid reference {0} {1},Tham chiếu không hợp lệ {0} {1}
Invalid {0},{0} không hợp lệ
Invalid {0} for Inter Company Transaction.,{0} không hợp lệ cho giao dịch nội bộ
Invalid {0}: {1},{0} không hợp lệ: {1}
Inventory,Hàng tồn kho
Investment Banking,Ngân hàng đầu tư
Investments,Đầu tư
Invoice,Hóa đơn
Invoice Created,Hóa đơn đã được tạo
Invoice Discounting,Chiết khấu hóa đơn
Invoice Patient Registration,Đăng ký bệnh nhân trên hóa đơn
Invoice Posting Date,Ngày hạch toán hóa đơn
Invoice Type,Loại hóa đơn
Invoice already created for all billing hours,Hóa đơn đã được tạo cho tất cả các giờ tính phí
Invoice can't be made for zero billing hour,Không thể tạo hóa đơn khi số giờ tính phí bằng 0
Invoice {0} no longer exists,Hóa đơn {0} không còn tồn tại
Invoiced,Đã xuất hóa đơn
Invoiced Amount,Số tiền đã xuất hóa đơn
Invoices,Các hóa đơn
Invoices for Costumers.,Hóa đơn cho khách hàng
Inward supplies from ISD,Nguồn cung đầu vào từ ISD
Inward supplies liable to reverse charge (other than 1 & 2 above),Nguồn cung đầu vào chịu thuế theo cơ chế đảo chiều (ngoài 1 & 2 nêu trên)
Is Active,Đang hoạt động
Is Default,Mặc định
Is Existing Asset,Là tài sản hiện hữu
Is Frozen,Bị khóa
Is Group,Là nhóm
Issue,Vấn đề
Issue Material,Xuất vật tư
Issued,Đã xuất
Issues,Các vấn đề
It is needed to fetch Item Details.,Cần lấy chi tiết mặt hàng
Item,Mặt hàng
Item 1,Mặt hàng 1
Item 2,Mặt hàng 2
Item 3,Mặt hàng 3
Item 4,Mặt hàng 4
Item 5,Mặt hàng 5
Item Cart,Giỏ hàng
Item Code,Mã mặt hàng
Item Code cannot be changed for Serial No.,Không thể thay đổi mã mặt hàng cho số sê-ri
Item Code required at Row No {0},Yêu cầu mã mặt hàng tại dòng số {0}
Item Description,Mô tả mặt hàng
Item Group,Nhóm mặt hàng
Item Group Tree,Cây nhóm mặt hàng
Item Group not mentioned in item master for item {0},Nhóm mặt hàng chưa được khai báo trong danh mục mặt hàng cho mặt hàng {0}
Item Name,Tên mặt hàng
Item Price added for {0} in Price List {1},Đã thêm giá mặt hàng cho {0} vào bảng giá {1}
"Item Price appears multiple times based on Price List, Supplier/Customer, Currency, Item, UOM, Qty and Dates.","Giá mặt hàng xuất hiện nhiều lần theo bảng giá, nhà cung cấp/khách hàng, tiền tệ, mặt hàng, đơn vị tính, số lượng và thời gian"
Item Price updated for {0} in Price List {1},Đã cập nhật giá mặt hàng cho {0} trong bảng giá {1}
Item Row {0}: {1} {2} does not exist in above '{1}' table,Dòng mặt hàng {0}: {1} {2} không tồn tại trong bảng '{1}' ở trên
Item Tax Row {0} must have account of type Tax or Income or Expense or Chargeable,"Dòng thuế mặt hàng {0} phải có tài khoản thuộc loại Thuế, Thu nhập, Chi phí hoặc Có thể tính phí"
Item Template,Mẫu mặt hàng
Item Variant Settings,Cài đặt biến thể mặt hàng
Item Variant {0} already exists with same attributes,Biến thể mặt hàng {0} đã tồn tại với cùng thuộc tính
Item Variants,Các biến thể mặt hàng
Item Variants updated,Đã cập nhật các biến thể mặt hàng
Item has variants.,Mặt hàng có biến thể
Item must be added using 'Get Items from Purchase Receipts' button,Mặt hàng phải được thêm bằng nút “Lấy mặt hàng từ phiếu nhập mua”
Item valuation rate is recalculated considering landed cost voucher amount,Đơn giá định giá mặt hàng được tính lại có xét đến chi phí phân bổ
Item variant {0} exists with same attributes,Biến thể mặt hàng {0} tồn tại với cùng thuộc tính
Item {0} does not exist,Mặt hàng {0} không tồn tại
Item {0} does not exist in the system or has expired,Mặt hàng {0} không tồn tại trong hệ thống hoặc đã hết hạn
Item {0} has already been returned,Mặt hàng {0} đã được trả lại
Item {0} has been disabled,Mặt hàng {0} đã bị vô hiệu hóa
Item {0} has reached its end of life on {1},Mặt hàng {0} đã hết vòng đời vào ngày {1}
Item {0} ignored since it is not a stock item,Mặt hàng {0} bị bỏ qua vì không phải mặt hàng tồn kho
"Item {0} is a template, please select one of its variants","Mặt hàng {0} là mẫu, vui lòng chọn một trong các biến thể"
Item {0} is cancelled,Mặt hàng {0} đã bị hủy
Item {0} is disabled,Mặt hàng {0} đã bị vô hiệu hóa
Item {0} is not a serialized Item,Mặt hàng {0} không phải là mặt hàng có số sê-ri
Item {0} is not a stock Item,Mặt hàng {0} không phải là mặt hàng tồn kho
Item {0} is not active or end of life has been reached,Mặt hàng {0} không còn hoạt động hoặc đã hết vòng đời
Item {0} is not setup for Serial Nos. Check Item master,Mặt hàng {0} chưa được thiết lập số sê-ri. Kiểm tra danh mục mặt hàng
Item {0} is not setup for Serial Nos. Column must be blank,Mặt hàng {0} chưa được thiết lập số sê-ri. Cột phải để trống
Item {0} must be a Fixed Asset Item,Mặt hàng {0} phải là tài sản cố định
Item {0} must be a Sub-contracted Item,Mặt hàng {0} phải là mặt hàng gia công ngoài
Item {0} must be a non-stock item,Mặt hàng {0} phải là mặt hàng không tồn kho
Item {0} must be a stock Item,Mặt hàng {0} phải là mặt hàng tồn kho
Item {0} not found,Không tìm thấy mặt hàng {0}
Item {0} not found in 'Raw Materials Supplied' table in Purchase Order {1},Không tìm thấy mặt hàng {0} trong bảng “Nguyên vật liệu cung ứng” của Đơn mua {1}
Item {0}: Ordered qty {1} cannot be less than minimum order qty {2} (defined in Item).,Mặt hàng {0}: số lượng đặt {1} không được nhỏ hơn số lượng đặt tối thiểu {2} (được định nghĩa trong mặt hàng)
Item: {0} does not exist in the system,Mặt hàng: {0} không tồn tại trong hệ thống
Items,Các mặt hàng
Items Filter,Bộ lọc mặt hàng
Items and Pricing,Mặt hàng và định giá
Items for Raw Material Request,Mặt hàng cho yêu cầu nguyên vật liệu
Job Card,Thẻ công việc
Job card {0} created,Đã tạo thẻ công việc {0}
Join,Tham gia
Journal Entries {0} are un-linked,Các bút toán nhật ký {0} chưa được liên kết
Journal Entry,Bút toán nhật ký
Journal Entry {0} does not have account {1} or already matched against other voucher,Bút toán nhật ký {0} không có tài khoản {1} hoặc đã được đối soát với chứng từ khác
Kanban Board,Bảng Kanban
Key Reports,Báo cáo trọng yếu
LMS Activity,Hoạt động LMS
Lab Test,Xét nghiệm
Lab Test Report,Báo cáo xét nghiệm
Lab Test Sample,Mẫu xét nghiệm
Lab Test Template,Mẫu xét nghiệm chuẩn
Lab Test UOM,Đơn vị tính xét nghiệm
Lab Tests and Vital Signs,Xét nghiệm và chỉ số sinh tồn
Lab result datetime cannot be before testing datetime,Thời điểm có kết quả xét nghiệm không được trước thời điểm xét nghiệm
Lab testing datetime cannot be before collection datetime,Thời điểm xét nghiệm không được trước thời điểm lấy mẫu
Label,Nhãn
Laboratory,Phòng thí nghiệm
Large,Lớn
Last Communication,Liên lạc gần nhất
Last Communication Date,Ngày liên lạc gần nhất
Last Name,Họ
Last Order Amount,Giá trị đơn hàng gần nhất
Last Order Date,Ngày đặt hàng gần nhất
Last Purchase Price,Giá mua gần nhất
Last Purchase Rate,Đơn giá mua gần nhất
Latest,Mới nhất
Latest price updated in all BOMs,Giá mới nhất đã được cập nhật trong tất cả BOM
Lead,Khách hàng tiềm năng
Lead Count,Số lượng khách hàng tiềm năng
Lead Owner,Chủ sở hữu khách hàng tiềm năng
Lead Owner cannot be same as the Lead,Chủ sở hữu không được trùng với khách hàng tiềm năng
Lead Time Days,Số ngày thời gian dẫn
Lead to Quotation,Từ khách hàng tiềm năng sang báo giá
"Leads help you get business, add all your contacts and more as your leads","Khách hàng tiềm năng giúp bạn phát triển kinh doanh, hãy thêm tất cả liên hệ của bạn làm khách hàng tiềm năng"
Learn,Học
Leave Management,Quản lý nghỉ phép
Leave and Attendance,Nghỉ phép và chấm công
Leave application {0} already exists against the student {1},Đơn xin nghỉ phép {0} đã tồn tại cho học viên {1}
Leaves has been granted sucessfully,Đã cấp nghỉ phép thành công
Leaves must be allocated in multiples of 0.5,"Nghỉ phép phải được phân bổ theo bội số của 0,5"
Ledger,Sổ cái
Legal,Pháp lý
Legal Expenses,Chi phí pháp lý
Letter Head,Tiêu đề thư
Letter Heads for print templates.,Tiêu đề thư cho mẫu in
Level,Cấp độ
Liability,Nợ phải trả
Limit Crossed,Vượt hạn mức
Link to Material Request,Liên kết tới yêu cầu vật tư
List of all share transactions,Danh sách tất cả các giao dịch cổ phần
List of available Shareholders with folio numbers,Danh sách cổ đông hiện có kèm số folio
Loading Payment System,Đang tải hệ thống thanh toán
Loan,Khoản vay
Loan Start Date and Loan Period are mandatory to save the Invoice Discounting,Ngày bắt đầu và thời hạn vay là bắt buộc để lưu chiết khấu hóa đơn
Loans (Liabilities),Các khoản vay (Nợ phải trả)
Loans and Advances (Assets),Vay và tạm ứng (Tài sản)
Local,Nội địa
Logs for maintaining sms delivery status,Nhật ký theo dõi trạng thái gửi SMS
Lost,Mất
Lost Reasons,Lý do mất
Low,Thấp
Low Sensitivity,Độ nhạy thấp
Lower Income,Thu nhập thấp
Loyalty Amount,Giá trị tích điểm
Loyalty Point Entry,Bút toán điểm thưởng
Loyalty Points,Điểm thưởng
"Loyalty Points will be calculated from the spent done (via the Sales Invoice), based on collection factor mentioned.","Điểm thưởng sẽ được tính dựa trên chi tiêu (qua hóa đơn bán hàng), theo hệ số thu được khai báo"
Loyalty Points: {0},Điểm thưởng: {0}
Loyalty Program,Chương trình khách hàng thân thiết
Main,Chính
Maintenance,Bảo trì
Maintenance Log,Nhật ký bảo trì
Maintenance Manager,Quản lý bảo trì
Maintenance Schedule,Lịch bảo trì
Maintenance Schedule is not generated for all the items. Please click on 'Generate Schedule',Chưa tạo lịch bảo trì cho tất cả mặt hàng. Vui lòng nhấn “Tạo lịch”
Maintenance Schedule {0} exists against {1},Lịch bảo trì {0} tồn tại cho {1}
Maintenance Schedule {0} must be cancelled before cancelling this Sales Order,Phải hủy lịch bảo trì {0} trước khi hủy đơn bán này
Maintenance Status has to be Cancelled or Completed to Submit,Trạng thái bảo trì phải là Đã hủy hoặc Hoàn tất để nộp
Maintenance User,Người dùng bảo trì
Maintenance Visit,Lần bảo trì
Maintenance Visit {0} must be cancelled before cancelling this Sales Order,Phải hủy lần bảo trì {0} trước khi hủy đơn bán này
Maintenance start date can not be before delivery date for Serial No {0},Ngày bắt đầu bảo trì không được trước ngày giao hàng cho số sê-ri {0}
Make,Tạo
Make Payment,Thực hiện thanh toán
Make project from a template.,Tạo dự án từ mẫu
Making Stock Entries,Tạo bút toán kho
Male,Nam
Manage Customer Group Tree.,Quản lý cây nhóm khách hàng
Manage Sales Partners.,Quản lý cây đối tác bán hàng
Manage Sales Person Tree.,Quản lý cây nhân viên bán hàng
Manage Territory Tree.,Quản lý cây khu vực
Manage your orders,Quản lý đơn hàng của bạn
Management,Quản lý
Manager,Quản lý
Managing Projects,Quản lý dự án
Managing Subcontracting,Quản lý gia công ngoài
Mandatory,Bắt buộc
Mandatory field - Academic Year,Trường bắt buộc – Năm học
Mandatory field - Get Students From,Trường bắt buộc – Lấy học viên từ
Mandatory field - Program,Trường bắt buộc – Chương trình
Manufacture,Sản xuất
Manufacturer,Nhà sản xuất
Manufacturer Part Number,Mã linh kiện của nhà sản xuất
Manufacturing,Sản xuất
Manufacturing Quantity is mandatory,Số lượng sản xuất là bắt buộc
Mapping,Ánh xạ
Mapping Type,Loại ánh xạ
Mark Absent,Đánh dấu vắng
Mark Half Day,Đánh dấu nửa ngày
Mark Present,Đánh dấu có mặt
Marketing Expenses,Chi phí tiếp thị
Marketplace,Chợ điện tử
Marketplace Error,Lỗi chợ điện tử
Masters,Danh mục gốc
Match Payments with Invoices,Đối soát thanh toán với hóa đơn
Match non-linked Invoices and Payments.,Đối soát hóa đơn và thanh toán chưa liên kết
Material,Vật tư
Material Consumption,Tiêu hao vật tư
Material Consumption is not set in Manufacturing Settings.,Tiêu hao vật tư chưa được thiết lập trong cài đặt sản xuất
Material Receipt,Phiếu nhập vật tư
Material Request,Yêu cầu vật tư
Material Request Date,Ngày yêu cầu vật tư
Material Request No,Số yêu cầu vật tư
"Material Request not created, as quantity for Raw Materials already available.",Không tạo yêu cầu vật tư vì nguyên vật liệu đã đủ số lượng
Material Request of maximum {0} can be made for Item {1} against Sales Order {2},Có thể tạo tối đa {0} yêu cầu vật tư cho mặt hàng {1} theo đơn bán {2}
Material Request to Purchase Order,Yêu cầu vật tư sang đơn mua
Material Request {0} is cancelled or stopped,Yêu cầu vật tư {0} đã bị hủy hoặc dừng
Material Request {0} submitted.,Yêu cầu vật tư {0} đã được nộp
Material Transfer,Chuyển vật tư
Material Transferred,Đã chuyển vật tư
Material to Supplier,Vật tư gửi nhà cung cấp
Max discount allowed for item: {0} is {1}%,Chiết khấu tối đa cho mặt hàng {0} là {1}%
Max: {0},Tối đa: {0}
Maximum Samples - {0} can be retained for Batch {1} and Item {2}.,Số mẫu tối đa – có thể giữ {0} cho lô {1} và mặt hàng {2}
Maximum Samples - {0} have already been retained for Batch {1} and Item {2} in Batch {3}.,Số mẫu tối đa – đã giữ {0} cho lô {1} và mặt hàng {2} trong lô {3}
Maximum discount for Item {0} is {1}%,Chiết khấu tối đa cho mặt hàng {0} là {1}%
Medical Code,Mã y tế
Medical Code Standard,Chuẩn mã y tế
Medical Department,Khoa y tế
Medical Record,Hồ sơ y tế
Medium,Trung bình
Member Activity,Hoạt động thành viên
Member ID,Mã thành viên
Member Name,Tên thành viên
Member information.,Thông tin thành viên
Membership,Thành viên
Membership Details,Chi tiết thành viên
Membership ID,Mã thành viên
Membership Type,Loại thành viên
Memebership Details,Chi tiết loại thành viên
Memebership Type Details,Gộp
Merge,Gộp tài khoản
Merge Account,Gộp với tài khoản hiện có
Merge with Existing Account,"Chỉ có thể gộp nếu các thuộc tính sau giống nhau ở cả hai bản ghi: Là nhóm, Loại gốc, Công ty"
"Merging is only possible if following properties are same in both records. Is Group, Root Type, Company",Ví dụ thông báo
Message Examples,Đã gửi thông báo
Message Sent,Phương thức
Method,Thu nhập trung bình
Middle Income,Tên đệm
Middle Name,Tên đệm (tùy chọn)
Middle Name (Optional),Số tiền tối thiểu không được lớn hơn số tiền tối đa
Min Amt can not be greater than Max Amt,Số lượng tối thiểu không được lớn hơn số lượng tối đa
Min Qty can not be greater than Max Qty,Tuổi tối thiểu của khách hàng tiềm năng (ngày)
Minimum Lead Age (Days),Chi phí khác
Miscellaneous Expenses,Thiếu tỷ giá hối đoái cho {0}
Missing Currency Exchange Rates for {0},Thiếu mẫu email để gửi. Vui lòng thiết lập trong cài đặt giao hàng
Missing email template for dispatch. Please set one in Delivery Settings.,"Thiếu giá trị cho Mật khẩu, API Key hoặc URL Shopify"
"Missing value for Password, API Key or Shopify URL",Phương thức thanh toán
Mode of Payment,Các phương thức thanh toán
Mode of Payments,Phương thức vận chuyển
Mode of Transport,Hình thức vận chuyển
Mode of Transportation,Mẫu
Model,Độ nhạy trung bình
Moderate Sensitivity,Thứ Hai
Monday,Hàng tháng
Monthly,Phân bổ hàng tháng
Monthly Distribution,Thêm
More,Thông tin thêm
More Information,Thêm…
More...,Điện ảnh & Video
Motion Picture & Video,Di chuyển
Move,Di chuyển mặt hàng
Move Item,Đa tiền tệ
Multi Currency,Nhiều mức giá mặt hàng
Multiple Item prices.,Tìm thấy nhiều chương trình khách hàng thân thiết cho khách hàng. Vui lòng chọn thủ công
Multiple Loyalty Program found for the Customer. Please select manually.,"Tồn tại nhiều quy tắc giá cùng tiêu chí, vui lòng giải quyết xung đột bằng cách gán mức ưu tiên. Quy tắc giá: {0}"
"Multiple Price Rules exists with same criteria, please resolve conflict by assigning priority. Price Rules: {0}",Nhiều biến thể
Multiple Variants,Tồn tại nhiều năm tài chính cho ngày {0}. Vui lòng thiết lập công ty trong năm tài chính
Multiple fiscal years exist for the date {0}. Please set company in Fiscal Year,Âm nhạc
Music,Lỗi tên: {0}
Name error: {0},Tên tài khoản mới. Lưu ý: Không tạo tài khoản cho khách hàng và nhà cung cấp
Name of new Account. Note: Please don't create accounts for Customers and Suppliers,Tên hoặc email là bắt buộc
Name or Email is mandatory,Bản chất của nguồn cung
Nature Of Supplies,Điều hướng
Navigating,Phân tích nhu cầu
Needs Analysis,Không cho phép số lượng âm
Negative Quantity is not allowed,Không cho phép đơn giá định giá âm
Negative Valuation Rate is not allowed,Tỷ lệ định giá âm không được phép
Negotiation/Review,Đàm phán/Rà soát
Net Asset value as on,Giá trị tài sản ròng tại thời điểm
Net Cash from Financing,Dòng tiền thuần từ hoạt động tài chính
Net Cash from Investing,Dòng tiền thuần từ hoạt động đầu tư
Net Cash from Operations,Dòng tiền thuần từ hoạt động kinh doanh
Net Change in Accounts Payable,Thay đổi ròng của các khoản phải trả
Net Change in Accounts Receivable,Thay đổi ròng của các khoản phải thu
Net Change in Cash,Thay đổi ròng của tiền mặt
Net Change in Equity,Thay đổi ròng của vốn chủ sở hữu
Net Change in Fixed Asset,Thay đổi ròng của tài sản cố định
Net Change in Inventory,Thay đổi ròng của hàng tồn kho
Net ITC Available(A) - (B),ITC ròng được khấu trừ (A) – (B)
Net Profit,Lợi nhuận ròng
Net Total,Tổng ròng
New Account Name,Tên tài khoản mới
New Address,Địa chỉ mới
New BOM,Định mức nguyên vật liệu mới
New Batch ID (Optional),Mã lô mới (tùy chọn)
New Batch Qty,Số lượng lô mới
New Company,Công ty mới
New Cost Center Name,Tên trung tâm chi phí mới
New Customer Revenue,Doanh thu khách hàng mới
New Customers,Khách hàng mới
New Department,Phòng ban mới
New Employee,Nhân viên mới
New Location,Địa điểm mới
New Quality Procedure,Quy trình chất lượng mới
New Sales Invoice,Hóa đơn bán hàng mới
New Sales Person Name,Tên nhân viên bán hàng mới
New Serial No cannot have Warehouse. Warehouse must be set by Stock Entry or Purchase Receipt,"Số sê-ri mới không được gắn kho, kho phải được thiết lập bằng phiếu nhập kho hoặc phiếu mua hàng"
New Warehouse Name,Tên kho mới
New credit limit is less than current outstanding amount for the customer. Credit limit has to be atleast {0},"Hạn mức tín dụng mới nhỏ hơn số dư công nợ hiện tại của khách hàng, hạn mức tín dụng phải tối thiểu là {0}"
New task,Công việc mới
New {0} pricing rules are created,Đã tạo quy tắc định giá {0} mới
Newspaper Publishers,Nhà xuất bản báo chí
Next,Tiếp theo
Next Contact By cannot be same as the Lead Email Address,Người liên hệ tiếp theo không được trùng với địa chỉ email của khách hàng tiềm năng
Next Contact Date cannot be in the past,Ngày liên hệ tiếp theo không được là ngày trong quá khứ
Next Steps,Các bước tiếp theo
No Action,Không có hành động
No Customers yet!,Chưa có khách hàng
No Data,Không có dữ liệu
No Delivery Note selected for Customer {},Chưa chọn phiếu giao hàng cho khách hàng {}
No Item with Barcode {0},Không có mặt hàng nào với mã vạch {0}
No Item with Serial No {0},Không có mặt hàng nào với số sê-ri {0}
No Items available for transfer,Không có mặt hàng nào khả dụng để chuyển
No Items selected for transfer,Chưa chọn mặt hàng để chuyển
No Items to pack,Không có mặt hàng để đóng gói
No Items with Bill of Materials to Manufacture,Không có mặt hàng nào có định mức nguyên vật liệu để sản xuất
No Items with Bill of Materials.,Không có mặt hàng nào có định mức nguyên vật liệu
No Permission,Không có quyền truy cập
No Remarks,Không có ghi chú
No Result to submit,Không có kết quả để gửi
No Student Groups created.,Chưa tạo nhóm học viên
No Students in,Không có học viên trong
No Tax Withholding data found for the current Fiscal Year.,Không tìm thấy dữ liệu thuế khấu trừ cho năm tài chính hiện tại
No Work Orders created,Chưa tạo lệnh sản xuất
No accounting entries for the following warehouses,Không có bút toán kế toán cho các kho sau
No contacts with email IDs found.,Không tìm thấy liên hệ có địa chỉ email
No data for this period,Không có dữ liệu cho kỳ này
No description given,Không có mô tả
No employees for the mentioned criteria,Không có nhân viên phù hợp với tiêu chí đã nêu
No gain or loss in the exchange rate,Không có lãi hoặc lỗ do chênh lệch tỷ giá
No items listed,Không có mặt hàng nào được liệt kê
No items to be received are overdue,Không có mặt hàng nào cần nhận quá hạn
No material request created,Chưa tạo yêu cầu vật tư
No of Interactions,Số lượng tương tác
No of Shares,Số lượng chia sẻ
No pending Material Requests found to link for the given items.,Không có yêu cầu vật tư chờ xử lý để liên kết cho các mặt hàng đã cho
No products found,Không tìm thấy sản phẩm
No products found.,Không tìm thấy sản phẩm
No record found,Không tìm thấy bản ghi
No records found in the Invoice table,Không tìm thấy bản ghi trong bảng hóa đơn
No records found in the Payment table,Không tìm thấy bản ghi trong bảng thanh toán
No tasks,Không có công việc
No time sheets,Không có bảng chấm công
No values,Không có giá trị
No {0} found for Inter Company Transactions.,Không tìm thấy {0} cho giao dịch nội bộ giữa các công ty
Non GST Inward Supplies,Nguồn cung đầu vào không chịu thuế GST
Non Profit,Phi lợi nhuận
Non Profit (beta),Phi lợi nhuận (thử nghiệm)
Non-GST outward supplies,Nguồn cung đầu ra không chịu thuế GST
Non-Group to Group,Không thuộc nhóm sang nhóm
None,Không có
None of the items have any change in quantity or value.,Không có mặt hàng nào thay đổi số lượng hoặc giá trị
Nos,Số lượng
Not Available,Không khả dụng
Not Marked,Chưa đánh dấu
Not Paid and Not Delivered,Chưa thanh toán và chưa giao hàng
Not Permitted,Không được phép
Not Started,Chưa bắt đầu
Not active,Không hoạt động
Not allow to set alternative item for the item {0},Không cho phép thiết lập mặt hàng thay thế cho mặt hàng {0}
Not allowed to update stock transactions older than {0},Không cho phép cập nhật giao dịch tồn kho cũ hơn {0}
Not authorized to edit frozen Account {0},Không được phép chỉnh sửa tài khoản đã bị khóa {0}
Not authroized since {0} exceeds limits,Không được phép vì {0} vượt quá giới hạn
Not permitted for {0},Không được phép đối với {0}
"Not permitted, configure Lab Test Template as required","Không được phép, vui lòng cấu hình mẫu xét nghiệm theo yêu cầu"
Not permitted. Please disable the Service Unit Type,"Không được phép, vui lòng tắt loại đơn vị dịch vụ"
Note: Due / Reference Date exceeds allowed customer credit days by {0} day(s),Lưu ý: Ngày đến hạn / ngày tham chiếu vượt quá số ngày tín dụng cho phép của khách hàng là {0} ngày
Note: Item {0} entered multiple times,Lưu ý: Mặt hàng {0} được nhập nhiều lần
Note: Payment Entry will not be created since 'Cash or Bank Account' was not specified,Lưu ý: Sẽ không tạo bút toán thanh toán vì chưa chỉ định tài khoản tiền mặt hoặc ngân hàng
Note: System will not check over-delivery and over-booking for Item {0} as quantity or amount is 0,Lưu ý: Hệ thống sẽ không kiểm tra giao vượt hoặc đặt vượt cho mặt hàng {0} vì số lượng hoặc giá trị bằng 0
Note: There is not enough leave balance for Leave Type {0},Lưu ý: Không đủ số dư phép cho loại phép {0}
Note: This Cost Center is a Group. Cannot make accounting entries against groups.,"Lưu ý: Trung tâm chi phí này là nhóm, không thể ghi nhận bút toán kế toán"
Note: {0},Lưu ý: {0}
Notes,Ghi chú
Nothing is included in gross,Không có gì được bao gồm trong tổng gộp
Nothing more to show.,Không còn gì để hiển thị
Notify Customers via Email,Thông báo cho khách hàng qua email
Number,Số
Number of Depreciations Booked cannot be greater than Total Number of Depreciations,Số lần khấu hao đã ghi nhận không được lớn hơn tổng số lần khấu hao
Number of Interaction,Số lượng tương tác
Number of Order,Số đơn hàng
"Number of new Account, it will be included in the account name as a prefix","Số lượng tài khoản mới, sẽ được thêm vào làm tiền tố trong tên tài khoản"
"Number of new Cost Center, it will be included in the cost center name as a prefix","Số lượng trung tâm chi phí mới, sẽ được thêm vào làm tiền tố trong tên trung tâm chi phí"
Number of root accounts cannot be less than 4,Số lượng tài khoản gốc không được nhỏ hơn 4
Odometer,Công tơ mét
Office Equipments,Thiết bị văn phòng
Office Maintenance Expenses,Chi phí bảo trì văn phòng
Office Rent,Tiền thuê văn phòng
On Hold,Tạm dừng
On Net Total,Trên tổng ròng
One customer can be part of only single Loyalty Program.,Một khách hàng chỉ có thể tham gia một chương trình khách hàng thân thiết
Online Auctions,Đấu giá trực tuyến
"Only the Student Applicant with the status ""Approved"" will be selected in the table below.",Chỉ hồ sơ học viên có trạng thái “Đã phê duyệt” mới được chọn trong bảng bên dưới
Only users with {0} role can register on Marketplace,Chỉ người dùng có vai trò {0} mới được đăng ký trên Marketplace
Open BOM {0},Mở định mức nguyên vật liệu {0}
Open Item {0},Mở mặt hàng {0}
Open Notifications,Mở thông báo
Open Orders,Mở đơn hàng
Open a new ticket,Mở một yêu cầu hỗ trợ mới
Opening,Số dư đầu kỳ
Opening (Cr),Số dư đầu kỳ (Có)
Opening (Dr),Số dư đầu kỳ (Nợ)
Opening Accounting Balance,Số dư kế toán đầu kỳ
Opening Accumulated Depreciation,Khấu hao lũy kế đầu kỳ
Opening Accumulated Depreciation must be less than equal to {0},Khấu hao lũy kế đầu kỳ phải nhỏ hơn hoặc bằng {0}
Opening Balance,Số dư đầu kỳ
Opening Balance Equity,Vốn chủ sở hữu đầu kỳ
Opening Date and Closing Date should be within same Fiscal Year,Ngày bắt đầu và ngày kết thúc phải nằm trong cùng một năm tài chính
Opening Date should be before Closing Date,Ngày bắt đầu phải trước ngày kết thúc
Opening Entry Journal,Bút toán mở đầu kỳ
Opening Invoice Creation Tool,Công cụ tạo hóa đơn đầu kỳ
Opening Invoice Item,Dòng hóa đơn đầu kỳ
Opening Invoices,Các hóa đơn đầu kỳ
Opening Invoices Summary,Tổng hợp hóa đơn đầu kỳ
Opening Qty,Số lượng đầu kỳ
Opening Stock,Tồn kho đầu kỳ
Opening Stock Balance,Số dư tồn kho đầu kỳ
Opening Value,Giá trị đầu kỳ
Opening {0} Invoice created,Đã tạo hóa đơn đầu kỳ {0}
Operation,Công đoạn
Operation Time must be greater than 0 for Operation {0},Thời gian công đoạn phải lớn hơn 0 đối với công đoạn {0}
"Operation {0} longer than any available working hours in workstation {1}, break down the operation into multiple operations","Công đoạn {0} dài hơn thời gian làm việc khả dụng tại trạm {1}, hãy chia nhỏ công đoạn"
Operations,Các công đoạn
Operations cannot be left blank,Không được để trống công đoạn
Opp Count,Số cơ hội
Opp/Lead %,Tỷ lệ cơ hội/khách tiềm năng
Opportunities,Các cơ hội
Opportunities by lead source,Cơ hội theo nguồn khách
Opportunity,Cơ hội
Opportunity Amount,Giá trị cơ hội
"Optional. Sets company's default currency, if not specified.","Tùy chọn, thiết lập tiền tệ mặc định của công ty nếu chưa chỉ định"
Optional. This setting will be used to filter in various transactions.,"Tùy chọn, thiết lập này sẽ dùng để lọc trong các giao dịch"
Options,Tùy chọn
Order Count,Số đơn hàng
Order Entry,Nhập đơn hàng
Order Value,Giá trị đơn hàng
Order rescheduled for sync,Đơn hàng đã được lên lịch lại để đồng bộ
Order/Quot %,Tỷ lệ đơn hàng/báo giá
Ordered,Đã đặt
Ordered Qty,Số lượng đã đặt
"Ordered Qty: Quantity ordered for purchase, but not received.",Số lượng đã đặt: số lượng đặt mua nhưng chưa nhận
Orders,Các đơn hàng
Orders released for production.,Đơn hàng đã phát hành cho sản xuất
Organization,Tổ chức
Organization Name,Tên tổ chức
Other,Khác
Other Reports,Báo cáo khác
"Other outward supplies(Nil rated,Exempted)","Nguồn cung đầu ra khác (không chịu thuế, được miễn)"
Out Qty,Số lượng xuất
Out Value,Giá trị xuất
Out of Order,Ngừng hoạt động
Outgoing,Xuất đi
Outstanding,Còn nợ
Outstanding Amount,Số tiền còn nợ
Outstanding Amt,Số tiền còn nợ
Outstanding Cheques and Deposits to clear,Séc và tiền gửi chờ đối soát
Outstanding for {0} cannot be less than zero ({1}),Công nợ của {0} không được nhỏ hơn 0 ({1})
Outward taxable supplies(zero rated),Nguồn cung chịu thuế đầu ra (thuế suất 0%)
Overdue,Quá hạn
Overlap in scoring between {0} and {1},Chồng chéo điểm số giữa {0} và {1}
Overlapping conditions found between:,Phát hiện điều kiện chồng chéo giữa
Owner,Chủ sở hữu
PAN,Mã số thuế
POS,Điểm bán hàng
POS Profile,Hồ sơ POS
POS Profile is required to use Point-of-Sale,Cần hồ sơ POS để sử dụng điểm bán hàng
POS Profile required to make POS Entry,Cần hồ sơ POS để tạo giao dịch POS
POS Settings,Thiết lập POS
Packed quantity must equal quantity for Item {0} in row {1},Số lượng đóng gói phải bằng số lượng của mặt hàng {0} tại dòng {1}
Packing Slip,Phiếu đóng gói
Packing Slip(s) cancelled,Phiếu đóng gói đã hủy
Paid,Đã thanh toán
Paid Amount,Số tiền đã thanh toán
Paid Amount cannot be greater than total negative outstanding amount {0},Số tiền đã thanh toán không được lớn hơn tổng công nợ âm {0}
Paid amount + Write Off Amount can not be greater than Grand Total,Số tiền đã thanh toán cộng số tiền xóa nợ không được lớn hơn tổng cộng
Paid and Not Delivered,Đã thanh toán nhưng chưa giao hàng
Parameter,Tham số
Parent Item {0} must not be a Stock Item,Mặt hàng cha {0} không được là mặt hàng tồn kho
Parents Teacher Meeting Attendance,Điểm danh họp phụ huynh – giáo viên
Partially Depreciated,Đã khấu hao một phần
Partially Received,Đã nhận một phần
Party,Đối tác
Party Name,Tên đối tác
Party Type,Loại đối tác
Party Type and Party is mandatory for {0} account,Loại đối tác và đối tác là bắt buộc cho tài khoản {0}
Party Type is mandatory,Loại đối tác là bắt buộc
Party is mandatory,Đối tác là bắt buộc
Past Due Date,Ngày quá hạn
Patient,Bệnh nhân
Patient Appointment,Lịch hẹn bệnh nhân
Patient Encounter,Lần khám bệnh
Patient not found,Không tìm thấy bệnh nhân
Pay Remaining,Thanh toán phần còn lại
Pay {0} {1},Thanh toán {0} {1}
Payable,Phải trả
Payable Account,Tài khoản phải trả
Payment,Thanh toán
Payment Cancelled. Please check your GoCardless Account for more details,"Thanh toán đã bị hủy, vui lòng kiểm tra tài khoản GoCardless để biết chi tiết"
Payment Confirmation,Xác nhận thanh toán
Payment Document,Chứng từ thanh toán
Payment Due Date,Ngày đến hạn thanh toán
Payment Entries {0} are un-linked,Các bút toán thanh toán {0} đã bị hủy liên kết
Payment Entry,Bút toán thanh toán
Payment Entry already exists,Bút toán thanh toán đã tồn tại
Payment Entry has been modified after you pulled it. Please pull it again.,"Bút toán thanh toán đã bị thay đổi sau khi bạn tải, vui lòng tải lại"
Payment Entry is already created,Bút toán thanh toán đã được tạo
Payment Failed. Please check your GoCardless Account for more details,"Thanh toán thất bại, vui lòng kiểm tra tài khoản GoCardless để biết chi tiết"
Payment Gateway,Cổng thanh toán
"Payment Gateway Account not created, please create one manually.","Chưa tạo tài khoản cổng thanh toán, vui lòng tạo thủ công"
Payment Gateway Name,Tên cổng thanh toán
Payment Mode,Phương thức thanh toán
Payment Receipt Note,Ghi chú biên nhận thanh toán
Payment Request,Yêu cầu thanh toán
Payment Request for {0},Yêu cầu thanh toán cho {0}
Payment Tems,Điều khoản thanh toán
Payment Term,Kỳ hạn thanh toán
Payment Terms,Các điều khoản thanh toán
Payment Terms Template,Mẫu điều khoản thanh toán
Payment Terms based on conditions,Điều khoản thanh toán theo điều kiện
Payment Type,Loại thanh toán
"Payment Type must be one of Receive, Pay and Internal Transfer","Loại thanh toán phải là Nhận, Chi hoặc Chuyển nội bộ"
Payment against {0} {1} cannot be greater than Outstanding Amount {2},Thanh toán cho {0} {1} không được lớn hơn số tiền còn nợ {2}
Payment request {0} created,Đã tạo yêu cầu thanh toán {0}
Payments,Các khoản thanh toán
Payroll Payable,Phải trả lương
Payslip,Phiếu lương
Pending Activities,Hoạt động đang chờ
Pending Amount,Số tiền chờ xử lý
Pending Leaves,Nghỉ phép chờ duyệt
Pending Qty,Số lượng chờ
Pending Quantity,Số lượng chờ
Pending Review,Chờ duyệt
Pending activities for today,Hoạt động chờ xử lý hôm nay
Pension Funds,Quỹ hưu trí
Percentage Allocation should be equal to 100%,Tỷ lệ phân bổ phải bằng 100%
Perception Analysis,Phân tích nhận thức
Period,Kỳ
Period Closing Entry,Bút toán khóa kỳ
Period Closing Voucher,Chứng từ khóa kỳ
Periodicity,Tính chu kỳ
Personal Details,Thông tin cá nhân
Pharmaceutical,Dược phẩm
Pharmaceuticals,Các sản phẩm dược
Physician,Bác sĩ
Place Of Supply (State/UT),Nơi cung ứng (Bang/Liên bang)
Place Order,Đặt hàng
Plan Name,Tên kế hoạch
Plan for maintenance visits.,Kế hoạch cho các lần bảo trì
Planned Qty,Số lượng kế hoạch
"Planned Qty: Quantity, for which, Work Order has been raised, but is pending to be manufactured.",Số lượng kế hoạch: số lượng đã tạo lệnh sản xuất nhưng chưa sản xuất
Planning,Lập kế hoạch
Plants and Machineries,Nhà xưởng và máy móc
Please Set Supplier Group in Buying Settings.,Vui lòng thiết lập nhóm nhà cung cấp trong cài đặt mua hàng
Please add a Temporary Opening account in Chart of Accounts,Vui lòng thêm tài khoản mở đầu tạm thời trong sơ đồ tài khoản
Please add the account to root level Company - ,Vui lòng thêm tài khoản vào cấp gốc của công ty
Please check Multi Currency option to allow accounts with other currency,Vui lòng bật tùy chọn đa tiền tệ để cho phép tài khoản có tiền tệ khác
Please click on 'Generate Schedule',Vui lòng nhấn “Tạo lịch”
Please click on 'Generate Schedule' to fetch Serial No added for Item {0},Vui lòng nhấn “Tạo lịch” để lấy số sê-ri đã thêm cho mặt hàng {0}
Please click on 'Generate Schedule' to get schedule,Vui lòng nhấn “Tạo lịch” để lấy lịch
Please create purchase receipt or purchase invoice for the item {0},Vui lòng tạo phiếu nhập hoặc hóa đơn mua cho mặt hàng {0}
Please define grade for Threshold 0%,Vui lòng xác định cấp bậc cho ngưỡng 0%
Please enable Applicable on Booking Actual Expenses,Vui lòng bật áp dụng cho ghi nhận chi phí thực tế
Please enable Applicable on Purchase Order and Applicable on Booking Actual Expenses,Vui lòng bật áp dụng cho đơn mua và ghi nhận chi phí thực tế
Please enable pop-ups,Vui lòng bật cửa sổ bật lên
Please enter 'Is Subcontracted' as Yes or No,Vui lòng nhập “Có gia công” là Có hoặc Không
Please enter API Consumer Key,Vui lòng nhập khóa người dùng API
Please enter API Consumer Secret,Vui lòng nhập khóa bí mật API
Please enter Account for Change Amount,Vui lòng nhập tài khoản cho khoản chênh lệch
Please enter Approving Role or Approving User,Vui lòng nhập vai trò hoặc người phê duyệt
Please enter Cost Center,Vui lòng nhập trung tâm chi phí
Please enter Delivery Date,Vui lòng nhập ngày giao hàng
Please enter Employee Id of this sales person,Vui lòng nhập mã nhân viên của nhân viên bán hàng này
Please enter Expense Account,Vui lòng nhập tài khoản chi phí
Please enter Item Code to get Batch Number,Vui lòng nhập mã mặt hàng để lấy số lô
Please enter Item Code to get batch no,Vui lòng nhập mã mặt hàng để lấy số lô
Please enter Item first,Vui lòng nhập mặt hàng trước
Please enter Maintaince Details first,Vui lòng nhập chi tiết bảo trì trước
Please enter Planned Qty for Item {0} at row {1},Vui lòng nhập số lượng kế hoạch cho mặt hàng {0} tại dòng {1}
Please enter Preferred Contact Email,Vui lòng nhập email liên hệ ưu tiên
Please enter Production Item first,Vui lòng nhập mặt hàng sản xuất trước
Please enter Purchase Receipt first,Vui lòng nhập phiếu nhập trước
Please enter Receipt Document,Vui lòng nhập chứng từ biên nhận
Please enter Reference date,Vui lòng nhập ngày tham chiếu
Please enter Reqd by Date,Vui lòng nhập ngày yêu cầu
Please enter Woocommerce Server URL,Vui lòng nhập URL máy chủ Woocommerce
Please enter Write Off Account,Vui lòng nhập tài khoản xóa nợ
Please enter atleast 1 invoice in the table,Vui lòng nhập ít nhất một hóa đơn trong bảng
Please enter company first,Vui lòng nhập công ty trước
Please enter company name first,Vui lòng nhập tên công ty trước
Please enter default currency in Company Master,Vui lòng nhập tiền tệ mặc định trong hồ sơ công ty
Please enter message before sending,Vui lòng nhập nội dung trước khi gửi
Please enter parent cost center,Vui lòng nhập trung tâm chi phí cha
Please enter quantity for Item {0},Vui lòng nhập số lượng cho mặt hàng {0}
Please enter relieving date.,Vui lòng nhập ngày thôi việc
Please enter valid Financial Year Start and End Dates,Vui lòng nhập ngày bắt đầu và kết thúc năm tài chính hợp lệ
Please enter valid email address,Vui lòng nhập địa chỉ email hợp lệ
Please enter {0} first,Vui lòng nhập {0} trước
Please fill in all the details to generate Assessment Result.,Vui lòng điền đầy đủ thông tin để tạo kết quả đánh giá
Please identify/create Account (Group) for type - {0},Vui lòng xác định hoặc tạo tài khoản (Nhóm) cho loại {0}
Please identify/create Account (Ledger) for type - {0},Vui lòng xác định hoặc tạo tài khoản (Sổ cái) cho loại {0}
Please login as another user to register on Marketplace,Vui lòng đăng nhập bằng người dùng khác để đăng ký trên Marketplace
Please make sure you really want to delete all the transactions for this company. Your master data will remain as it is. This action cannot be undone.,"Vui lòng chắc chắn bạn muốn xóa toàn bộ giao dịch của công ty này, dữ liệu gốc sẽ được giữ nguyên và không thể hoàn tác"
Please mention Basic and HRA component in Company,Vui lòng khai báo thành phần lương cơ bản và phụ cấp nhà ở trong công ty
Please mention Round Off Account in Company,Vui lòng khai báo tài khoản làm tròn trong công ty
Please mention Round Off Cost Center in Company,Vui lòng khai báo trung tâm chi phí làm tròn trong công ty
Please mention no of visits required,Vui lòng khai báo số lần thăm khám cần thiết
Please mention the Lead Name in Lead {0},Vui lòng khai báo tên khách tiềm năng trong hồ sơ {0}
Please pull items from Delivery Note,Vui lòng lấy mặt hàng từ phiếu giao hàng
Please register the SIREN number in the company information file,Vui lòng đăng ký số SIREN trong hồ sơ thông tin công ty
Please remove this Invoice {0} from C-Form {1},Vui lòng loại bỏ hóa đơn {0} khỏi mẫu C-Form {1}
Please save the patient first,Vui lòng lưu bệnh nhân trước
Please save the report again to rebuild or update,Vui lòng lưu lại báo cáo để xây dựng hoặc cập nhật
"Please select Allocated Amount, Invoice Type and Invoice Number in atleast one row","Vui lòng chọn số tiền phân bổ, loại hóa đơn và số hóa đơn ở ít nhất một dòng"
Please select Apply Discount On,Vui lòng chọn áp dụng chiết khấu trên
Please select BOM against item {0},Vui lòng chọn định mức nguyên vật liệu cho mặt hàng {0}
Please select BOM for Item in Row {0},Vui lòng chọn định mức nguyên vật liệu cho mặt hàng tại dòng {0}
Please select BOM in BOM field for Item {0},Vui lòng chọn định mức nguyên vật liệu trong trường BOM cho mặt hàng {0}
Please select Category first,Vui lòng chọn danh mục trước
Please select Charge Type first,Vui lòng chọn loại phí trước
Please select Company,Vui lòng chọn công ty
Please select Company and Posting Date to getting entries,Vui lòng chọn công ty và ngày hạch toán để lấy bút toán
Please select Company first,Vui lòng chọn công ty trước
Please select Completion Date for Completed Asset Maintenance Log,Vui lòng chọn ngày hoàn thành cho nhật ký bảo trì tài sản đã hoàn tất
Please select Completion Date for Completed Repair,Vui lòng chọn ngày hoàn thành cho sửa chữa đã hoàn tất
Please select Course,Vui lòng chọn khóa học
Please select Drug,Vui lòng chọn thuốc
Please select Existing Company for creating Chart of Accounts,Vui lòng chọn công ty hiện có để tạo sơ đồ tài khoản
Please select Healthcare Service,Vui lòng chọn dịch vụ y tế
"Please select Item where ""Is Stock Item"" is ""No"" and ""Is Sales Item"" is ""Yes"" and there is no other Product Bundle",Vui lòng chọn mặt hàng có “Không là hàng tồn kho” và “Là hàng bán” và không thuộc gói sản phẩm khác
Please select Maintenance Status as Completed or remove Completion Date,Vui lòng chọn trạng thái bảo trì là Hoàn tất hoặc xóa ngày hoàn thành
Please select Party Type first,Vui lòng chọn loại đối tác trước
Please select Patient,Vui lòng chọn bệnh nhân
Please select Patient to get Lab Tests,Vui lòng chọn bệnh nhân để lấy các xét nghiệm
Please select Posting Date before selecting Party,Vui lòng chọn ngày hạch toán trước khi chọn đối tác
Please select Posting Date first,Vui lòng chọn ngày hạch toán trước
Please select Price List,Vui lòng chọn bảng giá
Please select Program,Vui lòng chọn chương trình
Please select Qty against item {0},Vui lòng chọn số lượng cho mặt hàng {0}
Please select Sample Retention Warehouse in Stock Settings first,Vui lòng chọn kho lưu mẫu trong cài đặt kho trước
Please select Start Date and End Date for Item {0},Vui lòng chọn ngày bắt đầu và ngày kết thúc cho mặt hàng {0}
Please select Student Admission which is mandatory for the paid student applicant,"Vui lòng chọn hồ sơ nhập học sinh viên, đây là bắt buộc đối với sinh viên có phí"
Please select a BOM,Vui lòng chọn định mức nguyên vật liệu
Please select a Batch for Item {0}. Unable to find a single batch that fulfills this requirement,Vui lòng chọn lô cho mặt hàng {0}. Không tìm được lô nào đáp ứng yêu cầu này
Please select a Company,Vui lòng chọn công ty
Please select a batch,Vui lòng chọn lô
Please select a field to edit from numpad,Vui lòng chọn trường cần chỉnh sửa từ bàn phím số
Please select a table,Vui lòng chọn bảng
Please select a valid Date,Vui lòng chọn ngày hợp lệ
Please select a value for {0} quotation_to {1},Vui lòng chọn giá trị cho {0} quotation_to {1}
Please select a warehouse,Vui lòng chọn kho
Please select at least one domain.,Vui lòng chọn ít nhất một lĩnh vực
Please select correct account,Vui lòng chọn đúng tài khoản
Please select date,Vui lòng chọn ngày
Please select item code,Vui lòng chọn mã mặt hàng
Please select month and year,Vui lòng chọn tháng và năm
Please select the Company,Vui lòng chọn công ty
Please select the Multiple Tier Program type for more than one collection rules.,Vui lòng chọn loại chương trình nhiều cấp nếu có hơn một quy tắc thu
Please select the assessment group other than 'All Assessment Groups',Vui lòng chọn nhóm đánh giá khác ngoài “Tất cả nhóm đánh giá”
Please select the document type first,Vui lòng chọn loại chứng từ trước
Please select weekly off day,Vui lòng chọn ngày nghỉ hàng tuần
Please select {0},Vui lòng chọn {0}
Please select {0} first,Vui lòng chọn {0} trước
Please set 'Apply Additional Discount On',Vui lòng thiết lập “Áp dụng chiết khấu bổ sung trên”
Please set 'Asset Depreciation Cost Center' in Company {0},Vui lòng thiết lập “Trung tâm chi phí khấu hao tài sản” trong công ty {0}
Please set 'Gain/Loss Account on Asset Disposal' in Company {0},Vui lòng thiết lập “Tài khoản lãi/lỗ khi thanh lý tài sản” trong công ty {0}
Please set Account in Warehouse {0} or Default Inventory Account in Company {1},Vui lòng thiết lập tài khoản cho kho {0} hoặc tài khoản tồn kho mặc định trong công ty {1}
Please set B2C Limit in GST Settings.,Vui lòng thiết lập hạn mức B2C trong cài đặt GST
Please set Company,Vui lòng thiết lập công ty
Please set Company filter blank if Group By is 'Company',Vui lòng để trống bộ lọc công ty nếu nhóm theo là “Công ty”
Please set Default Payroll Payable Account in Company {0},Vui lòng thiết lập tài khoản phải trả lương mặc định trong công ty {0}
Please set Depreciation related Accounts in Asset Category {0} or Company {1},Vui lòng thiết lập các tài khoản liên quan đến khấu hao trong nhóm tài sản {0} hoặc công ty {1}
Please set GST Accounts in GST Settings,Vui lòng thiết lập tài khoản GST trong cài đặt GST
Please set Hotel Room Rate on {},Vui lòng thiết lập giá phòng khách sạn cho {}
Please set Number of Depreciations Booked,Vui lòng thiết lập số lần khấu hao đã ghi nhận
Please set Unrealized Exchange Gain/Loss Account in Company {0},Vui lòng thiết lập tài khoản lãi/lỗ tỷ giá chưa thực hiện trong công ty {0}
Please set User ID field in an Employee record to set Employee Role,Vui lòng thiết lập trường ID người dùng trong hồ sơ nhân viên để gán vai trò nhân viên
Please set a default Holiday List for Employee {0} or Company {1},Vui lòng thiết lập danh sách ngày nghỉ mặc định cho nhân viên {0} hoặc công ty {1}
Please set account in Warehouse {0},Vui lòng thiết lập tài khoản cho kho {0}
Please set an active menu for Restaurant {0},Vui lòng thiết lập menu đang hoạt động cho nhà hàng {0}
Please set associated account in Tax Withholding Category {0} against Company {1},Vui lòng thiết lập tài khoản liên quan trong danh mục khấu trừ thuế {0} cho công ty {1}
Please set at least one row in the Taxes and Charges Table,Vui lòng thiết lập ít nhất một dòng trong bảng thuế và phí
Please set default Cash or Bank account in Mode of Payment {0},Vui lòng thiết lập tài khoản tiền mặt hoặc ngân hàng mặc định trong phương thức thanh toán {0}
Please set default account in Salary Component {0},Vui lòng thiết lập tài khoản mặc định trong thành phần lương {0}
Please set default customer in Restaurant Settings,Vui lòng thiết lập khách hàng mặc định trong cài đặt nhà hàng
Please set default {0} in Company {1},Vui lòng thiết lập {0} mặc định trong công ty {1}
Please set filter based on Item or Warehouse,Vui lòng thiết lập bộ lọc theo mặt hàng hoặc kho
Please set leave policy for employee {0} in Employee / Grade record,Vui lòng thiết lập chính sách nghỉ phép cho nhân viên {0} trong hồ sơ nhân viên / cấp bậc
Please set recurring after saving,Vui lòng thiết lập lặp lại sau khi lưu
Please set the Customer Address,Vui lòng thiết lập địa chỉ khách hàng
Please set the Default Cost Center in {0} company.,Vui lòng thiết lập trung tâm chi phí mặc định trong công ty {0}
Please set the Email ID for the Student to send the Payment Request,Vui lòng thiết lập email cho sinh viên để gửi yêu cầu thanh toán
Please set the Item Code first,Vui lòng thiết lập mã mặt hàng trước
Please set the Payment Schedule,Vui lòng thiết lập lịch thanh toán
Please set {0} for address {1},Vui lòng thiết lập {0} cho địa chỉ {1}
Please setup Students under Student Groups,Vui lòng thiết lập sinh viên trong các nhóm sinh viên
Please specify Company,Vui lòng chỉ định công ty
Please specify Company to proceed,Vui lòng chỉ định công ty để tiếp tục
Please specify a valid 'From Case No.',Vui lòng chỉ định “Từ số hồ sơ” hợp lệ
Please specify a valid Row ID for row {0} in table {1},Vui lòng chỉ định ID dòng hợp lệ cho dòng {0} trong bảng {1}
Please specify at least one attribute in the Attributes table,Vui lòng chỉ định ít nhất một thuộc tính trong bảng thuộc tính
Please specify currency in Company,Vui lòng chỉ định tiền tệ trong công ty
Please specify either Quantity or Valuation Rate or both,Vui lòng chỉ định số lượng hoặc đơn giá hoặc cả hai
Please specify from/to range,Vui lòng chỉ định khoảng từ/đến
Please supply the specified items at the best possible rates,Vui lòng cung cấp các mặt hàng được chỉ định với mức giá tốt nhất có thể
Please wait 3 days before resending the reminder.,Vui lòng chờ 3 ngày trước khi gửi lại nhắc nhở
Point of Sale,Điểm bán hàng
Point-of-Sale,Bán hàng tại quầy
Point-of-Sale Profile,Hồ sơ điểm bán hàng
Portal,Cổng thông tin
Possible Supplier,Nhà cung cấp tiềm năng
Postal Expenses,Chi phí bưu chính
Posting Date,Ngày cập nhật hệ thống
Posting Date cannot be future date,Ngày hạch toán không được là ngày trong tương lai
Posting Time,Thời gian hạch toán
Posting date and posting time is mandatory,Ngày và thời gian hạch toán là bắt buộc
Posting timestamp must be after {0},Dấu thời gian hạch toán phải sau {0}
Potential opportunities for selling.,Cơ hội tiềm năng để bán hàng
Practitioner Schedule,Lịch làm việc của bác sĩ
Pre Sales,Tiền bán hàng trước
Preference,Tùy chọn ưu tiên
Prescribed Procedures,Thủ thuật được chỉ định
Prescription,Đơn thuốc
Prescription Dosage,Liều lượng đơn thuốc
Prescription Duration,Thời gian dùng thuốc
Prescriptions,Các đơn thuốc
Prev,Trước
Preview,Xem trước
Previous Financial Year is not closed,Năm tài chính trước chưa được khóa
Price,Giá
Price List,Bảng giá
Price List Currency not selected,Chưa chọn tiền tệ của bảng giá
Price List Rate,Đơn giá theo bảng giá
Price List master.,Danh mục bảng giá
Price List must be applicable for Buying or Selling,Bảng giá phải áp dụng cho mua hoặc bán
Price List {0} is disabled or does not exist,Bảng giá {0} đã bị vô hiệu hóa hoặc không tồn tại
Price or product discount slabs are required,Cần thiết lập bậc chiết khấu giá hoặc sản phẩm
Pricing,Định giá
Pricing Rule,Quy tắc định giá
"Pricing Rule is first selected based on 'Apply On' field, which can be Item, Item Group or Brand.","Quy tắc định giá được chọn trước dựa trên trường “Áp dụng cho”, có thể là Mặt hàng, Nhóm mặt hàng hoặc Thương hiệu"
"Pricing Rule is made to overwrite Price List / define discount percentage, based on some criteria.",Quy tắc định giá được dùng để ghi đè bảng giá hoặc xác định tỷ lệ chiết khấu dựa trên một số điều kiện
Pricing Rule {0} is updated,Quy tắc định giá {0} đã được cập nhật
Pricing Rules are further filtered based on quantity.,Các quy tắc định giá tiếp tục được lọc theo số lượng
Primary Address Details,Chi tiết địa chỉ chính
Primary Contact Details,Chi tiết liên hệ chính
Print Format,Mẫu in
Print IRS 1099 Forms,In biểu mẫu IRS 1099
Print Report Card,In bảng điểm
Print Settings,Cài đặt in
Print and Stationery,In ấn và văn phòng phẩm
Print settings updated in respective print format,Cài đặt in đã được cập nhật trong mẫu in tương ứng
Print taxes with zero amount,In thuế với giá trị bằng 0
Printing and Branding,In ấn và nhận diện thương hiệu
Private Equity,Vốn cổ phần tư nhân
Procedure,Quy trình
Process Day Book Data,Xử lý dữ liệu sổ nhật ký ngày
Process Master Data,Xử lý dữ liệu danh mục
Processing Chart of Accounts and Parties,Xử lý sơ đồ tài khoản và đối tác
Processing Items and UOMs,Xử lý mặt hàng và đơn vị tính
Processing Party Addresses,Xử lý địa chỉ đối tác
Processing Vouchers,Xử lý chứng từ
Procurement,Mua sắm
Produced Qty,Số lượng đã sản xuất
Product,Sản phẩm
Product Bundle,Gói sản phẩm
Product Search,Tìm kiếm sản phẩm
Production,Sản xuất
Production Item,Mặt hàng sản xuất
Products,Các sản phẩm
Profit and Loss,Lãi và lỗ
Profit for the year,Lợi nhuận trong năm
Program,Chương trình
Program in the Fee Structure and Student Group {0} are different.,Chương trình trong cấu trúc phí và nhóm sinh viên {0} không giống nhau
Program {0} does not exist.,Chương trình {0} không tồn tại
Program: ,Chương trình
Progress % for a task cannot be more than 100.,Tỷ lệ tiến độ cho một công việc không được lớn hơn 100
Project Collaboration Invitation,Lời mời cộng tác dự án
Project Id,Mã dự án
Project Manager,Quản lý dự án
Project Name,Tên dự án
Project Start Date,Ngày bắt đầu dự án
Project Status,Trạng thái dự án
Project Summary for {0},Tóm tắt dự án cho {0}
Project Update.,Cập nhật dự án
Project Value,Giá trị dự án
Project activity / task.,Hoạt động / công việc dự án
Project master.,Danh mục dự án
Project-wise data is not available for Quotation,Dữ liệu theo dự án không khả dụng cho báo giá
Projected,Dự kiến
Projected Qty,Số lượng dự kiến
Projected Quantity Formula,Công thức số lượng dự kiến
Projects,Các dự án
Proposal Writing,Soạn thảo đề xuất
Proposal/Price Quote,Đề xuất / báo giá
Prospecting,Tìm kiếm khách hàng tiềm năng
Provisional Profit / Loss (Credit),Lãi / lỗ tạm tính (Có)
Publications,Ấn phẩm
Publish Items on Website,Đăng sản phẩm lên website
Published,Đã xuất bản
Publishing,Xuất bản
Purchase,Mua hàng
Purchase Amount,Giá trị mua
Purchase Date,Ngày mua
Purchase Invoice,Hóa đơn mua
Purchase Invoice {0} is already submitted,Hóa đơn mua {0} đã được nộp
Purchase Manager,Quản lý mua hàng
Purchase Master Manager,Quản lý danh mục mua hàng
Purchase Order,Đơn mua hàng
Purchase Order Amount,Giá trị đơn mua
Purchase Order Amount(Company Currency),Giá trị đơn mua (tiền tệ công ty)
Purchase Order Date,Ngày đơn mua
Purchase Order Items not received on time,Các mặt hàng trong đơn mua chưa được nhận đúng hạn
Purchase Order number required for Item {0},Cần số đơn mua cho mặt hàng {0}
Purchase Order to Payment,Từ đơn mua đến thanh toán
Purchase Order {0} is not submitted,Đơn mua {0} chưa được nộp
Purchase Orders are not allowed for {0} due to a scorecard standing of {1}.,Không cho phép tạo đơn mua cho {0} do xếp hạng thẻ điểm là {1}
Purchase Orders given to Suppliers.,Các đơn mua được giao cho nhà cung cấp
Purchase Price List,Bảng giá mua
Purchase Receipt,Phiếu nhập mua
Purchase Receipt {0} is not submitted,Phiếu nhập mua {0} chưa được nộp
Purchase Tax Template,Mẫu thuế mua hàng
Purchase User,Người dùng mua hàng
Purchase orders help you plan and follow up on your purchases,Đơn mua giúp bạn lập kế hoạch và theo dõi việc mua sắm
Purchasing,Nghiệp vụ mua hàng
Purpose must be one of {0},Mục đích phải là một trong {0}
Qty,Số lượng
Qty To Manufacture,Số lượng cần sản xuất
Qty Total,Tổng số lượng
Qty for {0},Số lượng cho {0}
Qualification,Trình độ
Quality,Chất lượng
Quality Action,Hành động chất lượng
Quality Goal.,Mục tiêu chất lượng.
Quality Inspection,Kiểm tra chất lượng
Quality Inspection: {0} is not submitted for the item: {1} in row {2},Kiểm tra chất lượng: {0} chưa được nộp cho mặt hàng: {1} tại dòng {2}
Quality Management,Quản lý chất lượng
Quality Meeting,Cuộc họp chất lượng
Quality Procedure,Quy trình chất lượng
Quality Procedure.,Quy trình chất lượng.
Quality Review,Đánh giá chất lượng
Quantity,Số lượng
Quantity for Item {0} must be less than {1},Số lượng cho mặt hàng {0} phải nhỏ hơn {1}
Quantity in row {0} ({1}) must be same as manufactured quantity {2},Số lượng tại dòng {0} ({1}) phải bằng số lượng đã sản xuất {2}
Quantity must be less than or equal to {0},Số lượng phải nhỏ hơn hoặc bằng {0}
Quantity must not be more than {0},Số lượng không được lớn hơn {0}
Quantity required for Item {0} in row {1},Yêu cầu số lượng cho mặt hàng {0} tại dòng {1}
Quantity should be greater than 0,Số lượng phải lớn hơn 0
Quantity to Make,Số lượng cần làm
Quantity to Manufacture must be greater than 0.,Số lượng cần sản xuất phải lớn hơn 0.
Quantity to Produce,Số lượng cần tạo
Quantity to Produce can not be less than Zero,Số lượng cần tạo không được nhỏ hơn 0
Query Options,Tùy chọn truy vấn
Queued for replacing the BOM. It may take a few minutes.,Đã đưa vào hàng đợi để thay thế BOM. Có thể mất vài phút.
Queued for updating latest price in all Bill of Materials. It may take a few minutes.,Đã đưa vào hàng đợi để cập nhật giá mới nhất cho tất cả Định mức nguyên vật liệu. Có thể mất vài phút.
Quick Journal Entry,Bút toán nhật ký nhanh
Quot Count,Số lượng báo giá
Quot/Lead %,Tỷ lệ Báo giá/Lead %
Quotation,Báo giá
Quotation {0} is cancelled,Báo giá {0} đã bị hủy
Quotation {0} not of type {1},Báo giá {0} không thuộc loại {1}
Quotations,Các báo giá
"Quotations are proposals, bids you have sent to your customers","Báo giá là các đề xuất, chào giá bạn đã gửi cho khách hàng"
Quotations received from Suppliers.,Báo giá nhận được từ nhà cung cấp.
Quotations: ,Danh sách báo giá:
Quotes to Leads or Customers.,Báo giá cho Lead hoặc Khách hàng.
RFQs are not allowed for {0} due to a scorecard standing of {1},Không cho phép RFQ cho {0} do xếp hạng thẻ điểm là {1}
Range,Khoảng
Rate,Đơn giá
Rate:,Đơn giá:
Rating,Đánh giá
Raw Material,Nguyên vật liệu
Raw Materials,Nguyên vật liệu
Raw Materials cannot be blank.,Nguyên vật liệu không được để trống.
Re-open,Mở lại
Read blog,Đọc blog
Read the ERPNext Manual,Đọc sổ tay ERPNext
Reading Uploaded File,Đang đọc tệp đã tải lên
Real Estate,Bất động sản
Reason For Putting On Hold,Lý do tạm dừng
Reason for Hold,Lý do giữ
Reason for hold: ,Lý do giữ:
Receipt,Phiếu thu
Receipt document must be submitted,Chứng từ phiếu thu phải được nộp
Receivable,Phải thu
Receivable Account,Tài khoản phải thu
Received,Đã nhận
Received On,Ngày nhận
Received Quantity,Số lượng đã nhận
Received Stock Entries,Phiếu nhập kho đã nhận
Receiver List is empty. Please create Receiver List,Danh sách người nhận đang trống. Vui lòng tạo danh sách người nhận
Recipients,Người nhận
Reconcile,Đối soát
"Record of all communications of type email, phone, chat, visit, etc.","Bản ghi tất cả các giao tiếp như email, điện thoại, chat, gặp trực tiếp, v.v."
Records,Bản ghi
Redirect URL,URL chuyển hướng
Ref,Tham chiếu
Ref Date,Ngày tham chiếu
Reference,Tham chiếu
Reference #{0} dated {1},Tham chiếu #{0} ngày {1}
Reference Date,Ngày tham chiếu
Reference Doctype must be one of {0},Loại chứng từ tham chiếu phải là một trong {0}
Reference Document,Chứng từ tham chiếu
Reference Document Type,Loại chứng từ tham chiếu
Reference No & Reference Date is required for {0},Số tham chiếu & Ngày tham chiếu là bắt buộc cho {0}
Reference No and Reference Date is mandatory for Bank transaction,Số tham chiếu và ngày tham chiếu là bắt buộc cho giao dịch ngân hàng
Reference No is mandatory if you entered Reference Date,Số tham chiếu là bắt buộc nếu bạn đã nhập ngày tham chiếu
Reference No.,Số tham chiếu
Reference Number,Số tham chiếu
Reference Type,Loại tham chiếu
"Reference: {0}, Item Code: {1} and Customer: {2}","Tham chiếu: {0}, Mã hàng: {1} và Khách hàng: {2}"
References,Các tham chiếu
Refresh Token,Làm mới token
Register,Đăng ký
Rejected,Bị từ chối
Related,Liên quan
Relation with Guardian1,Mối quan hệ với người giám hộ 1
Relation with Guardian2,Mối quan hệ với người giám hộ 2
Release Date,Ngày phát hành
Reload Linked Analysis,Tải lại phân tích liên kết
Remaining,Còn lại
Remaining Balance,Số dư còn lại
Remarks,Ghi chú
Reminder to update GSTIN Sent,Đã gửi nhắc nhở cập nhật GSTIN
Remove item if charges is not applicable to that item,Xóa mặt hàng nếu chi phí không áp dụng cho mặt hàng đó
Removed items with no change in quantity or value.,Đã xóa các mặt hàng không thay đổi về số lượng hoặc giá trị
Reopen,Mở lại
Reorder Level,Mức tồn kho đặt hàng lại
Reorder Qty,Số lượng đặt hàng lại
Repeat Customer Revenue,Doanh thu từ khách hàng quay lại
Repeat Customers,Khách hàng quay lại
Replace BOM and update latest price in all BOMs,Thay thế BOM và cập nhật giá mới nhất cho tất cả BOM
Replied,Đã phản hồi
Report,Báo cáo
Report Type,Loại báo cáo
Report Type is mandatory,Loại báo cáo là bắt buộc
Reports,Các báo cáo
Reqd By Date,Ngày yêu cầu
Reqd Qty,Số lượng yêu cầu
Request for Quotation,Yêu cầu báo giá
Request for Quotations,Các yêu cầu báo giá
Request for Raw Materials,Yêu cầu nguyên vật liệu
Request for purchase.,Yêu cầu mua hàng.
Request for quotation.,Yêu cầu báo giá.
Requested Qty,Số lượng yêu cầu
"Requested Qty: Quantity requested for purchase, but not ordered.","Số lượng yêu cầu: Số lượng được yêu cầu để mua, nhưng chưa được đặt hàng."
Requesting Site,Địa điểm yêu cầu
Requesting payment against {0} {1} for amount {2},Yêu cầu thanh toán cho {0} {1} với số tiền {2}
Requestor,Người yêu cầu
Required On,Yêu cầu vào ngày
Required Qty,Số lượng yêu cầu
Required Quantity,Số lượng yêu cầu
Reschedule,Lên lịch lại
Research,Nghiên cứu
Research & Development,Nghiên cứu & Phát triển
Researcher,Nhà nghiên cứu
Resend Payment Email,Gửi lại email thanh toán
Reserve Warehouse,Kho dự trữ
Reserved Qty,Số lượng đã giữ
Reserved Qty for Production,Số lượng giữ cho sản xuất
Reserved Qty for Production: Raw materials quantity to make manufacturing items.,Số lượng giữ cho sản xuất: Số lượng nguyên vật liệu để sản xuất hàng hóa.
"Reserved Qty: Quantity ordered for sale, but not delivered.",Số lượng giữ: Số lượng đã đặt bán nhưng chưa giao.
Reserved Warehouse is mandatory for Item {0} in Raw Materials supplied,Kho giữ là bắt buộc cho mặt hàng {0} trong nguyên vật liệu cung cấp
Reserved for manufacturing,Giữ cho sản xuất
Reserved for sale,Giữ cho bán hàng
Reserved for sub contracting,Giữ cho gia công
Resistant,Chống chịu
Resolve error and upload again.,Khắc phục lỗi và tải lên lại.
Rest Of The World,Phần còn lại của thế giới
Restart Subscription,Khởi động lại đăng ký
Restaurant,Nhà hàng
Result Date,Ngày có kết quả
Result already Submitted,Kết quả đã được nộp
Resume,Tiếp tục
Retail,Bán lẻ
Retail & Wholesale,Bán lẻ & Bán buôn
Retail Operations,Hoạt động bán lẻ
Retained Earnings,Lợi nhuận giữ lại
Retention Stock Entry,Bút toán giữ hàng tồn kho
Retention Stock Entry already created or Sample Quantity not provided,Bút toán giữ hàng tồn kho đã được tạo hoặc chưa cung cấp số lượng mẫu
Return,Trả hàng
Return / Credit Note,Trả hàng / Phiếu ghi có
Return / Debit Note,Trả hàng / Phiếu ghi nợ
Returns,Các lần trả hàng
Reverse Journal Entry,Đảo bút toán nhật ký
Review Invitation Sent,Đã gửi lời mời đánh giá
Review and Action,Đánh giá và hành động
Rooms Booked,Phòng đã được đặt
Root Company,Công ty gốc
Root Type,Loại gốc
Root Type is mandatory,Loại gốc là bắt buộc
Root cannot be edited.,Gốc không thể chỉnh sửa.
Root cannot have a parent cost center,Gốc không thể có trung tâm chi phí cha
Round Off,Làm tròn
Rounded Total,Tổng đã làm tròn
Route,Tuyến đường
Row # {0}: ,Dòng # {0}:
Row # {0}: Batch No must be same as {1} {2},Dòng # {0}: Số lô phải giống với {1} {2}
Row # {0}: Cannot return more than {1} for Item {2},Dòng # {0}: Không thể trả nhiều hơn {1} cho mặt hàng {2}
Row # {0}: Rate cannot be greater than the rate used in {1} {2},Dòng # {0}: Đơn giá không được lớn hơn đơn giá đã dùng trong {1} {2}
Row # {0}: Serial No is mandatory,Dòng # {0}: Số serial là bắt buộc
Row # {0}: Serial No {1} does not match with {2} {3},Dòng # {0}: Số serial {1} không khớp với {2} {3}
Row #{0} (Payment Table): Amount must be negative,Dòng #{0} (Bảng thanh toán): Số tiền phải là số âm
Row #{0} (Payment Table): Amount must be positive,Dòng #{0} (Bảng thanh toán): Số tiền phải là số dương
Row #{0}: Account {1} does not belong to company {2},Dòng #{0}: Tài khoản {1} không thuộc công ty {2}
Row #{0}: Allocated Amount cannot be greater than outstanding amount.,Dòng #{0}: Số tiền phân bổ không được lớn hơn số tiền còn phải thanh toán.
"Row #{0}: Asset {1} cannot be submitted, it is already {2}","Dòng #{0}: Tài sản {1} không thể được nộp, vì đã ở trạng thái {2}"
Row #{0}: Cannot set Rate if amount is greater than billed amount for Item {1}.,Dòng #{0}: Không thể đặt đơn giá nếu số tiền lớn hơn số tiền đã lập hóa đơn cho mặt hàng {1}.
Row #{0}: Clearance date {1} cannot be before Cheque Date {2},Dòng #{0}: Ngày thanh toán {1} không thể trước ngày séc {2}
Row #{0}: Duplicate entry in References {1} {2},Dòng #{0}: Bản ghi trùng lặp trong tham chiếu {1} {2}
Row #{0}: Expected Delivery Date cannot be before Purchase Order Date,Dòng #{0}: Ngày giao hàng dự kiến không thể trước ngày đơn mua
Row #{0}: Item added,Dòng #{0}: Đã thêm mặt hàng
Row #{0}: Journal Entry {1} does not have account {2} or already matched against another voucher,Dòng #{0}: Bút toán nhật ký {1} không có tài khoản {2} hoặc đã được đối soát với chứng từ khác
Row #{0}: Not allowed to change Supplier as Purchase Order already exists,Dòng #{0}: Không cho phép thay đổi nhà cung cấp vì đơn mua đã tồn tại
Row #{0}: Please set reorder quantity,Dòng #{0}: Vui lòng thiết lập số lượng đặt hàng lại
Row #{0}: Please specify Serial No for Item {1},Dòng #{0}: Vui lòng chỉ định số serial cho mặt hàng {1}
Row #{0}: Qty increased by 1,Dòng #{0}: Số lượng tăng thêm 1
Row #{0}: Rate must be same as {1}: {2} ({3} / {4}) ,Dòng #{0}: Đơn giá phải giống với {1}: {2} ({3} / {4})
Row #{0}: Reference Document Type must be one of Expense Claim or Journal Entry,Dòng #{0}: Loại chứng từ tham chiếu phải là một trong Phiếu chi phí hoặc Bút toán nhật ký
"Row #{0}: Reference Document Type must be one of Purchase Order, Purchase Invoice or Journal Entry","Dòng #{0}: Loại chứng từ tham chiếu phải là một trong Đơn mua, Hóa đơn mua hoặc Bút toán nhật ký"
Row #{0}: Rejected Qty can not be entered in Purchase Return,Dòng #{0}: Không được nhập số lượng bị từ chối trong phiếu trả mua
Row #{0}: Rejected Warehouse is mandatory against rejected Item {1},Dòng #{0}: Kho hàng bị từ chối là bắt buộc đối với mặt hàng bị từ chối {1}
Row #{0}: Reqd by Date cannot be before Transaction Date,Dòng #{0}: Ngày yêu cầu không thể trước ngày giao dịch
Row #{0}: Set Supplier for item {1},Dòng #{0}: Thiết lập nhà cung cấp cho mặt hàng {1}
Row #{0}: Status must be {1} for Invoice Discounting {2},Dòng #{0}: Trạng thái phải là {1} cho chiết khấu hóa đơn {2}
"Row #{0}: The batch {1} has only {2} qty. Please select another batch which has {3} qty available or split the row into multiple rows, to deliver/issue from multiple batches",Dòng #{0}: Lô {1} chỉ có {2} số lượng. Vui lòng chọn lô khác có {3} số lượng khả dụng hoặc tách dòng để xuất/giao từ nhiều lô
Row #{0}: Timings conflicts with row {1},Dòng #{0}: Thời gian bị trùng với dòng {1}
Row #{0}: {1} can not be negative for item {2},Dòng #{0}: {1} không được là số âm cho mặt hàng {2}
Row No {0}: Amount cannot be greater than Pending Amount against Expense Claim {1}. Pending Amount is {2},Dòng số {0}: Số tiền không được lớn hơn số tiền đang chờ xử lý cho phiếu chi phí {1}. Số tiền chờ là {2}
Row {0} : Operation is required against the raw material item {1},Dòng {0}: Bắt buộc phải có công đoạn cho nguyên vật liệu {1}
Row {0}# Item {1} cannot be transferred more than {2} against Purchase Order {3},Dòng {0}#: Mặt hàng {1} không thể chuyển nhiều hơn {2} so với đơn mua {3}
Row {0}: Activity Type is mandatory.,Dòng {0}: Loại hoạt động là bắt buộc.
Row {0}: Advance against Customer must be credit,Dòng {0}: Tạm ứng cho khách hàng phải là ghi có
Row {0}: Advance against Supplier must be debit,Dòng {0}: Tạm ứng cho nhà cung cấp phải là ghi nợ
Row {0}: Allocated amount {1} must be less than or equals to Payment Entry amount {2},Dòng {0}: Số tiền phân bổ {1} phải nhỏ hơn hoặc bằng số tiền bút toán thanh toán {2}
Row {0}: Allocated amount {1} must be less than or equals to invoice outstanding amount {2},Dòng {0}: Số tiền phân bổ {1} phải nhỏ hơn hoặc bằng số tiền hóa đơn còn phải thu {2}
Row {0}: An Reorder entry already exists for this warehouse {1},Dòng {0}: Đã tồn tại một bản ghi đặt hàng lại cho kho này {1}
Row {0}: Bill of Materials not found for the Item {1},Dòng {0}: Không tìm thấy định mức nguyên vật liệu cho mặt hàng {1}
Row {0}: Conversion Factor is mandatory,Dòng {0}: Hệ số quy đổi là bắt buộc
Row {0}: Cost center is required for an item {1},Dòng {0}: Trung tâm chi phí là bắt buộc cho mặt hàng {1}
Row {0}: Credit entry can not be linked with a {1},Dòng {0}: Bút toán ghi có không thể liên kết với {1}
Row {0}: Currency of the BOM #{1} should be equal to the selected currency {2},Dòng {0}: Đơn vị tiền tệ của BOM #{1} phải bằng với đơn vị tiền tệ được chọn {2}
Row {0}: Debit entry can not be linked with a {1},Dòng {0}: Bút toán ghi nợ không thể liên kết với {1}
Row {0}: Depreciation Start Date is required,Dòng {0}: Ngày bắt đầu khấu hao là bắt buộc
Row {0}: Enter location for the asset item {1},Dòng {0}: Nhập vị trí cho tài sản {1}
Row {0}: Exchange Rate is mandatory,Dòng {0}: Tỷ giá hối đoái là bắt buộc
Row {0}: Expected Value After Useful Life must be less than Gross Purchase Amount,Dòng {0}: Giá trị dự kiến sau thời gian sử dụng phải nhỏ hơn tổng giá mua
Row {0}: From Time and To Time is mandatory.,Dòng {0}: Thời gian bắt đầu và kết thúc là bắt buộc.
Row {0}: From Time and To Time of {1} is overlapping with {2},Dòng {0}: Thời gian bắt đầu và kết thúc của {1} bị chồng chéo với {2}
Row {0}: From time must be less than to time,Dòng {0}: Thời gian bắt đầu phải nhỏ hơn thời gian kết thúc
Row {0}: Hours value must be greater than zero.,Dòng {0}: Giá trị giờ phải lớn hơn 0.
Row {0}: Invalid reference {1},Dòng {0}: Tham chiếu không hợp lệ {1}
Row {0}: Party / Account does not match with {1} / {2} in {3} {4},Dòng {0}: Đối tượng / Tài khoản không khớp với {1} / {2} trong {3} {4}
Row {0}: Party Type and Party is required for Receivable / Payable account {1},Dòng {0}: Loại đối tượng và đối tượng là bắt buộc cho tài khoản phải thu / phải trả {1}
Row {0}: Payment against Sales/Purchase Order should always be marked as advance,Dòng {0}: Thanh toán cho đơn bán/mua phải luôn được đánh dấu là tạm ứng
Row {0}: Please check 'Is Advance' against Account {1} if this is an advance entry.,Dòng {0}: Vui lòng kiểm tra “Là tạm ứng” đối với tài khoản {1} nếu đây là bút toán tạm ứng.
Row {0}: Please set at Tax Exemption Reason in Sales Taxes and Charges,Dòng {0}: Vui lòng thiết lập lý do miễn thuế trong Thuế và Phí bán hàng
Row {0}: Please set the Mode of Payment in Payment Schedule,Dòng {0}: Vui lòng thiết lập phương thức thanh toán trong lịch thanh toán
Row {0}: Please set the correct code on Mode of Payment {1},Dòng {0}: Vui lòng thiết lập đúng mã cho phương thức thanh toán {1}
Row {0}: Quality Inspection rejected for item {1},Dòng {0}: Kiểm tra chất lượng bị từ chối cho mặt hàng {1}
Row {0}: UOM Conversion Factor is mandatory,Dòng {0}: Hệ số quy đổi đơn vị tính là bắt buộc
Row {0}: select the workstation against the operation {1},Dòng {0}: Chọn trạm làm việc cho công đoạn {1}
Row {0}: {1} Serial numbers required for Item {2}. You have provided {3}.,Dòng {0}: Yêu cầu {1} số serial cho mặt hàng {2}. Bạn đã cung cấp {3}.
Row {0}: {1} must be greater than 0,Dòng {0}: {1} phải lớn hơn 0
Row {0}: {1} {2} does not match with {3},Dòng {0}: {1} {2} không khớp với {3}
Row {0}:Start Date must be before End Date,Dòng {0}: Ngày bắt đầu phải trước ngày kết thúc
Rows with duplicate due dates in other rows were found: {0},Đã phát hiện các dòng có ngày đến hạn trùng lặp ở các dòng khác: {0}
Rules for adding shipping costs.,Quy tắc thêm chi phí vận chuyển.
Rules for applying pricing and discount.,Quy tắc áp dụng giá và chiết khấu.
S.O. No.,Số đơn bán
SGST Amount,Số tiền SGST
SO Qty,Số lượng đơn bán
Safety Stock,Tồn kho an toàn
Salary,Lương
Salary Slip submitted for period from {0} to {1},Phiếu lương đã được nộp cho giai đoạn từ {0} đến {1}
Salary Structure must be submitted before submission of Tax Ememption Declaration,Cấu trúc lương phải được nộp trước khi nộp Tờ khai miễn thuế
Sales,Bán hàng
Sales Account,Tài khoản bán hàng
Sales Expenses,Chi phí bán hàng
Sales Funnel,Phễu bán hàng
Sales Invoice,Hóa đơn bán hàng
Sales Invoice {0} has already been submitted,Hóa đơn bán hàng {0} đã được nộp
Sales Invoice {0} must be cancelled before cancelling this Sales Order,Hóa đơn bán hàng {0} phải được hủy trước khi hủy đơn bán hàng này
Sales Manager,Quản lý bán hàng
Sales Master Manager,Quản lý danh mục bán hàng
Sales Order,Đơn bán hàng
Sales Order Item,Hạng mục đơn bán hàng
Sales Order required for Item {0},Mặt hàng {0} yêu cầu phải có đơn bán hàng
Sales Order to Payment,Đơn bán hàng sang thanh toán
Sales Order {0} is not submitted,Đơn bán hàng {0} chưa được gửi
Sales Order {0} is not valid,Đơn bán hàng {0} không hợp lệ
Sales Order {0} is {1},Đơn bán hàng {0} ở trạng thái {1}
Sales Orders,Các đơn bán hàng
Sales Partner,Đối tác bán hàng
Sales Pipeline,Quy trình bán hàng
Sales Price List,Bảng giá bán
Sales Return,Hàng bán trả lại
Sales Summary,Tổng hợp bán hàng
Sales Tax Template,Mẫu thuế bán hàng
Sales Team,Nhóm bán hàng
Sales User,Người dùng bán hàng
Sales and Returns,Bán hàng và trả hàng
Sales campaigns.,Chiến dịch bán hàng
Sales orders are not available for production,Đơn bán hàng không khả dụng cho sản xuất
Salutation,Danh xưng
Same Company is entered more than once,Cùng một công ty được nhập nhiều lần
Same item cannot be entered multiple times.,Cùng một mặt hàng không thể nhập nhiều lần
Same supplier has been entered multiple times,Cùng một nhà cung cấp được nhập nhiều lần
Sample Collection,Thu thập mẫu
Sample quantity {0} cannot be more than received quantity {1},Số lượng mẫu {0} không được lớn hơn số lượng đã nhận {1}
Sanctioned,Đã phê duyệt
Sand,Cát
Saturday,Thứ bảy
Saving {0},Tiết kiệm {0}
Scan Barcode,Quét mã vạch
Schedule,Lịch trình
Schedule Admission,Lịch nhập viện
Schedule Course,Lịch khóa học
Schedule Date,Ngày lên lịch
Schedule Discharge,Lịch xuất viện
Scheduled,Đã lên lịch
Scheduled Upto,Lên lịch đến
"Schedules for {0} overlaps, do you want to proceed after skiping overlaped slots ?","Lịch cho {0} bị chồng chéo, bạn có muốn tiếp tục sau khi bỏ qua các khung trùng không"
Score cannot be greater than Maximum Score,Điểm số không được lớn hơn điểm tối đa
Scorecards,Bảng điểm
Scrapped,Đã loại bỏ
Search,Tìm kiếm
Search Results,Kết quả tìm kiếm
Search Sub Assemblies,Tìm kiếm bán thành phẩm
"Search by item code, serial number, batch no or barcode","Tìm theo mã hàng, số sê-ri, số lô hoặc mã vạch"
"Seasonality for setting budgets, targets etc.","Tính thời vụ để thiết lập ngân sách, mục tiêu…"
Secret Key,Khóa bí mật
Secretary,Thư ký
Section Code,Mã bộ phận
Secured Loans,Khoản vay có bảo đảm
Securities & Commodity Exchanges,Sàn giao dịch chứng khoán và hàng hóa
Securities and Deposits,Chứng khoán và tiền gửi
See All Articles,Xem tất cả bài viết
See all open tickets,Xem tất cả yêu cầu đang mở
See past orders,Xem các đơn hàng trước đây
See past quotations,Xem các báo giá trước đây
Select,Chọn
Select Alternate Item,Chọn mặt hàng thay thế
Select Attribute Values,Chọn giá trị thuộc tính
Select BOM,Chọn BOM
Select BOM and Qty for Production,Chọn BOM và số lượng cho sản xuất
"Select BOM, Qty and For Warehouse","Chọn BOM, số lượng và kho"
Select Batch,Chọn lô
Select Batch Numbers,Chọn số lô
Select Brand...,Chọn thương hiệu
Select Company,Chọn công ty
Select Company...,Chọn công ty
Select Customer,Chọn khách hàng
Select Days,Chọn số ngày
Select Default Supplier,Chọn nhà cung cấp mặc định
Select DocType,Chọn loại tài liệu
Select Fiscal Year...,Chọn năm tài chính
Select Item (optional),Chọn mặt hàng (tùy chọn)
Select Items based on Delivery Date,Chọn mặt hàng theo ngày giao hàng
Select Items to Manufacture,Chọn mặt hàng để sản xuất
Select Loyalty Program,Chọn chương trình khách hàng thân thiết
Select Patient,Chọn bệnh nhân
Select Possible Supplier,Chọn nhà cung cấp khả thi
Select Quantity,Chọn số lượng
Select Serial Numbers,Chọn số sê-ri
Select Target Warehouse,Chọn kho đích
Select Warehouse...,Chọn kho
Select an account to print in account currency,Chọn một tài khoản để in theo loại tiền của tài khoản
Select at least one value from each of the attributes.,Chọn ít nhất một giá trị cho mỗi thuộc tính
Select change amount account,Chọn tài khoản chênh lệch
Select company first,Chọn công ty trước
Select students manually for the Activity based Group,Chọn học viên thủ công cho nhóm theo hoạt động
Select the customer or supplier.,Chọn khách hàng hoặc nhà cung cấp
Select the nature of your business.,Chọn loại hình kinh doanh của bạn
Select the program first,Chọn chương trình trước
Select to add Serial Number.,Chọn để thêm số sê-ri
Select your Domains,Chọn tên miền của bạn
Selected Price List should have buying and selling fields checked.,Bảng giá đã chọn phải được đánh dấu mua và bán
Sell,Bán
Selling,Đang bán
Selling Amount,Số tiền bán
Selling Price List,Bảng giá bán
Selling Rate,Đơn giá bán
"Selling must be checked, if Applicable For is selected as {0}",Phải chọn bán nếu mục áp dụng được chọn là {0}
Send Grant Review Email,Gửi email rà soát cấp phép
Send Now,Gửi ngay
Send SMS,Gửi SMS
Send mass SMS to your contacts,Gửi SMS hàng loạt cho danh bạ của bạn
Sensitivity,Độ nhạy
Sent,Đã gửi
Serial No and Batch,Số sê-ri và lô
Serial No is mandatory for Item {0},Số sê-ri là bắt buộc cho mặt hàng {0}
Serial No {0} does not belong to Batch {1},Số sê-ri {0} không thuộc lô {1}
Serial No {0} does not belong to Delivery Note {1},Số sê-ri {0} không thuộc phiếu giao hàng {1}
Serial No {0} does not belong to Item {1},Số sê-ri {0} không thuộc mặt hàng {1}
Serial No {0} does not belong to Warehouse {1},Số sê-ri {0} không thuộc kho {1}
Serial No {0} does not belong to any Warehouse,Số sê-ri {0} không thuộc bất kỳ kho nào
Serial No {0} does not exist,Số sê-ri {0} không tồn tại
Serial No {0} has already been received,Số sê-ri {0} đã được nhận trước đó
Serial No {0} is under maintenance contract upto {1},Số sê-ri {0} đang trong hợp đồng bảo trì đến {1}
Serial No {0} is under warranty upto {1},Số sê-ri {0} đang trong thời hạn bảo hành đến {1}
Serial No {0} not found,Không tìm thấy số sê-ri {0}
Serial No {0} not in stock,Số sê-ri {0} không có trong kho
Serial No {0} quantity {1} cannot be a fraction,Số lượng {1} của số sê-ri {0} không được là số lẻ
Serial Nos Required for Serialized Item {0},Yêu cầu số sê-ri cho mặt hàng quản lý theo sê-ri {0}
Serial Number: {0} is already referenced in Sales Invoice: {1},Số sê-ri {0} đã được tham chiếu trong hóa đơn bán hàng {1}
Serial Numbers,Các số sê-ri
Serial Numbers in row {0} does not match with Delivery Note,Số sê-ri ở dòng {0} không khớp với phiếu giao hàng
Serial no {0} has been already returned,Số sê-ri {0} đã được trả trước đó
Serial number {0} entered more than once,Số sê-ri {0} được nhập nhiều lần
Serialized Inventory,Tồn kho theo sê-ri
Series Updated,Chuỗi đã được cập nhật
Series Updated Successfully,Chuỗi đã được cập nhật thành công
Series is mandatory,Chuỗi là bắt buộc
Service,Dịch vụ
Service Level Agreement,Thỏa thuận mức độ dịch vụ
Service Level Agreement.,Thỏa thuận mức độ dịch vụ
Service Level.,Mức độ dịch vụ
Service Stop Date cannot be after Service End Date,Ngày dừng dịch vụ không được sau ngày kết thúc dịch vụ
Service Stop Date cannot be before Service Start Date,Ngày dừng dịch vụ không được trước ngày bắt đầu dịch vụ
Services,Các dịch vụ
"Set Default Values like Company, Currency, Current Fiscal Year, etc.","Thiết lập giá trị mặc định như công ty, tiền tệ, năm tài chính hiện tại"
Set Details,Thiết lập chi tiết
Set New Release Date,Thiết lập ngày phát hành mới
Set Project and all Tasks to status {0}?,Thiết lập dự án và tất cả công việc về trạng thái {0}
Set Status,Thiết lập trạng thái
Set Tax Rule for shopping cart,Thiết lập quy tắc thuế cho giỏ hàng
Set as Closed,Đặt là đã đóng
Set as Completed,Đặt là đã hoàn thành
Set as Lost,Đặt là đã mất
Set as Open,Đặt là đang mở
Set default inventory account for perpetual inventory,Thiết lập tài khoản tồn kho mặc định cho tồn kho thường xuyên
Set this if the customer is a Public Administration company.,Thiết lập nếu khách hàng là cơ quan hành chính nhà nước
Set {0} in asset category {1} or company {2},Thiết lập {0} trong nhóm tài sản {1} hoặc công ty {2}
"Setting Events to {0}, since the Employee attached to the below Sales Persons does not have a User ID{1}",Đang thiết lập sự kiện thành {0} do nhân viên gắn với nhân viên bán hàng bên dưới không có ID người dùng {1}
Setting defaults,Thiết lập mặc định
Setting up Email,Thiết lập email
Setting up Email Account,Thiết lập tài khoản email
Setting up Employees,Thiết lập nhân viên
Setting up Taxes,Thiết lập thuế
Setting up company,Thiết lập công ty
Settings,Cài đặt
"Settings for online shopping cart such as shipping rules, price list etc.","Cài đặt cho giỏ hàng trực tuyến như quy tắc vận chuyển, bảng giá…"
Settings for website homepage,Cài đặt trang chủ website
Settings for website product listing,Cài đặt danh sách sản phẩm website
Settled,Đã quyết toán
Setup Gateway accounts.,Thiết lập tài khoản cổng thanh toán
Setup SMS gateway settings,Thiết lập cổng SMS
Setup cheque dimensions for printing,Thiết lập kích thước séc để in
Setup default values for POS Invoices,Thiết lập giá trị mặc định cho hóa đơn POS
Setup mode of POS (Online / Offline),Thiết lập chế độ POS (trực tuyến / ngoại tuyến)
Setup your Institute in ERPNext,Thiết lập học viện của bạn trong ERPNext
Share Balance,Chia sẻ số dư
Share Ledger,Chia sẻ sổ cái
Share Management,Quản lý cổ phần
Share Transfer,Chuyển nhượng cổ phần
Share Type,Loại cổ phần
Shareholder,Cổ đông
Ship To State,Giao đến bang
Shipments,Lô hàng
Shipping Address,Địa chỉ giao hàng
"Shipping Address does not have country, which is required for this Shipping Rule","Địa chỉ giao hàng không có quốc gia, điều này là bắt buộc cho quy tắc vận chuyển"
Shipping rule only applicable for Buying,Quy tắc vận chuyển chỉ áp dụng cho mua hàng
Shipping rule only applicable for Selling,Quy tắc vận chuyển chỉ áp dụng cho bán hàng
Shopify Supplier,Nhà cung cấp Shopify
Shopping Cart,Giỏ hàng
Shopping Cart Settings,Cài đặt giỏ hàng
Short Name,Tên ngắn
Shortage Qty,Số lượng thiếu
Show Completed,Hiển thị đã hoàn thành
Show Cumulative Amount,Hiển thị số tiền cộng dồn
Show Open,Hiển thị đang mở
Show Opening Entries,Hiển thị bút toán đầu kỳ
Show Payment Details,Hiển thị chi tiết thanh toán
Show Return Entries,Hiển thị bút toán trả hàng
Show Variant Attributes,Hiển thị thuộc tính biến thể
Show Variants,Hiển thị các biến thể
Show closed,Hiển thị đã đóng
Show exploded view,Hiển thị dạng phân rã
Show only POS,Chỉ hiển thị POS
Show unclosed fiscal year's P&L balances,Hiển thị số dư lãi lỗ của năm tài chính chưa khóa
Show zero values,Hiển thị giá trị bằng không
Silt,Bùn mịn
Single Variant,Biến thể đơn
Single unit of an Item.,Một đơn vị của mặt hàng
"Skipping Leave Allocation for the following employees, as Leave Allocation records already exists against them. {0}",Bỏ qua phân bổ nghỉ phép cho các nhân viên sau do đã tồn tại bản ghi phân bổ nghỉ phép {0}
Slideshow,Trình chiếu
Slots for {0} are not added to the schedule,Các khung cho {0} chưa được thêm vào lịch
Small,Nhỏ
Soap & Detergent,Xà phòng và chất tẩy rửa
Software,Phần mềm
Software Developer,Lập trình viên phần mềm
Softwares,Các phần mềm
Soil compositions do not add up to 100,Thành phần đất không cộng đủ 100
Sold,Đã bán
Some emails are invalid,Một số email không hợp lệ
Some information is missing,Thiếu một số thông tin
Something went wrong!,Đã xảy ra lỗi
"Sorry, Serial Nos cannot be merged","Xin lỗi, không thể gộp các số sê-ri"
Source,Nguồn
Source Name,Tên nguồn
Source Warehouse,Kho nguồn
Source and Target Location cannot be same,Vị trí nguồn và đích không được giống nhau
Source and target warehouse cannot be same for row {0},Kho nguồn và kho đích không được giống nhau cho dòng {0}
Source and target warehouse must be different,Kho nguồn và kho đích phải khác nhau
Source of Funds (Liabilities),Nguồn vốn (nợ phải trả)
Source warehouse is mandatory for row {0},Kho nguồn là bắt buộc cho dòng {0}
Specified BOM {0} does not exist for Item {1},BOM được chỉ định {0} không tồn tại cho mặt hàng {1}
Split,Tách
Split Batch,Tách lô
Split Issue,Tách xuất kho
Sports,Thể thao
Standard Buying,Mua tiêu chuẩn
Standard Selling,Bán tiêu chuẩn
Standard contract terms for Sales or Purchase.,Điều khoản hợp đồng tiêu chuẩn cho bán hoặc mua
Start Date,Ngày bắt đầu
Start Date of Agreement can't be greater than or equal to End Date.,Ngày bắt đầu hợp đồng không được lớn hơn hoặc bằng ngày kết thúc
Start Year,Năm bắt đầu
Start date should be less than end date for Item {0},Ngày bắt đầu phải nhỏ hơn ngày kết thúc cho mặt hàng {0}
Start date should be less than end date for task {0},Ngày bắt đầu phải nhỏ hơn ngày kết thúc cho công việc {0}
Start day is greater than end day in task '{0}',Ngày bắt đầu lớn hơn ngày kết thúc trong công việc {0}
Start on,Bắt đầu vào
State,Bang
State/UT Tax,Thuế bang / liên bang
Statement of Account,Sao kê tài khoản
Status must be one of {0},Trạng thái phải là một trong {0}
Stock,Kho
Stock Adjustment,Điều chỉnh kho
Stock Analytics,Phân tích kho
Stock Assets,Tài sản kho
Stock Available,Tồn kho khả dụng
Stock Balance,Số dư tồn kho
Stock Entries already created for Work Order ,Các bút toán kho đã được tạo cho lệnh sản xuất
Stock Entry,Bút toán kho
Stock Entry {0} created,Bút toán kho {0} đã được tạo
Stock Entry {0} is not submitted,Bút toán kho {0} chưa được nộp
Stock Expenses,Chi phí tồn kho
Stock In Hand,Hàng tồn kho hiện có
Stock Items,Mặt hàng tồn kho
Stock Ledger,Sổ cái kho
Stock Ledger Entries and GL Entries are reposted for the selected Purchase Receipts,Các bút toán sổ kho và sổ cái tổng hợp đã được ghi lại cho các phiếu nhập mua đã chọn
Stock Levels,Mức tồn kho
Stock Liabilities,Nợ phải trả tồn kho
Stock Qty,Số lượng tồn kho
Stock Received But Not Billed,Hàng đã nhận nhưng chưa lập hóa đơn
Stock Reports,Báo cáo tồn kho
Stock Summary,Tổng hợp tồn kho
Stock Transactions,Giao dịch tồn kho
Stock UOM,Đơn vị tính tồn kho
Stock Value,Giá trị tồn kho
Stock balance in Batch {0} will become negative {1} for Item {2} at Warehouse {3},Số dư tồn kho theo lô {0} sẽ trở thành âm {1} cho mặt hàng {2} tại kho {3}
Stock cannot be updated against Delivery Note {0},Không thể cập nhật tồn kho theo phiếu giao hàng {0}
Stock cannot be updated against Purchase Receipt {0},Không thể cập nhật tồn kho theo phiếu nhập mua {0}
Stock cannot exist for Item {0} since has variants,Không thể tồn kho cho mặt hàng {0} vì có biến thể
Stock transactions before {0} are frozen,Các giao dịch tồn kho trước {0} đã bị khóa
Stop,Dừng
Stopped,Đã dừng
"Stopped Work Order cannot be cancelled, Unstop it first to cancel","Lệnh sản xuất đã dừng không thể hủy, hãy bỏ dừng trước để hủy"
Stores,Kho hàng
Student,Học viên
Student Activity,Hoạt động học viên
Student Address,Địa chỉ học viên
Student Admissions,Tuyển sinh học viên
Student Attendance,Điểm danh học viên
"Student Batches help you track attendance, assessments and fees for students","Nhóm học viên giúp bạn theo dõi điểm danh, đánh giá và học phí"
Student Email Address,Địa chỉ email học viên
Student Email ID,Email học viên
Student Group,Nhóm học viên
Student Group Strength,Quy mô nhóm học viên
Student Group is already updated.,Nhóm học viên đã được cập nhật
Student Group: ,Nhóm học viên:
Student ID,Mã học viên
Student ID: ,Mã học viên:
Student LMS Activity,Hoạt động LMS của học viên
Student Mobile No.,Số điện thoại học viên
Student Name,Tên học viên
Student Name: ,Tên học viên:
Student Report Card,Bảng điểm học viên
Student is already enrolled.,Học viên đã được ghi danh
Student {0} - {1} appears Multiple times in row {2} & {3},Học viên {0} - {1} xuất hiện nhiều lần ở dòng {2} và {3}
Student {0} does not belong to group {1},Học viên {0} không thuộc nhóm {1}
Student {0} exist against student applicant {1},Học viên {0} tồn tại gắn với hồ sơ ứng viên {1}
"Students are at the heart of the system, add all your students","Học viên là trung tâm của hệ thống, hãy thêm toàn bộ học viên"
Sub Assemblies,Cụm lắp ráp phụ
Sub Type,Loại phụ
Sub-contracting,Gia công thuê ngoài
Subcontract,Thầu phụ
Subject,Chủ đề
Submit,Nộp
Submit this Work Order for further processing.,Gửi lệnh sản xuất này để xử lý tiếp
Subscription,Đăng ký định kỳ
Subscription Management,Quản lý đăng ký định kỳ
Subscriptions,Các đăng ký định kỳ
Subtotal,Tạm tính
Successful,Thành công
Successfully Reconciled,Đối soát thành công
Successfully Set Supplier,Thiết lập nhà cung cấp thành công
Successfully created payment entries,Đã tạo các bút toán thanh toán thành công
Successfully deleted all transactions related to this company!,Đã xóa thành công tất cả giao dịch liên quan đến công ty này
Sum of Scores of Assessment Criteria needs to be {0}.,Tổng điểm của các tiêu chí đánh giá phải bằng {0}
Sum of points for all goals should be 100. It is {0},"Tổng điểm của tất cả mục tiêu phải là 100, hiện là {0}"
Summary,Tổng quan
Summary for this month and pending activities,Tổng quan tháng này và các hoạt động đang chờ
Summary for this week and pending activities,Tổng quan tuần này và các hoạt động đang chờ
Sunday,Chủ nhật
Suplier,Nhà cung cấp
Supplier,Nhà cung cấp
Supplier Group,Nhóm nhà cung cấp
Supplier Group master.,Danh mục nhóm nhà cung cấp
Supplier Id,Mã nhà cung cấp
Supplier Invoice Date cannot be greater than Posting Date,Ngày hóa đơn nhà cung cấp không được lớn hơn ngày ghi sổ
Supplier Invoice No,Số hóa đơn nhà cung cấp
Supplier Invoice No exists in Purchase Invoice {0},Số hóa đơn nhà cung cấp đã tồn tại trong hóa đơn mua {0}
Supplier Name,Tên nhà cung cấp
Supplier Part No,Mã linh kiện nhà cung cấp
Supplier Quotation,Báo giá nhà cung cấp
Supplier Scorecard,Bảng điểm nhà cung cấp
Supplier Warehouse mandatory for sub-contracted Purchase Receipt,Kho nhà cung cấp là bắt buộc cho phiếu nhập mua gia công
Supplier database.,Cơ sở dữ liệu nhà cung cấp
Supplier {0} not found in {1},Không tìm thấy nhà cung cấp {0} trong {1}
Supplier(s),Nhà cung cấp
Supplies made to UIN holders,Hàng hóa cung cấp cho đơn vị có UIN
Supplies made to Unregistered Persons,Hàng hóa cung cấp cho đối tượng chưa đăng ký
Suppliies made to Composition Taxable Persons,Hàng hóa cung cấp cho đối tượng chịu thuế theo phương pháp khoán
Supply Type,Loại cung ứng
Support,Hỗ trợ
Support Analytics,Phân tích hỗ trợ
Support Settings,Cài đặt hỗ trợ
Support Tickets,Yêu cầu hỗ trợ
Support queries from customers.,Các yêu cầu hỗ trợ từ khách hàng
Susceptible,Dễ bị ảnh hưởng
Sync has been temporarily disabled because maximum retries have been exceeded,Đồng bộ tạm thời bị vô hiệu hóa do vượt quá số lần thử tối đa
Syntax error in condition: {0},Lỗi cú pháp trong điều kiện: {0}
Syntax error in formula or condition: {0},Lỗi cú pháp trong công thức hoặc điều kiện: {0}
System Manager,Quản trị hệ thống
TDS Rate %,Tỷ lệ khấu trừ thuế %
Tap items to add them here,Chạm vào mặt hàng để thêm tại đây
Target,Chỉ tiêu
Target ({}),Chỉ tiêu ({})
Target On,Áp dụng cho
Target Warehouse,Kho đích
Target warehouse is mandatory for row {0},Kho đích là bắt buộc cho dòng {0}
Task,Công việc
Tasks,Các công việc
Tasks have been created for managing the {0} disease (on row {1}),Đã tạo công việc để quản lý bệnh {0} (tại dòng {1})
Tax,Thuế
Tax Assets,Tài sản thuế
Tax Category,Danh mục thuế
Tax Category for overriding tax rates.,Danh mục thuế để ghi đè mức thuế
"Tax Category has been changed to ""Total"" because all the Items are non-stock items",Danh mục thuế đã được đổi thành “Tổng” vì tất cả mặt hàng đều không quản lý tồn kho
Tax ID,Mã số thuế
Tax Id: ,Mã số thuế:
Tax Rate,Thuế suất
Tax Rule Conflicts with {0},Quy tắc thuế xung đột với {0}
Tax Rule for transactions.,Quy tắc thuế cho giao dịch
Tax Template is mandatory.,Bắt buộc phải có mẫu thuế
Tax Withholding rates to be applied on transactions.,Áp dụng thuế khấu trừ cho giao dịch
Tax template for buying transactions.,Mẫu thuế cho giao dịch mua
Tax template for item tax rates.,Mẫu thuế cho thuế mặt hàng
Tax template for selling transactions.,Mẫu thuế cho giao dịch bán
Taxable Amount,Số tiền chịu thuế
Taxes,Các loại thuế
Technology,Công nghệ
Telecommunications,Viễn thông
Telephone Expenses,Chi phí điện thoại
Television,Truyền hình
Template Name,Tên mẫu
Template of terms or contract.,Mẫu điều khoản hoặc hợp đồng
Templates of supplier scorecard criteria.,Mẫu tiêu chí chấm điểm nhà cung cấp
Templates of supplier scorecard variables.,Mẫu biến số chấm điểm nhà cung cấp
Templates of supplier standings.,Mẫu xếp hạng nhà cung cấp
Temporarily on Hold,Tạm thời giữ
Temporary,Tạm thời
Temporary Accounts,Tài khoản tạm
Temporary Opening,Mở số dư tạm
Terms and Conditions,Điều khoản và điều kiện
Terms and Conditions Template,Mẫu điều khoản và điều kiện
Territory,Khu vực
Thank you for your business!,Cảm ơn bạn đã hợp tác
The 'From Package No.' field must neither be empty nor it's value less than 1.,Trường “Số gói bắt đầu” không được để trống và không được nhỏ hơn 1
The Brand,Thương hiệu
The Item {0} cannot have Batch,Mặt hàng {0} không được có lô
The Loyalty Program isn't valid for the selected company,Chương trình khách hàng thân thiết không hợp lệ cho công ty đã chọn
The Payment Term at row {0} is possibly a duplicate.,Điều khoản thanh toán tại dòng {0} có thể bị trùng
The Term End Date cannot be earlier than the Term Start Date. Please correct the dates and try again.,"Ngày kết thúc điều khoản không được trước ngày bắt đầu, vui lòng sửa lại"
The Term End Date cannot be later than the Year End Date of the Academic Year to which the term is linked (Academic Year {}). Please correct the dates and try again.,Ngày kết thúc điều khoản không được sau ngày kết thúc năm học liên kết (Năm học {})
The Term Start Date cannot be earlier than the Year Start Date of the Academic Year to which the term is linked (Academic Year {}). Please correct the dates and try again.,Ngày bắt đầu điều khoản không được trước ngày bắt đầu năm học liên kết (Năm học {})
The Year End Date cannot be earlier than the Year Start Date. Please correct the dates and try again.,"Ngày kết thúc năm không được trước ngày bắt đầu năm, vui lòng sửa lại"
The amount of {0} set in this payment request is different from the calculated amount of all payment plans: {1}. Make sure this is correct before submitting the document.,"Số tiền {0} trong yêu cầu thanh toán này khác với tổng số tiền tính từ các kế hoạch thanh toán: {1}, hãy kiểm tra trước khi nộp"
The field From Shareholder cannot be blank,Trường cổ đông chuyển đi không được để trống
The field To Shareholder cannot be blank,Trường cổ đông nhận không được để trống
The fields From Shareholder and To Shareholder cannot be blank,Các trường cổ đông chuyển đi và cổ đông nhận không được để trống
The folio numbers are not matching,Số folio không khớp
The holiday on {0} is not between From Date and To Date,Ngày nghỉ {0} không nằm trong khoảng từ ngày đến ngày
The name of the institute for which you are setting up this system.,Tên tổ chức mà bạn đang thiết lập hệ thống
The name of your company for which you are setting up this system.,Tên công ty mà bạn đang thiết lập hệ thống
The number of shares and the share numbers are inconsistent,Số lượng cổ phần và số hiệu cổ phần không nhất quán
The payment gateway account in plan {0} is different from the payment gateway account in this payment request,Tài khoản cổng thanh toán trong gói {0} khác với tài khoản cổng thanh toán trong yêu cầu này
The selected BOMs are not for the same item,Các BOM đã chọn không thuộc cùng một mặt hàng
The selected item cannot have Batch,Mặt hàng được chọn không được có lô
The seller and the buyer cannot be the same,Người bán và người mua không được là cùng một
The shareholder does not belong to this company,Cổ đông không thuộc công ty này
The shares already exist,Cổ phần đã tồn tại
The shares don't exist with the {0},Không tồn tại cổ phần với {0}
"The task has been enqueued as a background job. In case there is any issue on processing in background, the system will add a comment about the error on this Stock Reconciliation and revert to the Draft stage","Công việc đã được đưa vào hàng đợi xử lý nền, nếu có lỗi hệ thống sẽ ghi chú và đưa chứng từ về trạng thái nháp"
"Then Pricing Rules are filtered out based on Customer, Customer Group, Territory, Supplier, Supplier Type, Campaign, Sales Partner etc.","Sau đó các quy tắc định giá được lọc theo khách hàng, nhóm khách hàng, khu vực, nhà cung cấp, loại nhà cung cấp, chiến dịch, đối tác bán hàng…"
"There are inconsistencies between the rate, no of shares and the amount calculated","Có sự không nhất quán giữa đơn giá, số lượng cổ phần và số tiền tính toán"
There can be multiple tiered collection factor based on the total spent. But the conversion factor for redemption will always be same for all the tier.,"Có thể có nhiều mức hệ số tích lũy theo tổng chi tiêu, nhưng hệ số quy đổi khi đổi thưởng luôn giống nhau"
There can only be 1 Account per Company in {0} {1},Chỉ có thể có 1 tài khoản cho mỗi công ty trong {0} {1}
"There can only be one Shipping Rule Condition with 0 or blank value for ""To Value""",Chỉ có thể có một điều kiện quy tắc vận chuyển với giá trị “Đến” bằng 0 hoặc để trống
There is not enough leave balance for Leave Type {0},Không đủ số dư nghỉ phép cho loại nghỉ {0}
There is nothing to edit.,Không có gì để chỉnh sửa
There isn't any item variant for the selected item,Không có biến thể nào cho mặt hàng đã chọn
"There seems to be an issue with the server's GoCardless configuration. Don't worry, in case of failure, the amount will get refunded to your account.","Có vẻ có sự cố với cấu hình GoCardless của máy chủ, nếu thất bại số tiền sẽ được hoàn lại"
There were errors creating Course Schedule,Có lỗi khi tạo lịch học
There were errors.,Đã xảy ra lỗi
This Item is a Template and cannot be used in transactions. Item attributes will be copied over into the variants unless 'No Copy' is set,"Mặt hàng này là mẫu và không thể dùng cho giao dịch, các thuộc tính sẽ được sao chép sang biến thể trừ khi đặt “Không sao chép”"
This Item is a Variant of {0} (Template).,Mặt hàng này là biến thể của {0}
This Month's Summary,Tổng quan tháng này
This Week's Summary,Tổng quan tuần này
This action will stop future billing. Are you sure you want to cancel this subscription?,"Thao tác này sẽ dừng việc lập hóa đơn trong tương lai, bạn có chắc muốn hủy đăng ký này"
This covers all scorecards tied to this Setup,Áp dụng cho tất cả bảng điểm gắn với thiết lập này
This document is over limit by {0} {1} for item {4}. Are you making another {3} against the same {2}?,"Chứng từ này vượt hạn mức {0} {1} cho mặt hàng {4}, bạn có đang tạo thêm {3} cho cùng {2}"
This is a root account and cannot be edited.,Đây là tài khoản gốc và không thể chỉnh sửa
This is a root customer group and cannot be edited.,Đây là nhóm khách hàng gốc và không thể chỉnh sửa
This is a root department and cannot be edited.,Đây là phòng ban gốc và không thể chỉnh sửa
This is a root healthcare service unit and cannot be edited.,Đây là đơn vị dịch vụ y tế gốc và không thể chỉnh sửa
This is a root item group and cannot be edited.,Đây là nhóm mặt hàng gốc và không thể chỉnh sửa
This is a root sales person and cannot be edited.,Đây là nhân viên bán hàng gốc và không thể chỉnh sửa
This is a root supplier group and cannot be edited.,Đây là nhóm nhà cung cấp gốc và không thể chỉnh sửa
This is a root territory and cannot be edited.,Đây là khu vực gốc và không thể chỉnh sửa
This is an example website auto-generated from ERPNext,Đây là website mẫu được tạo tự động từ ERPNext
This is based on logs against this Vehicle. See timeline below for details,"Dựa trên nhật ký của phương tiện này, xem dòng thời gian bên dưới"
This is based on stock movement. See {0} for details,"Dựa trên biến động tồn kho, xem {0} để biết chi tiết"
This is based on the Time Sheets created against this project,Dựa trên bảng chấm công của dự án này
This is based on the attendance of this Student,Dựa trên điểm danh của học viên này
This is based on transactions against this Customer. See timeline below for details,"Dựa trên giao dịch của khách hàng này, xem dòng thời gian bên dưới"
This is based on transactions against this Healthcare Practitioner.,Dựa trên giao dịch của nhân viên y tế này
This is based on transactions against this Patient. See timeline below for details,"Dựa trên giao dịch của bệnh nhân này, xem dòng thời gian bên dưới"
This is based on transactions against this Sales Person. See timeline below for details,"Dựa trên giao dịch của nhân viên bán hàng này, xem dòng thời gian bên dưới"
This is based on transactions against this Supplier. See timeline below for details,"Dựa trên giao dịch của nhà cung cấp này, xem dòng thời gian bên dưới"
This {0} conflicts with {1} for {2} {3},{0} xung đột với {1} cho {2} {3}
Time Sheet for manufacturing.,Bảng chấm công cho sản xuất
Time Tracking,Theo dõi thời gian
"Time slot skiped, the slot {0} to {1} overlap exisiting slot {2} to {3}","Khung thời gian bị bỏ qua, khung {0} đến {1} trùng với khung {2} đến {3}"
Time slots added,Đã thêm các khung thời gian
Time(in mins),Thời gian (phút)
Timer,Bộ đếm thời gian
Timer exceeded the given hours.,Bộ đếm thời gian vượt quá số giờ cho phép
Timesheet,Bảng chấm công
Timesheet for tasks.,Bảng chấm công cho công việc
Timesheet {0} is already completed or cancelled,Bảng chấm công {0} đã hoàn thành hoặc bị hủy
Timesheets,Các bảng chấm công
"Timesheets help keep track of time, cost and billing for activites done by your team","Bảng chấm công giúp theo dõi thời gian, chi phí và lập hóa đơn cho các hoạt động của nhóm"
Titles for print templates e.g. Proforma Invoice.,"Tiêu đề cho mẫu in, ví dụ hóa đơn tạm tính"
To,Đến
To Address 1,Địa chỉ đến 1
To Address 2,Địa chỉ đến 2
To Bill,Lập hóa đơn
To Date,Đến ngày
To Date cannot be before From Date,Đến ngày không được trước từ ngày
To Date cannot be less than From Date,Đến ngày không được nhỏ hơn từ ngày
To Date must be greater than From Date,Đến ngày phải lớn hơn từ ngày
To Date should be within the Fiscal Year. Assuming To Date = {0},"Đến ngày phải nằm trong năm tài chính, giả định đến ngày = {0}"
To Datetime,Đến thời điểm
To Deliver,Giao hàng
To Deliver and Bill,Giao hàng và lập hóa đơn
To Fiscal Year,Đến năm tài chính
To GSTIN,Đến GSTIN
To Party Name,Đến tên đối tác
To Pin Code,Đến mã bưu chính
To Place,Đến địa điểm
To Receive,Nhận hàng
To Receive and Bill,Nhận hàng và lập hóa đơn
To State,Đến bang
To Warehouse,Đến kho
To create a Payment Request reference document is required,Để tạo yêu cầu thanh toán cần có chứng từ tham chiếu
"To filter based on Party, select Party Type first","Để lọc theo đối tác, hãy chọn loại đối tác trước"
"To get the best out of ERPNext, we recommend that you take some time and watch these help videos.","Để tận dụng tốt nhất ERPNext, chúng tôi khuyên bạn dành thời gian xem các video hướng dẫn"
"To include tax in row {0} in Item rate, taxes in rows {1} must also be included","Để bao gồm thuế vào dòng {0} trong đơn giá, thuế ở dòng {1} cũng phải được bao gồm"
To make Customer based incentive schemes.,Để tạo chương trình khuyến khích theo khách hàng
"To merge, following properties must be same for both items","Để gộp, các thuộc tính sau phải giống nhau cho cả hai mặt hàng"
"To not apply Pricing Rule in a particular transaction, all applicable Pricing Rules should be disabled.",Không áp dụng Quy tắc định giá cho một giao dịch cụ thể thì tất cả các Quy tắc định giá liên quan phải được tắt.
"To set this Fiscal Year as Default, click on 'Set as Default'","Để đặt Năm tài chính này làm mặc định, hãy nhấp vào “Đặt làm mặc định”."
To view logs of Loyalty Points assigned to a Customer.,Xem nhật ký điểm thưởng khách hàng đã được gán.
To {0},Đến {0}
To {0} | {1} {2},Đến {0} | {1} {2}
Toggle Filters,Bật/Tắt bộ lọc
Too many columns. Export the report and print it using a spreadsheet application.,Quá nhiều cột. Hãy xuất báo cáo và in bằng ứng dụng bảng tính.
Tools,Công cụ
Total (Credit),Tổng (Có)
Total (Without Tax),Tổng (Chưa thuế)
Total Achieved,Tổng đạt được
Total Actual,Tổng thực tế
Total Amount,Tổng số tiền
Total Amount Credited,Tổng số tiền đã ghi Có
Total Applicable Charges in Purchase Receipt Items table must be same as Total Taxes and Charges,Tổng các khoản phí áp dụng trong bảng Mặt hàng Phiếu nhập mua phải bằng Tổng thuế và phí
Total Budget,Tổng ngân sách
Total Collected: {0},Tổng đã thu: {0}
Total Commission,Tổng hoa hồng
Total Contribution Amount: {0},Tổng số tiền đóng góp: {0}
Total Credit/ Debit Amount should be same as linked Journal Entry,Tổng số tiền Có/Nợ phải bằng với bút toán nhật ký liên kết
Total Debit must be equal to Total Credit. The difference is {0},Tổng Nợ phải bằng Tổng Có. Chênh lệch là {0}
Total Invoiced Amount,Tổng số tiền đã lập hóa đơn
Total Order Considered,Tổng giá trị đơn hàng được tính
Total Order Value,Tổng giá trị đơn hàng
Total Outgoing,Tổng chi ra
Total Outstanding,Tổng còn phải thu
Total Outstanding Amount,Tổng số tiền còn phải thu
Total Outstanding: {0},Tổng còn phải thu: {0}
Total Paid Amount,Tổng số tiền đã thanh toán
Total Payment Amount in Payment Schedule must be equal to Grand / Rounded Total,Tổng số tiền thanh toán trong Lịch thanh toán phải bằng Tổng cộng / Tổng làm tròn
Total Payments,Tổng các khoản thanh toán
Total Qty,Tổng số lượng
Total Quantity,Tổng số lượng
Total Revenue,Tổng doanh thu
Total Student,Tổng số học viên
Total Target,Tổng chỉ tiêu
Total Tax,Tổng thuế
Total Taxable Amount,Tổng giá trị chịu thuế
Total Taxable Value,Tổng giá trị tính thuế
Total Unpaid: {0},Tổng chưa thanh toán: {0}
Total Variance,Tổng chênh lệch
Total Weightage of all Assessment Criteria must be 100%,Tổng trọng số của tất cả tiêu chí đánh giá phải là 100%
Total advance ({0}) against Order {1} cannot be greater than the Grand Total ({2}),Tổng tiền ứng trước ({0}) cho Đơn hàng {1} không được lớn hơn Tổng cộng ({2})
Total advance amount cannot be greater than total claimed amount,Tổng số tiền ứng trước không được lớn hơn tổng số tiền yêu cầu
Total allocated leaves are more days than maximum allocation of {0} leave type for employee {1} in the period,Tổng số ngày nghỉ được phân bổ nhiều hơn mức tối đa của loại nghỉ {0} cho nhân viên {1} trong kỳ
Total allocated leaves are more than days in the period,Tổng số ngày nghỉ được phân bổ nhiều hơn số ngày trong kỳ
Total allocated percentage for sales team should be 100,Tổng tỷ lệ phân bổ cho đội ngũ bán hàng phải là 100
Total cannot be zero,Tổng không được bằng 0
Total contribution percentage should be equal to 100,Tổng tỷ lệ đóng góp phải bằng 100
Total hours: {0},Tổng số giờ: {0}
Total {0} ({1}),Tổng {0} ({1})
"Total {0} for all items is zero, may be you should change 'Distribute Charges Based On'","Tổng {0} của tất cả mặt hàng bằng 0, có thể bạn nên thay đổi “Phân bổ phí dựa trên”"
Total(Amt),Tổng (Số tiền)
Total(Qty),Tổng (Số lượng)
Traceability,Khả năng truy vết
Track Leads by Lead Source.,Theo dõi khách hàng tiềm năng theo nguồn
Transaction,Giao dịch
Transaction Date,Ngày giao dịch
Transaction Type,Loại giao dịch
Transaction currency must be same as Payment Gateway currency,Tiền tệ giao dịch phải giống với tiền tệ của Cổng thanh toán
Transaction not allowed against stopped Work Order {0},Không cho phép giao dịch đối với Lệnh sản xuất đã dừng {0}
Transaction reference no {0} dated {1},Tham chiếu giao dịch số {0} ngày {1}
Transactions,Các giao dịch
Transactions can only be deleted by the creator of the Company,Chỉ người tạo Công ty mới có thể xóa giao dịch
Transfer,Chuyển
Transfer Material,Chuyển nguyên vật liệu
Transfer Type,Loại chuyển
Transfer an asset from one warehouse to another,Chuyển tài sản từ kho này sang kho khác
Transfered,Đã chuyển
Transferred Quantity,Số lượng đã chuyển
Transport Receipt Date,Ngày chứng từ vận chuyển
Transport Receipt No,Số chứng từ vận chuyển
Transportation,Vận chuyển
Transporter ID,Mã đơn vị vận chuyển
Transporter Name,Tên đơn vị vận chuyển
Travel Expenses,Chi phí đi lại
Tree Type,Loại cây
Tree of Bill of Materials,Cây Định mức nguyên vật liệu (BOM)
Tree of Item Groups.,Cây Nhóm mặt hàng
Tree of Procedures,Cây Quy trình
Tree of Quality Procedures.,Cây Quy trình chất lượng
Tree of financial Cost Centers.,Cây Trung tâm chi phí tài chính
Tree of financial accounts.,Cây Tài khoản tài chính
Treshold {0}% appears more than once,Ngưỡng {0}% xuất hiện nhiều hơn một lần
Trial Period End Date Cannot be before Trial Period Start Date,Ngày kết thúc dùng thử không được trước ngày bắt đầu dùng thử
Trialling,Đang dùng thử
Type of Business,Loại hình kinh doanh
Types of activities for Time Logs,Các loại hoạt động cho nhật ký thời gian
UOM,Đơn vị tính
UOM Conversion factor is required in row {0},Hệ số quy đổi đơn vị tính là bắt buộc tại dòng {0}
UOM coversion factor required for UOM: {0} in Item: {1},Cần hệ số quy đổi cho UOM: {0} của Mặt hàng: {1}
URL,URL
Unable to find exchange rate for {0} to {1} for key date {2}. Please create a Currency Exchange record manually,Không tìm thấy tỷ giá từ {0} sang {1} cho ngày khóa {2}. Vui lòng tạo bản ghi Tỷ giá thủ công
Unable to find score starting at {0}. You need to have standing scores covering 0 to 100,Không tìm thấy điểm xếp hạng bắt đầu từ {0}. Cần có thang điểm bao phủ từ 0 đến 100
Unable to find variable: ,Không tìm thấy biến:
Unblock Invoice,Mở khóa hóa đơn
Uncheck all,Bỏ chọn tất cả
Unclosed Fiscal Years Profit / Loss (Credit),Lãi/Lỗ (Có) của các năm tài chính chưa khóa
Unit,Đơn vị
Unit of Measure,Đơn vị tính
Unit of Measure {0} has been entered more than once in Conversion Factor Table,Đơn vị tính {0} đã được nhập nhiều hơn một lần trong bảng hệ số quy đổi
Unknown,Không xác định
Unpaid,Chưa thanh toán
Unsecured Loans,Khoản vay không có tài sản đảm bảo
Unsubscribe from this Email Digest,Hủy đăng ký khỏi bản tin email này
Unsubscribed,Đã hủy đăng ký
Until,Đến khi
Unverified Webhook Data,Dữ liệu Webhook chưa xác thực
Update Account Name / Number,Cập nhật Tên / Số tài khoản
Update Account Number / Name,Cập nhật Số / Tên tài khoản
Update Cost,Cập nhật chi phí
Update Items,Cập nhật mặt hàng
Update Print Format,Cập nhật mẫu in
Update bank payment dates with journals.,Cập nhật ngày thanh toán ngân hàng bằng bút toán nhật ký
Update in progress. It might take a while.,Đang cập nhật. Có thể mất một lúc
Update rate as per last purchase,Cập nhật đơn giá theo lần mua gần nhất
Update stock must be enable for the purchase invoice {0},Phải bật cập nhật tồn kho cho hóa đơn mua {0}
Updating Variants...,Đang cập nhật biến thể…
Upload your letter head and logo. (you can edit them later).,Tải lên tiêu đề thư và logo (có thể chỉnh sửa sau)
Upper Income,Thu nhập cao
Use Sandbox,Dùng môi trường Sandbox
User,Người dùng
User ID,Mã người dùng
User ID not set for Employee {0},Chưa thiết lập ID người dùng cho nhân viên {0}
User Remark,Ghi chú người dùng
User has not applied rule on the invoice {0},Người dùng chưa áp dụng quy tắc cho hóa đơn {0}
User {0} already exists,Người dùng {0} đã tồn tại
User {0} created,Đã tạo người dùng {0}
User {0} does not exist,Người dùng {0} không tồn tại
User {0} doesn't have any default POS Profile. Check Default at Row {1} for this User.,Người dùng {0} không có Hồ sơ POS mặc định. Kiểm tra Mặc định tại dòng {1} cho người dùng này
User {0} is already assigned to Employee {1},Người dùng {0} đã được gán cho Nhân viên {1}
User {0} is already assigned to Healthcare Practitioner {1},Người dùng {0} đã được gán cho Nhân viên y tế {1}
Users,Người dùng
Utility Expenses,Chi phí tiện ích
Valid From Date must be lesser than Valid Upto Date.,Ngày hiệu lực từ phải nhỏ hơn ngày hiệu lực đến
Valid Till,Hiệu lực đến
Valid from and valid upto fields are mandatory for the cumulative,Các trường hiệu lực từ và hiệu lực đến là bắt buộc cho dạng cộng dồn
Valid from date must be less than valid upto date,Ngày hiệu lực từ phải nhỏ hơn ngày hiệu lực đến
Valid till date cannot be before transaction date,Ngày hiệu lực đến không được trước ngày giao dịch
Validity,Thời hạn hiệu lực
Validity period of this quotation has ended.,Thời hạn hiệu lực của báo giá này đã hết
Valuation Rate,Giá trị định giá
Valuation Rate is mandatory if Opening Stock entered,Giá trị định giá là bắt buộc nếu nhập tồn kho đầu kỳ
Valuation type charges can not marked as Inclusive,Không được đánh dấu phí theo kiểu định giá là Bao gồm
Value Or Qty,Giá trị hoặc Số lượng
Value Proposition,Giá trị đề xuất
Value for Attribute {0} must be within the range of {1} to {2} in the increments of {3} for Item {4},Giá trị cho Thuộc tính {0} phải nằm trong khoảng {1} đến {2} với bước {3} cho Mặt hàng {4}
Value must be between {0} and {1},Giá trị phải nằm giữa {0} và {1}
"Values of exempt, nil rated and non-GST inward supplies","Giá trị của hàng miễn thuế, thuế suất 0% và hàng mua vào không chịu GST"
Variance,Chênh lệch
Variance ({}),Chênh lệch ({})
Variant,Biến thể
Variant Attributes,Thuộc tính biến thể
Variant Based On cannot be changed,Không thể thay đổi “Dựa trên biến thể”
Variant Details Report,Báo cáo chi tiết biến thể
Variant creation has been queued.,Đã đưa việc tạo biến thể vào hàng đợi
Vehicle Expenses,Chi phí phương tiện
Vehicle No,Số xe
Vehicle Type,Loại xe
Vehicle/Bus Number,Số xe/xe buýt
Venture Capital,Vốn đầu tư mạo hiểm
View Chart of Accounts,Xem Sơ đồ tài khoản
View Fees Records,Xem hồ sơ học phí
View Form,Xem biểu mẫu
View Lab Tests,Xem xét nghiệm
View Leads,Xem khách hàng tiềm năng
View Ledger,Xem sổ cái
View Now,Xem ngay
View a list of all the help videos,Xem danh sách tất cả video trợ giúp
View in Cart,Xem trong giỏ hàng
Visit report for maintenance call.,Báo cáo chuyến thăm cho cuộc gọi bảo trì
Visit the forums,Truy cập diễn đàn
Vital Signs,Dấu hiệu sinh tồn
Volunteer,Tình nguyện viên
Volunteer Type information.,Thông tin loại tình nguyện viên
Volunteer information.,Thông tin tình nguyện viên
Voucher #,Chứng từ #
Voucher No,Số chứng từ
Voucher Type,Loại chứng từ
WIP Warehouse,Kho WIP
Warehouse can not be deleted as stock ledger entry exists for this warehouse.,Không thể xóa kho vì đã tồn tại bút toán sổ kho cho kho này
Warehouse cannot be changed for Serial No.,Không thể thay đổi kho cho Số serial
Warehouse is mandatory,Kho là bắt buộc
Warehouse is mandatory for stock Item {0} in row {1},Kho là bắt buộc cho mặt hàng tồn kho {0} tại dòng {1}
Warehouse not found in the system,Không tìm thấy kho trong hệ thống
"Warehouse required at Row No {0}, please set default warehouse for the item {1} for the company {2}","Cần kho tại dòng {0}, vui lòng thiết lập kho mặc định cho mặt hàng {1} của công ty {2}"
Warehouse required for stock Item {0},Cần kho cho mặt hàng tồn kho {0}
Warehouse {0} can not be deleted as quantity exists for Item {1},Không thể xóa kho {0} vì còn số lượng cho mặt hàng {1}
Warehouse {0} does not belong to company {1},Kho {0} không thuộc công ty {1}
Warehouse {0} does not exist,Kho {0} không tồn tại
"Warehouse {0} is not linked to any account, please mention the account in  the warehouse record or set default inventory account in company {1}.","Kho {0} chưa liên kết với tài khoản nào, vui lòng khai báo tài khoản trong hồ sơ kho hoặc đặt tài khoản tồn kho mặc định cho công ty {1}"
Warehouses with child nodes cannot be converted to ledger,Kho có nút con không thể chuyển thành sổ cái
Warehouses with existing transaction can not be converted to group.,Kho có giao dịch tồn tại không thể chuyển thành nhóm
Warehouses with existing transaction can not be converted to ledger.,Kho có giao dịch tồn tại không thể chuyển thành sổ cái
Warning,Cảnh báo
Warning: Another {0} # {1} exists against stock entry {2},Cảnh báo: Đã tồn tại {0} # {1} gắn với bút toán kho {2}
Warning: Invalid SSL certificate on attachment {0},Cảnh báo: Chứng chỉ SSL không hợp lệ cho tệp đính kèm {0}
Warning: Invalid attachment {0},Cảnh báo: Tệp đính kèm không hợp lệ {0}
Warning: Material Requested Qty is less than Minimum Order Qty,Cảnh báo: Số lượng yêu cầu vật tư nhỏ hơn số lượng đặt hàng tối thiểu
Warning: Sales Order {0} already exists against Customer's Purchase Order {1},Cảnh báo: Đơn bán {0} đã tồn tại cho Đơn mua của khách hàng {1}
Warning: System will not check overbilling since amount for Item {0} in {1} is zero,Cảnh báo: Hệ thống sẽ không kiểm tra ghi vượt vì số tiền của Mặt hàng {0} trong {1} bằng 0
Warranty,Bảo hành
Warranty Claim,Yêu cầu bảo hành
Warranty Claim against Serial No.,Yêu cầu bảo hành theo Số serial
Website,Website
Website Image should be a public file or website URL,Hình ảnh website phải là tệp công khai hoặc URL website
Website Image {0} attached to Item {1} cannot be found,Không tìm thấy hình ảnh website {0} đính kèm với Mặt hàng {1}
Website Manager,Quản trị website
Website Settings,Cài đặt website
Wednesday,Thứ Tư
Week,Tuần
Weekly,Hàng tuần
"Weight is mentioned,\nPlease mention ""Weight UOM"" too","Đã khai báo khối lượng, vui lòng khai báo thêm “Đơn vị khối lượng”"
Welcome email sent,Đã gửi email chào mừng
Welcome to ERPNext,Chào mừng đến với ERPNext
What do you need help with?,Bạn cần trợ giúp gì?
What does it do?,Chức năng này làm gì?
Where manufacturing operations are carried.,Nơi thực hiện các hoạt động sản xuất
White,Trắng
Wire Transfer,Chuyển khoản
WooCommerce Products,Sản phẩm WooCommerce
Work In Progress,Đang sản xuất (WIP)
Work Order,Lệnh sản xuất
Work Order already created for all items with BOM,Đã tạo lệnh sản xuất cho tất cả mặt hàng có BOM
Work Order cannot be raised against a Item Template,Không thể tạo lệnh sản xuất cho Mặt hàng mẫu
Work Order has been {0},Lệnh sản xuất đã {0}
Work Order not created,Chưa tạo lệnh sản xuất
Work Order {0} must be cancelled before cancelling this Sales Order,Lệnh sản xuất {0} phải được hủy trước khi hủy Đơn bán này
Work Order {0} must be submitted,Lệnh sản xuất {0} phải được nộp
Work Orders Created: {0},Đã tạo các lệnh sản xuất: {0}
Work-in-Progress Warehouse is required before Submit,Phải có Kho WIP trước khi nộp
Working,Đang làm việc
Working Hours,Giờ làm việc
Workstation,Trạm làm việc
Workstation is closed on the following dates as per Holiday List: {0},Trạm làm việc đóng cửa vào các ngày sau theo Danh sách ngày nghỉ: {0}
Wrapping up,Kết thúc
Wrong Password,Sai mật khẩu
Year start date or end date is overlapping with {0}. To avoid please set company,"Ngày bắt đầu hoặc kết thúc năm trùng với {0}. Để tránh, vui lòng thiết lập công ty"
You are not authorized to add or update entries before {0},Bạn không được phép thêm hoặc cập nhật bút toán trước {0}
You are not authorized to set Frozen value,Bạn không được phép đặt giá trị đóng băng
You can not change rate if BOM mentioned agianst any item,Không thể thay đổi đơn giá nếu có BOM gắn với bất kỳ mặt hàng nào
You can not enter current voucher in 'Against Journal Entry' column,Không thể nhập chứng từ hiện tại vào cột “Đối ứng bút toán nhật ký”
You can only have Plans with the same billing cycle in a Subscription,Chỉ có thể có các gói có cùng chu kỳ thanh toán trong một Đăng ký
You can only redeem max {0} points in this order.,Bạn chỉ có thể đổi tối đa {0} điểm cho đơn hàng này
You can only renew if your membership expires within 30 days,Bạn chỉ có thể gia hạn nếu tư cách thành viên hết hạn trong vòng 30 ngày
You can only select a maximum of one option from the list of check boxes.,Bạn chỉ có thể chọn tối đa một tùy chọn từ danh sách hộp kiểm
You can't redeem Loyalty Points having more value than the Grand Total.,Bạn không thể đổi điểm thưởng có giá trị lớn hơn Tổng cộng
You cannot credit and debit same account at the same time,Bạn không thể ghi Có và ghi Nợ cùng một tài khoản cùng lúc
You cannot delete Fiscal Year {0}. Fiscal Year {0} is set as default in Global Settings,Bạn không thể xóa Năm tài chính {0}. Năm tài chính {0} đang được đặt làm mặc định trong Cài đặt chung
You cannot delete Project Type 'External',Bạn không thể xóa Loại dự án “External”
You cannot edit root node.,Bạn không thể chỉnh sửa nút gốc.
You cannot restart a Subscription that is not cancelled.,Bạn không thể khởi động lại một Subscription khi nó chưa bị hủy.
You don't have enough Loyalty Points to redeem,Bạn không có đủ Điểm thưởng (Loyalty Points) để đổi.
You have already assessed for the assessment criteria {}.,Bạn đã đánh giá theo tiêu chí đánh giá {} rồi.
You have already selected items from {0} {1},Bạn đã chọn các mặt hàng từ {0} {1}.
You have been invited to collaborate on the project: {0},Bạn đã được mời cộng tác vào dự án: {0}.
You have entered duplicate items. Please rectify and try again.,Bạn đã nhập các mặt hàng trùng lặp. Vui lòng chỉnh sửa và thử lại.
You need to be a user other than Administrator with System Manager and Item Manager roles to register on Marketplace.,Bạn cần là người dùng khác Administrator và có vai trò System Manager và Item Manager để đăng ký trên Marketplace.
You need to be a user with System Manager and Item Manager roles to add users to Marketplace.,Bạn cần là người dùng có vai trò System Manager và Item Manager để thêm người dùng vào Marketplace.
You need to be a user with System Manager and Item Manager roles to register on Marketplace.,Bạn cần là người dùng có vai trò System Manager và Item Manager để đăng ký trên Marketplace.
You need to enable Shopping Cart,Bạn cần bật Shopping Cart.
You will lose records of previously generated invoices. Are you sure you want to restart this subscription?,Bạn sẽ mất các bản ghi hóa đơn đã được tạo trước đó. Bạn có chắc chắn muốn khởi động lại subscription này không?
Your Organization,Tổ chức của bạn
Your cart is Empty,Giỏ hàng của bạn đang trống
Your email address...,Địa chỉ email của bạn...
Your order is out for delivery!,Đơn hàng của bạn đang được giao!
Your tickets,Vé của bạn
ZIP Code,Mã ZIP
[Error],[Lỗi]
[{0}](#Form/Item/{0}) is out of stock,{0} đã hết hàng
`Freeze Stocks Older Than` should be smaller than %d days.,Freeze Stocks Older Than phải nhỏ hơn %d ngày.
based_on,dựa_trên
cannot be greater than 100,không thể lớn hơn 100
disabled user,người dùng bị vô hiệu hóa
"e.g. ""Build tools for builders""","ví dụ: ""Xây dựng công cụ cho người xây dựng"""
"e.g. ""Primary School"" or ""University""","ví dụ: ""Trường Tiểu học"" hoặc ""Đại học"""
"e.g. Bank, Cash, Credit Card","ví dụ: Ngân hàng, Tiền mặt, Thẻ tín dụng"
hidden,ẩn
modified,đã chỉnh sửa
old_parent,old_parent
on,bật
{0} '{1}' is disabled,{0} '{1}' đã bị vô hiệu hóa
{0} '{1}' not in Fiscal Year {2},{0} '{1}' không nằm trong Năm tài chính {2}
{0} ({1}) cannot be greater than planned quantity ({2}) in Work Order {3},{0} ({1}) không thể lớn hơn số lượng kế hoạch ({2}) trong Lệnh sản xuất {3}
{0} - {1} is inactive student,{0} - {1} là học viên không còn hoạt động
{0} - {1} is not enrolled in the Batch {2},{0} - {1} chưa được ghi danh vào Lớp {2}
{0} - {1} is not enrolled in the Course {2},{0} - {1} chưa được ghi danh vào Khóa học {2}
{0} Budget for Account {1} against {2} {3} is {4}. It will exceed by {5},Ngân sách {0} cho Tài khoản {1} đối với {2} {3} là {4}. Sẽ vượt quá {5}
{0} Digest,{0} Tổng hợp
{0} Request for {1},{0} Yêu cầu cho {1}
{0} Result submittted,{0} Kết quả đã được gửi
{0} Serial Numbers required for Item {1}. You have provided {2}.,{0} yêu cầu Số serial cho Mặt hàng {1}. Bạn đã cung cấp {2}.
{0} Student Groups created.,Đã tạo {0} Nhóm học viên.
{0} Students have been enrolled,{0} học viên đã được ghi danh
{0} against Bill {1} dated {2},{0} đối với Hóa đơn {1} ngày {2}
{0} against Purchase Order {1},{0} đối với Đơn mua hàng {1}
{0} against Sales Invoice {1},{0} đối với Hóa đơn bán hàng {1}
{0} against Sales Order {1},{0} đối với Đơn bán hàng {1}
{0} asset cannot be transferred,Tài sản {0} không thể được chuyển
{0} can not be negative,{0} không được là số âm
{0} created,Đã tạo {0}
"{0} currently has a {1} Supplier Scorecard standing, and Purchase Orders to this supplier should be issued with caution.","{0} hiện có xếp hạng Supplier Scorecard là {1}, các Đơn mua hàng với nhà cung cấp này cần được thực hiện cẩn trọng."
"{0} currently has a {1} Supplier Scorecard standing, and RFQs to this supplier should be issued with caution.","{0} hiện có xếp hạng Supplier Scorecard là {1}, các RFQ gửi đến nhà cung cấp này cần được thực hiện cẩn trọng."
{0} does not belong to Company {1},{0} không thuộc Công ty {1}
{0} does not have a Healthcare Practitioner Schedule. Add it in Healthcare Practitioner master,{0} chưa có Lịch làm việc của Nhân viên y tế. Vui lòng thêm trong danh mục Healthcare Practitioner
{0} entered twice in Item Tax,{0} được nhập hai lần trong Thuế mặt hàng
{0} for {1},{0} cho {1}
{0} has been submitted successfully,{0} đã được gửi thành công
{0} has fee validity till {1},{0} có hiệu lực phí đến {1}
{0} hours,{0} giờ
{0} in row {1},{0} tại dòng {1}
{0} is blocked so this transaction cannot proceed,{0} đang bị khóa nên giao dịch này không thể tiếp tục
{0} is mandatory,{0} là bắt buộc
{0} is mandatory for Item {1},{0} là bắt buộc đối với Mặt hàng {1}
{0} is mandatory. Maybe Currency Exchange record is not created for {1} to {2}.,{0} là bắt buộc. Có thể chưa tạo bản ghi Tỷ giá tiền tệ cho {1} sang {2}.
{0} is not a stock Item,{0} không phải là mặt hàng tồn kho
{0} is not a valid Batch Number for Item {1},{0} không phải là Số lô hợp lệ cho Mặt hàng {1}
{0} is not added in the table,{0} chưa được thêm vào bảng
{0} is now the default Fiscal Year. Please refresh your browser for the change to take effect.,{0} hiện là Năm tài chính mặc định. Vui lòng tải lại trình duyệt để thay đổi có hiệu lực.
{0} is on hold till {1},{0} đang bị giữ đến {1}
{0} item found.,Tìm thấy {0} mặt hàng.
{0} items found.,Tìm thấy {0} mặt hàng.
{0} items in progress,{0} mặt hàng đang xử lý
{0} items produced,{0} mặt hàng đã sản xuất
{0} must appear only once,{0} chỉ được xuất hiện một lần
{0} must be negative in return document,{0} phải là số âm trong chứng từ trả hàng
{0} not allowed to transact with {1}. Please change the Company.,{0} không được phép giao dịch với {1}. Vui lòng đổi Công ty.
{0} not found for item {1},Không tìm thấy {0} cho mặt hàng {1}
{0} parameter is invalid,Tham số {0} không hợp lệ
{0} payment entries can not be filtered by {1},Các bút toán thanh toán {0} không thể được lọc theo {1}
{0} should be a value between 0 and 100,{0} phải là giá trị từ 0 đến 100
{0} units of [{1}](#Form/Item/{1}) found in [{2}](#Form/Warehouse/{2}),Tìm thấy {0} đơn vị {1} trong {2}
{0} units of {1} needed in {2} on {3} {4} for {5} to complete this transaction.,Cần {0} đơn vị {1} tại {2} vào {3} {4} cho {5} để hoàn tất giao dịch này.
{0} units of {1} needed in {2} to complete this transaction.,Cần {0} đơn vị {1} tại {2} để hoàn tất giao dịch này.
{0} valid serial nos for Item {1},{0} số serial hợp lệ cho Mặt hàng {1}
{0} variants created.,Đã tạo {0} biến thể.
{0} {1} created,Đã tạo {0} {1}
{0} {1} does not exist,{0} {1} không tồn tại
{0} {1} has been modified. Please refresh.,{0} {1} đã được chỉnh sửa. Vui lòng làm mới.
{0} {1} has not been submitted so the action cannot be completed,{0} {1} chưa được gửi nên không thể hoàn tất thao tác
"{0} {1} is associated with {2}, but Party Account is {3}","{0} {1} được liên kết với {2}, nhưng Tài khoản đối tác là {3}"
{0} {1} is cancelled or closed,{0} {1} đã bị hủy hoặc đóng
{0} {1} is cancelled or stopped,{0} {1} đã bị hủy hoặc dừng
{0} {1} is cancelled so the action cannot be completed,{0} {1} đã bị hủy nên không thể hoàn tất thao tác
{0} {1} is closed,{0} {1} đã đóng
{0} {1} is disabled,{0} {1} đã bị vô hiệu hóa
{0} {1} is frozen,{0} {1} đã bị đóng băng
{0} {1} is fully billed,{0} {1} đã được lập hóa đơn đầy đủ
{0} {1} is not active,{0} {1} không hoạt động
{0} {1} is not associated with {2} {3},{0} {1} không được liên kết với {2} {3}
{0} {1} is not present in the parent company,{0} {1} không tồn tại trong công ty mẹ
{0} {1} is not submitted,{0} {1} chưa được gửi
{0} {1} is {2},{0} {1} là {2}
{0} {1} must be submitted,{0} {1} phải được gửi
{0} {1} not in any active Fiscal Year.,{0} {1} không nằm trong bất kỳ Năm tài chính đang hoạt động nào
{0} {1} status is {2},Trạng thái {0} {1} là {2}
{0} {1}: 'Profit and Loss' type account {2} not allowed in Opening Entry,{0} {1}: tài khoản loại 'Lãi và Lỗ' {2} không được phép trong bút toán mở kỳ
{0} {1}: Account {2} does not belong to Company {3},{0} {1}: Tài khoản {2} không thuộc Công ty {3}
{0} {1}: Account {2} is inactive,{0} {1}: Tài khoản {2} không hoạt động
{0} {1}: Accounting Entry for {2} can only be made in currency: {3},{0} {1}: Bút toán kế toán cho {2} chỉ có thể thực hiện bằng tiền tệ {3}
{0} {1}: Cost Center is mandatory for Item {2},{0} {1}: Trung tâm chi phí là bắt buộc cho Mặt hàng {2}
{0} {1}: Cost Center is required for 'Profit and Loss' account {2}. Please set up a default Cost Center for the Company.,{0} {1}: Trung tâm chi phí là bắt buộc cho tài khoản 'Lãi và Lỗ' {2}. Vui lòng thiết lập Trung tâm chi phí mặc định cho Công ty.
{0} {1}: Cost Center {2} does not belong to Company {3},{0} {1}: Trung tâm chi phí {2} không thuộc Công ty {3}
{0} {1}: Customer is required against Receivable account {2},{0} {1}: Khách hàng là bắt buộc đối với tài khoản Phải thu {2}
{0} {1}: Either debit or credit amount is required for {2},{0} {1}: Cần có số tiền ghi Nợ hoặc ghi Có cho {2}
{0} {1}: Supplier is required against Payable account {2},{0} {1}: Nhà cung cấp là bắt buộc đối với tài khoản Phải trả {2}
{0}% Billed,{0}% Đã lập hóa đơn
{0}% Delivered,{0}% Đã giao hàng
{0}: From {1},{0}: Từ {1}
{0}: {1} does not exists,{0}: {1} không tồn tại
{0}: {1} not found in Invoice Details table,{0}: {1} không tìm thấy trong bảng Chi tiết Hóa đơn
{} of {},{} trên {}
Assigned To,Giao cho
Chat,Trò chuyện
Completed By,Hoàn thành bởi
Day of Week,Ngày trong tuần
"Dear System Manager,","Kính gửi System Manager,"
Default Value,Giá trị mặc định
Email Group,Nhóm email
Email Settings,Cài đặt email
Email not sent to {0} (unsubscribed / disabled),Email không được gửi đến {0} (đã hủy đăng ký / bị vô hiệu hóa)
Error Message,Thông báo lỗi
Fieldtype,Kiểu trường
Help Articles,Bài viết trợ giúp
"ID","ID"
Import,Nhập dữ liệu
Language,Ngôn ngữ
Likes,Lượt thích
Merge with existing,Gộp với bản ghi hiện có
Orientation,Hướng
Parent,Cha
Payment Failed,Thanh toán thất bại
Personal,Cá nhân
Post,Bài đăng
Postal Code,Mã bưu chính
Provider,Nhà cung cấp
Read Only,Chỉ đọc
Recipient,Người nhận
Reviews,Đánh giá
Sender,Người gửi
There were errors while sending email. Please try again.,Có lỗi xảy ra khi gửi email. Vui lòng thử lại.
Values Changed,Giá trị đã thay đổi
or,hoặc
Ageing Range 4,Khoảng tuổi nợ 4
Allocated amount cannot be greater than unadjusted amount,Số tiền phân bổ không thể lớn hơn số tiền chưa điều chỉnh
Allocated amount cannot be negative,Số tiền phân bổ không thể là số âm
"Difference Account must be a Asset/Liability type account, since this Stock Entry is an Opening Entry",Tài khoản chênh lệch phải là loại Tài sản/Nợ phải trả vì Phiếu nhập kho này là Bút toán mở kỳ
Import Successful,Nhập dữ liệu thành công
Please save first,Vui lòng lưu trước
Price not found for item {0} in price list {1},Không tìm thấy giá cho mặt hàng {0} trong bảng giá {1}
Warehouse Type,Loại kho
'Date' is required,Bắt buộc phải có 'Ngày'
Budgets,Ngân sách
Bundle Qty,Số lượng gói
Company GSTIN,GSTIN Công ty
Company field is required,Trường Công ty là bắt buộc
Creating Dimensions...,Đang tạo Dimension...
Duplicate entry against the item code {0} and manufacturer {1},Bản ghi trùng lặp với mã mặt hàng {0} và nhà sản xuất {1}
Invalid GSTIN! The input you've entered doesn't match the GSTIN format for UIN Holders or Non-Resident OIDAR Service Providers,GSTIN không hợp lệ! Giá trị bạn nhập không đúng định dạng GSTIN cho chủ thể UIN hoặc Nhà cung cấp dịch vụ OIDAR không cư trú
Invoice Grand Total,Tổng cộng hóa đơn
Last carbon check date cannot be a future date,Ngày kiểm tra carbon gần nhất không thể là ngày trong tương lai
Make Stock Entry,Tạo Phiếu nhập kho
Quality Feedback,Phản hồi chất lượng
Quality Feedback Template,Mẫu phản hồi chất lượng
Rules for applying different promotional schemes.,Quy tắc áp dụng các chương trình khuyến mãi khác nhau
Show {0},Hiển thị {0}
Target Details,Chi tiết mục tiêu
{0} already has a Parent Procedure {1}.,{0} đã có Quy trình cha {1}.
API,API
Annual,Hàng năm
Change,Thay đổi
Contact Email,Email liên hệ
From Date,Từ ngày
Group By,Nhóm theo
Invalid URL,URL không hợp lệ
Landscape,Ngang
Naming Series,Chuỗi đặt tên
No data to export,Không có dữ liệu để xuất
Portrait,Dọc
Print Heading,Tiêu đề in
Scheduler Inactive,Bộ lập lịch không hoạt động
Scheduler is inactive. Cannot import data.,Bộ lập lịch đang không hoạt động. Không thể nhập dữ liệu.
Show Document,Hiển thị tài liệu
Show Traceback,Hiển thị Traceback
Video,Video
% Of Grand Total,% của Tổng cộng
<b>Company</b> is a mandatory filter.,<b>Công ty</b> là bộ lọc bắt buộc
<b>From Date</b> is a mandatory filter.,<b>Từ ngày</b> là bộ lọc bắt buộc
<b>From Time</b> cannot be later than <b>To Time</b> for {0},<b>Từ giờ</b> không thể muộn hơn <b>Đến giờ</b> cho {0}
<b>To Date</b> is a mandatory filter.,<b>Đến ngày</b> là bộ lọc bắt buộc
A new appointment has been created for you with {0},Một lịch hẹn mới đã được tạo cho bạn với {0}
Account Value,Giá trị tài khoản
Account is mandatory to get payment entries,Tài khoản là bắt buộc để lấy các bút toán thanh toán
Account is not set for the dashboard chart {0},Tài khoản chưa được thiết lập cho biểu đồ dashboard {0}
Account {0} does not exists in the dashboard chart {1},Tài khoản {0} không tồn tại trong biểu đồ dashboard {1}
Account: <b>{0}</b> is capital Work in progress and can not be updated by Journal Entry,Tài khoản: <b>{0}</b> là Chi phí xây dựng dở dang và không thể được cập nhật bằng Bút toán sổ cái
Account: {0} is not permitted under Payment Entry,Tài khoản: {0} không được phép trong Phiếu thanh toán
Accounting Dimension <b>{0}</b> is required for 'Balance Sheet' account {1}.,Chiều kế toán <b>{0}</b> là bắt buộc cho tài khoản 'Bảng cân đối kế toán' {1}
Accounting Dimension <b>{0}</b> is required for 'Profit and Loss' account {1}.,Chiều kế toán <b>{0}</b> là bắt buộc cho tài khoản 'Lãi và Lỗ' {1}
Accounting Masters,Danh mục kế toán
Accounting Period overlaps with {0},Kỳ kế toán bị chồng lấn với {0}
Activity,Hoạt động
Add / Manage Email Accounts.,Thêm / Quản lý tài khoản email
Add Child,Thêm con
Add Multiple,Thêm nhiều
Add Participants,Thêm người tham gia
Add to Featured Item,Thêm vào mặt hàng nổi bật
Add your review,Thêm đánh giá của bạn
Add/Edit Coupon Conditions,Thêm/Chỉnh sửa điều kiện mã giảm giá
Added to Featured Items,Đã thêm vào mặt hàng nổi bật
Added {0} ({1}),Đã thêm {0} ({1})
Address Line 1,Địa chỉ dòng 1
Addresses,Địa chỉ
Admission End Date should be greater than Admission Start Date.,Ngày kết thúc tuyển sinh phải lớn hơn ngày bắt đầu tuyển sinh
All,Tất cả
All bank transactions have been created,Tất cả giao dịch ngân hàng đã được tạo
All the depreciations has been booked,Tất cả khấu hao đã được ghi nhận
Allow Resetting Service Level Agreement from Support Settings.,Cho phép đặt lại Thỏa thuận mức dịch vụ từ Cài đặt hỗ trợ
Amount of {0} is required for Loan closure,Cần số tiền {0} để đóng khoản vay
Applied Coupon Code,Mã giảm giá đã áp dụng
Apply Coupon Code,Áp dụng mã giảm giá
Appointment Booking,Đặt lịch hẹn
"As there are existing transactions against item {0}, you can not change the value of {1}","Do đã tồn tại giao dịch với mặt hàng {0}, bạn không thể thay đổi giá trị của {1}"
Asset Id,ID tài sản
Asset Value,Giá trị tài sản
Asset Value Adjustment cannot be posted before Asset's purchase date <b>{0}</b>.,Không thể ghi nhận điều chỉnh giá trị tài sản trước ngày mua tài sản <b>{0}</b>
Asset {0} does not belongs to the custodian {1},Tài sản {0} không thuộc người quản lý {1}
Asset {0} does not belongs to the location {1},Tài sản {0} không thuộc địa điểm {1}
At least one of the Applicable Modules should be selected,Phải chọn ít nhất một Module áp dụng
Atleast one asset has to be selected.,Phải chọn ít nhất một tài sản
Authentication Failed,Xác thực thất bại
Automatic Reconciliation,Đối soát tự động
Available For Use Date,Ngày sẵn sàng sử dụng
Available Stock,Tồn kho khả dụng
"Available quantity is {0}, you need {1}","Số lượng khả dụng là {0}, bạn cần {1}"
BOM 1,BOM 1
BOM 2,BOM 2
BOM Comparison Tool,Công cụ so sánh BOM
BOM recursion: {0} cannot be child of {1},Đệ quy BOM: {0} không thể là con của {1}
BOM recursion: {0} cannot be parent or child of {1},Đệ quy BOM: {0} không thể là cha hoặc con của {1}
Back to Messages,Quay lại Tin nhắn
Bank Data mapper doesn't exist,Không tồn tại ánh xạ dữ liệu ngân hàng
Bank Details,Chi tiết ngân hàng
Bank account '{0}' has been synchronized,Tài khoản ngân hàng '{0}' đã được đồng bộ
Bank account {0} already exists and could not be created again,Tài khoản ngân hàng {0} đã tồn tại và không thể tạo lại
Bank accounts added,Đã thêm các tài khoản ngân hàng
Batch no is required for batched item {0},Bắt buộc phải có số lô cho mặt hàng theo lô {0}
Billing Date,Ngày lập hóa đơn
Billing Interval Count cannot be less than 1,Số lần chu kỳ lập hóa đơn không thể nhỏ hơn 1
Blue,Xanh dương
Book,Sổ
Book Appointment,Đặt lịch hẹn
Brand,Thương hiệu
Browse,Duyệt
Call Connected,Cuộc gọi đã kết nối
Call Disconnected,Cuộc gọi đã ngắt
Call Missed,Cuộc gọi nhỡ
Call Summary,Tổng hợp cuộc gọi
Call Summary Saved,Đã lưu tổng hợp cuộc gọi
Cancelled,Đã hủy
Cannot Calculate Arrival Time as Driver Address is Missing.,Không thể tính thời gian đến vì thiếu địa chỉ tài xế
Cannot Optimize Route as Driver Address is Missing.,Không thể tối ưu tuyến đường vì thiếu địa chỉ tài xế
Cannot complete task {0} as its dependant task {1} are not ccompleted / cancelled.,Không thể hoàn thành tác vụ {0} vì tác vụ phụ thuộc {1} chưa được hoàn thành / hủy
Cannot find a matching Item. Please select some other value for {0}.,Không tìm thấy mặt hàng phù hợp. Vui lòng chọn giá trị khác cho {0}
"Cannot overbill for Item {0} in row {1} more than {2}. To allow over-billing, please set allowance in Accounts Settings","Không thể lập hóa đơn vượt mức cho Mặt hàng {0} tại dòng {1} vượt quá {2}. Để cho phép vượt mức, vui lòng thiết lập trong Cài đặt Kế toán"
"Capacity Planning Error, planned start time can not be same as end time","Lỗi lập kế hoạch năng lực, thời gian bắt đầu không thể trùng với thời gian kết thúc"
Categories,Danh mục
Changes in {0},Thay đổi trong {0}
Chart,Biểu đồ
Choose a corresponding payment,Chọn khoản thanh toán tương ứng
Click on the link below to verify your email and confirm the appointment,Nhấp vào liên kết bên dưới để xác minh email và xác nhận lịch hẹn
Close,Đóng
Communication,Trao đổi
Compact Item Print,In mặt hàng dạng gọn
Company,Công ty
Company of asset {0} and purchase document {1} doesn't matches.,Công ty của tài sản {0} và chứng từ mua {1} không khớp
Compare BOMs for changes in Raw Materials and Operations,So sánh BOM để xem thay đổi về Nguyên vật liệu và Công đoạn
Compare List function takes on list arguments,Hàm Compare List nhận hai tham số dạng danh sách
Complete,Hoàn tất
Completed,Đã hoàn thành
Completed Quantity,Số lượng hoàn thành
Connect your Exotel Account to ERPNext and track call logs,Kết nối tài khoản Exotel của bạn với ERPNext và theo dõi nhật ký cuộc gọi
Connect your bank accounts to ERPNext,Kết nối tài khoản ngân hàng của bạn với ERPNext
Contact Seller,Liên hệ người bán
Continue,Tiếp tục
Cost Center: {0} does not exist,Trung tâm chi phí: {0} không tồn tại
Couldn't Set Service Level Agreement {0}.,Không thể thiết lập Thỏa thuận mức dịch vụ {0}
Country,Quốc gia
Country Code in File does not match with country code set up in the system,Mã quốc gia trong tệp không khớp với mã quốc gia được thiết lập trong hệ thống
Create New Contact,Tạo liên hệ mới
Create New Lead,Tạo khách hàng tiềm năng mới
Create Pick List,Tạo danh sách lấy hàng
Create Quality Inspection for Item {0},Tạo kiểm tra chất lượng cho Mặt hàng {0}
Creating Accounts...,Đang tạo tài khoản...
Creating bank entries...,Đang tạo bút toán ngân hàng...
Credit limit is already defined for the Company {0},Hạn mức tín dụng đã được thiết lập cho Công ty {0}
Ctrl + Enter to submit,Ctrl + Enter để gửi
Ctrl+Enter to submit,Ctrl + Enter để gửi
Currency,Tiền tệ
Current Status,Trạng thái hiện tại
Customer PO,PO của khách hàng
Daily,Hàng ngày
Date,Ngày
Date of Birth cannot be greater than Joining Date.,Ngày sinh không thể lớn hơn ngày vào làm
Dear,Kính gửi
Default,Mặc định
Define coupon codes.,Định nghĩa mã giảm giá
Delayed Days,Số ngày trễ
Delete,Xóa
Delivered Quantity,Số lượng đã giao
Delivery Notes,Phiếu giao hàng
Depreciated Amount,Giá trị khấu hao
Description,Mô tả
Designation,Chức danh
Difference Value,Giá trị chênh lệch
Dimension Filter,Bộ lọc chiều dữ liệu
Disabled,Đã vô hiệu hóa
Disbursement and Repayment,Giải ngân và hoàn trả
Distance cannot be greater than 4000 kms,Khoảng cách không thể lớn hơn 4000 km
Do you want to submit the material request,Bạn có muốn gửi yêu cầu vật tư không
Doctype,Doctype
Document {0} successfully uncleared,Tài liệu {0} đã được bỏ đối soát thành công
Download Template,Tải mẫu
Dr,Nợ
Due Date,Ngày đến hạn
Duplicate,Trùng lặp
Duplicate Project with Tasks,Nhân bản dự án kèm công việc
Duplicate project has been created,Dự án nhân bản đã được tạo
E-Way Bill JSON can only be generated from a submitted document,JSON E-Way Bill chỉ có thể tạo từ chứng từ đã gửi
E-Way Bill JSON can only be generated from submitted document,JSON E-Way Bill chỉ có thể tạo từ chứng từ đã gửi
E-Way Bill JSON cannot be generated for Sales Return as of now,Hiện tại chưa thể tạo JSON E-Way Bill cho Trả hàng bán
ERPNext could not find any matching payment entry,ERPNext không tìm thấy bút toán thanh toán phù hợp
Earliest Age,Tuổi nhỏ nhất
Edit Details,Chỉnh sửa chi tiết
Either GST Transporter ID or Vehicle No is required if Mode of Transport is Road,Bắt buộc phải có GST Transporter ID hoặc Số xe nếu phương thức vận chuyển là Đường bộ
Email,Email
Email Campaigns,Chiến dịch email
Employee ID is linked with another instructor,ID nhân viên đã được liên kết với giảng viên khác
Employee Tax and Benefits,Thuế và phúc lợi nhân viên
Employee is required while issuing Asset {0},Bắt buộc phải có nhân viên khi cấp phát Tài sản {0}
Employee {0} does not belongs to the company {1},Nhân viên {0} không thuộc Công ty {1}
Enable Auto Re-Order,Bật tự động đặt hàng lại
End Date of Agreement can't be less than today.,Ngày kết thúc hợp đồng không thể nhỏ hơn ngày hiện tại
End Time,Thời gian kết thúc
Energy Point Leaderboard,Bảng xếp hạng Điểm năng lượng
Enter API key in Google Settings.,Nhập API key trong Cài đặt Google
Enter Supplier,Nhập nhà cung cấp
Enter Value,Nhập giá trị
Entity Type,Loại thực thể
Error,Lỗi
Error in Exotel incoming call,Lỗi cuộc gọi đến Exotel
Error: {0} is mandatory field,Lỗi: {0} là trường bắt buộc
Exception occurred while reconciling {0},Đã xảy ra ngoại lệ khi đối soát {0}
Expected and Discharge dates cannot be less than Admission Schedule date,Ngày dự kiến và ngày xuất viện không thể nhỏ hơn ngày trong Lịch nhập viện
Expired,Hết hạn
Export,Xuất dữ liệu
Export not allowed. You need {0} role to export.,Không được phép xuất. Bạn cần vai trò {0} để xuất
Failed to add Domain,Không thể thêm Domain
Fetch Items from Warehouse,Lấy mặt hàng từ kho
Fetching...,Đang tải...
Field,Trường
Filters,Bộ lọc
Finding linked payments,Đang tìm các khoản thanh toán liên kết
Fleet Management,Quản lý đội xe
Following fields are mandatory to create address:,Các trường sau là bắt buộc để tạo địa chỉ:
For Month,Theo tháng
"For item {0} at row {1}, count of serial numbers does not match with the picked quantity","Với mặt hàng {0} tại dòng {1}, số serial không khớp với số lượng đã lấy"
For operation {0}: Quantity ({1}) can not be greter than pending quantity({2}),Với công đoạn {0}: Số lượng ({1}) không thể lớn hơn số lượng chờ ({2})
For quantity {0} should not be greater than work order quantity {1},Với số lượng {0} không được lớn hơn số lượng trong lệnh sản xuất {1}
Free item not set in the pricing rule {0},Chưa thiết lập mặt hàng tặng trong quy tắc giá {0}
From Date and To Date are Mandatory,Từ ngày và Đến ngày là bắt buộc
From employee is required while receiving Asset {0} to a target location,Bắt buộc phải có nhân viên nguồn khi tiếp nhận Tài sản {0} đến địa điểm đích
Future Payment Amount,Số tiền thanh toán tương lai
Future Payment Ref,Tham chiếu thanh toán tương lai
Future Payments,Các khoản thanh toán tương lai
GST HSN Code does not exist for one or more items,Không tồn tại mã HSN GST cho một hoặc nhiều mặt hàng
Generate E-Way Bill JSON,Tạo JSON E-Way Bill
Get Items,Lấy mặt hàng
Get Outstanding Documents,Lấy chứng từ còn nợ
Goal,Mục tiêu
Greater Than Amount,Lớn hơn số tiền
Green,Xanh lá
Group,Nhóm
Group By Customer,Nhóm theo khách hàng
Group By Supplier,Nhóm theo nhà cung cấp
Group Node,Nút nhóm
Group Warehouses cannot be used in transactions. Please change the value of {0},Kho nhóm không thể dùng trong giao dịch. Vui lòng thay đổi giá trị của {0}
Help,Trợ giúp
Help Article,Bài viết trợ giúp
"Helps you keep tracks of Contracts based on Supplier, Customer and Employee","Giúp bạn theo dõi hợp đồng theo Nhà cung cấp, Khách hàng và Nhân viên"
Helps you manage appointments with your leads,Giúp bạn quản lý lịch hẹn với khách hàng tiềm năng
Home,Trang chủ
IBAN is not valid,IBAN không hợp lệ
Import Data from CSV / Excel files.,Nhập dữ liệu từ tệp CSV / Excel
In Progress,Đang xử lý
Incoming call from {0},Cuộc gọi đến từ {0}
Incorrect Warehouse,Kho không hợp lệ
Invalid Barcode. There is no Item attached to this barcode.,Mã vạch không hợp lệ. Không có mặt hàng nào gắn với mã vạch này
Invalid credentials,Thông tin xác thực không hợp lệ
Issue Priority.,Mức độ ưu tiên sự cố
Issue Type.,Loại sự cố
"It seems that there is an issue with the server's stripe configuration. In case of failure, the amount will get refunded to your account.","Có vẻ có sự cố với cấu hình Stripe của máy chủ. Trong trường hợp thất bại, số tiền sẽ được hoàn lại vào tài khoản của bạn"
Item Reported,Mặt hàng đã được báo cáo
Item listing removed,Danh sách mặt hàng đã bị gỡ
Item taxes updated,Thuế mặt hàng đã được cập nhật
Item {0}: {1} qty produced. ,Mặt hàng {0}: đã sản xuất {1}
Joining Date can not be greater than Leaving Date,Ngày vào làm không thể lớn hơn ngày nghỉ việc
Lab Test Item {0} already exist,Mặt hàng xét nghiệm {0} đã tồn tại
Last Issue,Sự cố gần nhất
Latest Age,Tuổi lớn nhất
Leaves Taken,Số ngày nghỉ đã dùng
Less Than Amount,Nhỏ hơn số tiền
Liabilities,Nợ phải trả
Loading...,Đang tải...
Loan Applications from customers and employees.,Đơn vay từ khách hàng và nhân viên
Loan Processes,Quy trình khoản vay
Loan Type for interest and penalty rates,Loại khoản vay cho lãi suất và phạt
Loans,Khoản vay
Loans provided to customers and employees.,Các khoản vay cung cấp cho khách hàng và nhân viên
Location,Địa điểm
Looks like someone sent you to an incomplete URL. Please ask them to look into it.,Có vẻ ai đó đã gửi bạn đến một URL chưa hoàn chỉnh. Vui lòng nhờ họ kiểm tra lại
Make Journal Entry,Tạo bút toán sổ cái
Make Purchase Invoice,Tạo hóa đơn mua
Manufactured,Đã sản xuất
Mark Work From Home,Đánh dấu làm việc tại nhà
Master,Danh mục gốc
Max strength cannot be less than zero.,Số lượng tối đa không thể nhỏ hơn 0
Maximum attempts for this quiz reached!,Đã đạt số lần làm bài tối đa cho bài kiểm tra này
Message,Tin nhắn
Missing Values Required,Thiếu các giá trị bắt buộc
Mobile No,Số điện thoại di động
Mobile Number,Số điện thoại
Month,Tháng
Name,Tên
Near you,Gần bạn
Net Profit/Loss,Lãi/Lỗ ròng
New Expense,Chi phí mới
New Invoice,Hóa đơn mới
New Payment,Thanh toán mới
New release date should be in the future,Ngày phát hành mới phải nằm trong tương lai
No Account matched these filters: {},Không có tài khoản nào khớp với các bộ lọc này: {}
No communication found.,Không tìm thấy trao đổi nào
No correct answer is set for {0},Chưa thiết lập câu trả lời đúng cho {0}
No description,Không có mô tả
No issue has been raised by the caller.,Người gọi không nêu ra sự cố nào
No items to publish,Không có mặt hàng để xuất bản
No outstanding invoices found,Không tìm thấy hóa đơn còn nợ
No outstanding invoices found for the {0} {1} which qualify the filters you have specified.,Không tìm thấy hóa đơn còn nợ cho {0} {1} phù hợp với các bộ lọc đã chọn
No outstanding invoices require exchange rate revaluation,Không có hóa đơn còn nợ cần đánh giá lại tỷ giá
No reviews yet,Chưa có đánh giá nào
No views yet,Chưa có lượt xem nào
Non stock items,Mặt hàng không tồn kho
Not Allowed,Không được phép
Not allowed to create accounting dimension for {0},Không được phép tạo chiều kế toán cho {0}
Not permitted. Please disable the Lab Test Template,Không được phép. Vui lòng vô hiệu hóa Mẫu xét nghiệm
Note,Ghi chú
Notes: ,Ghi chú:
On Converting Opportunity,Khi chuyển đổi Cơ hội
On Purchase Order Submission,Khi gửi Đơn mua hàng
On Sales Order Submission,Khi gửi Đơn bán hàng
On Task Completion,Khi hoàn thành công việc
On {0} Creation,Khi tạo {0}
Only .csv and .xlsx files are supported currently,Hiện chỉ hỗ trợ tệp .csv và .xlsx
Open,Mở
Open Contact,Mở liên hệ
Open Lead,Mở khách hàng tiềm năng
Opening and Closing,Mở và đóng
Operating Cost as per Work Order / BOM,Chi phí vận hành theo Lệnh sản xuất / BOM
Order Amount,Giá trị đơn hàng
Page {0} of {1},Trang {0} trên {1}
Paid amount cannot be less than {0},Số tiền đã thanh toán không thể nhỏ hơn {0}
Parent Company must be a group company,Công ty mẹ phải là công ty nhóm
Passing Score value should be between 0 and 100,Điểm đạt phải nằm trong khoảng từ 0 đến 100
Patient History,Lịch sử bệnh nhân
Pause,Tạm dừng
Pay,Thanh toán
Payment Document Type,Loại chứng từ thanh toán
Payment Name,Tên thanh toán
Pending,Đang chờ
Performance,Hiệu suất
Period based On,Kỳ dựa trên
Perpetual inventory required for the company {0} to view this report.,Công ty {0} cần bật tồn kho thường xuyên để xem báo cáo này
Phone,Điện thoại
Pick List,Danh sách lấy hàng
Plaid authentication error,Lỗi xác thực Plaid
Plaid public token error,Lỗi public token Plaid
Plaid transactions sync error,Lỗi đồng bộ giao dịch Plaid
Please check the error log for details about the import errors,Vui lòng kiểm tra nhật ký lỗi để biết chi tiết lỗi nhập dữ liệu
Please create <b>DATEV Settings</b> for Company <b>{}</b>.,Vui lòng tạo <b>Cài đặt DATEV</b> cho Công ty <b>{}</b>
Please create adjustment Journal Entry for amount {0} ,Vui lòng tạo bút toán điều chỉnh cho số tiền {0}
Please do not create more than 500 items at a time,Vui lòng không tạo quá 500 mặt hàng trong một lần
Please enter <b>Difference Account</b> or set default <b>Stock Adjustment Account</b> for company {0},Vui lòng nhập <b>Tài khoản chênh lệch</b> hoặc thiết lập mặc định <b>Tài khoản điều chỉnh tồn kho</b> cho công ty {0}
Please enter GSTIN and state for the Company Address {0},Vui lòng nhập GSTIN và bang cho Địa chỉ Công ty {0}
Please enter Item Code to get item taxes,Vui lòng nhập Mã mặt hàng để lấy thuế mặt hàng
Please enter Warehouse and Date,Vui lòng chọn Kho và Ngày
Please login as a Marketplace User to edit this item.,Vui lòng đăng nhập với tư cách Người dùng Marketplace để chỉnh sửa mặt hàng này
Please login as a Marketplace User to report this item.,Vui lòng đăng nhập với tư cách Người dùng Marketplace để báo cáo mặt hàng này
Please select <b>Template Type</b> to download template,Vui lòng chọn <b>Loại mẫu</b> để tải mẫu
Please select Customer first,Vui lòng chọn Khách hàng trước
Please select Item Code first,Vui lòng chọn Mã mặt hàng trước
Please select a Delivery Note,Vui lòng chọn Phiếu giao hàng
Please select a Sales Person for item: {0},Vui lòng chọn Nhân viên bán hàng cho mặt hàng: {0}
Please select another payment method. Stripe does not support transactions in currency '{0}',Vui lòng chọn phương thức thanh toán khác. Stripe không hỗ trợ giao dịch bằng tiền tệ '{0}'
Please select the customer.,Vui lòng chọn khách hàng
Please set a Supplier against the Items to be considered in the Purchase Order.,Vui lòng thiết lập Nhà cung cấp cho các Mặt hàng để đưa vào Đơn mua hàng
Please set account heads in GST Settings for Compnay {0},Vui lòng thiết lập các tài khoản trong Cài đặt GST cho Công ty {0}
Please set an email id for the Lead {0},Vui lòng thiết lập email cho Lead {0}
Please set default UOM in Stock Settings,Vui lòng thiết lập Đơn vị tính mặc định trong Cài đặt kho
Please set filter based on Item or Warehouse due to a large amount of entries.,Vui lòng thiết lập bộ lọc theo Mặt hàng hoặc Kho do số lượng bản ghi lớn
Please set up the Campaign Schedule in the Campaign {0},Vui lòng thiết lập Lịch chiến dịch trong Chiến dịch {0}
Please set valid GSTIN No. in Company Address for company {0},Vui lòng thiết lập GSTIN hợp lệ trong Địa chỉ công ty cho công ty {0}
Please set {0},Vui lòng thiết lập {0}
Please setup a default bank account for company {0},Vui lòng thiết lập tài khoản ngân hàng mặc định cho công ty {0}
Please specify,Vui lòng chỉ rõ
Please specify a {0},Vui lòng chỉ rõ {0}
Priority,Ưu tiên
Priority has been changed to {0}.,Mức ưu tiên đã được thay đổi thành {0}
Priority {0} has been repeated.,Mức ưu tiên {0} bị lặp
Processing XML Files,Đang xử lý tệp XML
Profitability,Khả năng sinh lợi
Project,Dự án
Provide the academic year and set the starting and ending date.,Vui lòng cung cấp năm học và thiết lập ngày bắt đầu và kết thúc
Public token is missing for this bank,Thiếu public token cho tài khoản ngân hàng này
Publish 1 Item,Xuất bản 1 mặt hàng
Publish Items,Xuất bản các mặt hàng
Publish More Items,Xuất bản thêm mặt hàng
Publish Your First Items,Xuất bản những mặt hàng đầu tiên của bạn
Publish {0} Items,Xuất bản {0} mặt hàng
Published Items,Các mặt hàng đã xuất bản
Purchase Invoice cannot be made against an existing asset {0},Không thể lập Hóa đơn mua cho tài sản đã tồn tại {0}
Purchase Invoices,Hóa đơn mua
Purchase Orders,Đơn mua hàng
Purchase Receipt doesn't have any Item for which Retain Sample is enabled.,Phiếu nhập mua không có mặt hàng nào được bật Giữ mẫu
Purchase Return,Trả hàng mua
Qty of Finished Goods Item,Số lượng thành phẩm
Quality Inspection required for Item {0} to submit,Cần kiểm tra chất lượng cho Mặt hàng {0} để gửi
Quantity to Manufacture,Số lượng cần sản xuất
Quantity to Manufacture can not be zero for the operation {0},Số lượng sản xuất không thể bằng 0 cho công đoạn {0}
Quarterly,Hàng quý
Queued,Đã xếp hàng
Quick Entry,Nhập nhanh
Quiz {0} does not exist,Không tồn tại bài kiểm tra {0}
Quotation Amount,Giá trị báo giá
Rate or Discount is required for the price discount.,Cần có Đơn giá hoặc Chiết khấu cho giảm giá
Reason,Lý do
Reconcile Entries,Đối soát bút toán
Reconcile this account,Đối soát tài khoản này
Reconciled,Đã đối soát
Recruitment,Tuyển dụng
Red,Đỏ
Release date must be in the future,Ngày phát hành phải nằm trong tương lai
Relieving Date must be greater than or equal to Date of Joining,Ngày nghỉ việc phải lớn hơn hoặc bằng ngày vào làm
Rename,Đổi tên
Rename Not Allowed,Không cho phép đổi tên
Report Item,Báo cáo mặt hàng
Report this Item,Báo cáo mặt hàng này
Reserved Qty for Subcontract: Raw materials quantity to make subcontracted items.,Số lượng giữ chỗ cho gia công: Số lượng nguyên vật liệu để sản xuất hàng gia công
Reset,Đặt lại
Reset Service Level Agreement,Đặt lại Thỏa thuận mức dịch vụ
Resetting Service Level Agreement.,Đang đặt lại Thỏa thuận mức dịch vụ
Return amount cannot be greater unclaimed amount,Số tiền hoàn trả không thể lớn hơn số tiền chưa yêu cầu
Review,Đánh giá
Room,Phòng
Room Type,Loại phòng
Row # ,Dòng #
Row #{0}: Accepted Warehouse and Supplier Warehouse cannot be same,Dòng #{0}: Kho nhận và Kho nhà cung cấp không được trùng nhau
Row #{0}: Cannot delete item {1} which has already been billed.,Dòng #{0}: Không thể xóa mặt hàng {1} đã được lập hóa đơn
Row #{0}: Cannot delete item {1} which has already been delivered,Dòng #{0}: Không thể xóa mặt hàng {1} đã được giao
Row #{0}: Cannot delete item {1} which has already been received,Dòng #{0}: Không thể xóa mặt hàng {1} đã được nhận
Row #{0}: Cannot delete item {1} which has work order assigned to it.,Dòng #{0}: Không thể xóa mặt hàng {1} đã được gán Lệnh sản xuất
Row #{0}: Cannot delete item {1} which is assigned to customer's purchase order.,Dòng #{0}: Không thể xóa mặt hàng {1} đã được gán vào Đơn mua của khách hàng
Row #{0}: Cannot select Supplier Warehouse while suppling raw materials to subcontractor,Dòng #{0}: Không thể chọn Kho nhà cung cấp khi cấp nguyên vật liệu cho nhà gia công
Row #{0}: Cost Center {1} does not belong to company {2},Dòng #{0}: Trung tâm chi phí {1} không thuộc công ty {2}
Row #{0}: Operation {1} is not completed for {2} qty of finished goods in Work Order {3}. Please update operation status via Job Card {4}.,Dòng #{0}: Công đoạn {1} chưa hoàn thành cho {2} số lượng thành phẩm trong Lệnh sản xuất {3}. Vui lòng cập nhật trạng thái công đoạn qua Phiếu công việc {4}
Row #{0}: Payment document is required to complete the transaction,Dòng #{0}: Cần có chứng từ thanh toán để hoàn tất giao dịch
Row #{0}: Quantity for Item {1} cannot be zero.,Dòng #{0}: Số lượng của mặt hàng {1} không thể bằng 0
Row #{0}: Serial No {1} does not belong to Batch {2},Dòng #{0}: Số serial {1} không thuộc Lô {2}
Row #{0}: Service End Date cannot be before Invoice Posting Date,Dòng #{0}: Ngày kết thúc dịch vụ không thể trước ngày ghi sổ hóa đơn
Row #{0}: Service Start Date cannot be greater than Service End Date,Dòng #{0}: Ngày bắt đầu dịch vụ không thể lớn hơn ngày kết thúc dịch vụ
Row #{0}: Service Start and End Date is required for deferred accounting,Dòng #{0}: Bắt buộc phải có ngày bắt đầu và kết thúc dịch vụ cho hạch toán phân bổ
Row {0}: Invalid Item Tax Template for item {1},Dòng {0}: Mẫu thuế mặt hàng không hợp lệ cho mặt hàng {1}
Row {0}: Quantity not available for {4} in warehouse {1} at posting time of the entry ({2} {3}),Dòng {0}: Không đủ số lượng cho {4} tại kho {1} tại thời điểm ghi sổ ({2} {3})
Row {0}: user has not applied the rule {1} on the item {2},Dòng {0}: Người dùng chưa áp dụng quy tắc {1} cho mặt hàng {2}
Row {0}:Sibling Date of Birth cannot be greater than today.,Dòng {0}: Ngày sinh của anh/chị/em không thể lớn hơn ngày hiện tại
Row({0}): {1} is already discounted in {2},Dòng({0}): {1} đã được giảm giá trong {2}
Rows Added in {0},Đã thêm dòng trong {0}
Rows Removed in {0},Đã xóa dòng trong {0}
Save,Lưu
Save Item,Lưu mặt hàng
Saved Items,Mặt hàng đã lưu
Search Items ...,Tìm mặt hàng ...
Search for a payment,Tìm khoản thanh toán
Search for anything ...,Tìm kiếm mọi thứ ...
Search results for,Kết quả tìm kiếm cho
Select Difference Account,Chọn Tài khoản chênh lệch
Select a Default Priority.,Chọn mức ưu tiên mặc định
Select a company,Chọn công ty
Select finance book for the item {0} at row {1},Chọn sổ tài chính cho mặt hàng {0} tại dòng {1}
Select only one Priority as Default.,Chỉ chọn một mức ưu tiên làm mặc định
Seller Information,Thông tin người bán
Send,Gửi
Send a message,Gửi tin nhắn
Sending,Đang gửi
Sends Mails to lead or contact based on a Campaign schedule,Gửi email cho lead hoặc liên hệ theo lịch chiến dịch
Serial Number Created,Đã tạo số serial
Serial Numbers Created,Đã tạo các số serial
Serial no(s) required for serialized item {0},Cần số serial cho mặt hàng có quản lý serial {0}
Series,Chuỗi đánh số
Server Error,Lỗi máy chủ
Service Level Agreement has been changed to {0}.,Thỏa thuận mức dịch vụ đã được thay đổi thành {0}
Service Level Agreement was reset.,Thỏa thuận mức dịch vụ đã được đặt lại
Service Level Agreement with Entity Type {0} and Entity {1} already exists.,Thỏa thuận mức dịch vụ với Loại thực thể {0} và Thực thể {1} đã tồn tại
Set Meta Tags,Thiết lập thẻ Meta
Set {0} in company {1},Thiết lập {0} cho công ty {1}
Setup,Thiết lập
Shift Management,Quản lý ca làm việc
Show Future Payments,Hiển thị các khoản thanh toán tương lai
Show Linked Delivery Notes,Hiển thị Phiếu giao hàng liên kết
Show Sales Person,Hiển thị Nhân viên bán hàng
Show Stock Ageing Data,Hiển thị dữ liệu tuổi tồn kho
Show Warehouse-wise Stock,Hiển thị tồn kho theo kho
Size,Kích thước
Something went wrong while evaluating the quiz.,Đã xảy ra lỗi khi chấm bài kiểm tra
Sr,STT
Start,Bắt đầu
Start Date cannot be before the current date,Ngày bắt đầu không thể trước ngày hiện tại
Start Time,Thời gian bắt đầu
Status,Trạng thái
Status must be Cancelled or Completed,Trạng thái phải là Đã hủy hoặc Đã hoàn thành
Stock Balance Report,Báo cáo tồn kho
Stock Entry has been already created against this Pick List,Bút toán kho đã được tạo cho Danh sách lấy hàng này
Stock Ledger ID,ID sổ kho
Stock Value ({0}) and Account Balance ({1}) are out of sync for account {2} and it's linked warehouses.,Giá trị tồn kho ({0}) và số dư tài khoản ({1}) không khớp cho tài khoản {2} và các kho liên kết
Stores - {0},Kho – {0}
Student with email {0} does not exist,Không tồn tại sinh viên với email {0}
Submit Review,Gửi đánh giá
Submitted,Đã gửi
Supplier Addresses And Contacts,Địa chỉ và liên hệ nhà cung cấp
Synchronize this account,Đồng bộ tài khoản này
Tag,Thẻ
Target Location is required while receiving Asset {0} from an employee,Cần có Địa điểm đích khi nhận Tài sản {0} từ nhân viên
Target Location is required while transferring Asset {0},Cần có Địa điểm đích khi chuyển Tài sản {0}
Target Location or To Employee is required while receiving Asset {0},Cần có Địa điểm đích hoặc Nhân viên nhận khi nhận Tài sản {0}
Task's {0} End Date cannot be after Project's End Date.,Ngày kết thúc của Công việc {0} không thể sau ngày kết thúc Dự án
Task's {0} Start Date cannot be after Project's End Date.,Ngày bắt đầu của Công việc {0} không thể sau ngày kết thúc Dự án
Tax Account not specified for Shopify Tax {0},Chưa thiết lập Tài khoản thuế cho Thuế Shopify {0}
Tax Total,Tổng thuế
Template,Mẫu
The Campaign '{0}' already exists for the {1} '{2}',Chiến dịch '{0}' đã tồn tại cho {1} '{2}'
The difference between from time and To Time must be a multiple of Appointment,Khoảng thời gian từ giờ đến giờ phải là bội số của Khoảng hẹn
The field Asset Account cannot be blank,Trường Tài khoản tài sản không được để trống
The field Equity/Liability Account cannot be blank,Trường Tài khoản Vốn/Nợ phải trả không được để trống
The following serial numbers were created: <br><br> {0},Các số serial sau đã được tạo: <br><br> {0}
The parent account {0} does not exists in the uploaded template,Tài khoản cha {0} không tồn tại trong mẫu đã tải lên
The question cannot be duplicate,Câu hỏi không được trùng lặp
The selected payment entry should be linked with a creditor bank transaction,Khoản thanh toán được chọn phải liên kết với giao dịch ngân hàng bên Có
The selected payment entry should be linked with a debtor bank transaction,Khoản thanh toán được chọn phải liên kết với giao dịch ngân hàng bên Nợ
The total allocated amount ({0}) is greated than the paid amount ({1}).,Tổng số tiền phân bổ ({0}) lớn hơn số tiền đã thanh toán ({1})
This Service Level Agreement is specific to Customer {0},Thỏa thuận mức dịch vụ này áp dụng riêng cho Khách hàng {0}
This action will unlink this account from any external service integrating ERPNext with your bank accounts. It cannot be undone. Are you certain ?,Hành động này sẽ hủy liên kết tài khoản này khỏi mọi dịch vụ bên ngoài tích hợp ERPNext với tài khoản ngân hàng của bạn. Không thể hoàn tác. Bạn có chắc chắn không?
This bank account is already synchronized,Tài khoản ngân hàng này đã được đồng bộ
This bank transaction is already fully reconciled,Giao dịch ngân hàng này đã được đối soát hoàn toàn
This page keeps track of items you want to buy from sellers.,Trang này theo dõi các mặt hàng bạn muốn mua từ người bán
This page keeps track of your items in which buyers have showed some interest.,Trang này theo dõi các mặt hàng của bạn mà người mua đã thể hiện sự quan tâm
Thursday,Thứ Năm
Title,Tiêu đề
"To allow over billing, update ""Over Billing Allowance"" in Accounts Settings or the Item.","Để cho phép lập hóa đơn vượt mức, hãy cập nhật “Mức cho phép vượt hóa đơn” trong Cài đặt kế toán hoặc tại Mặt hàng"
"To allow over receipt / delivery, update ""Over Receipt/Delivery Allowance"" in Stock Settings or the Item.","Để cho phép nhận/giao vượt mức, hãy cập nhật “Mức cho phép vượt nhận/giao” trong Cài đặt kho hoặc tại Mặt hàng"
Total,Tổng cộng
Total Payment Request amount cannot be greater than {0} amount,Tổng số tiền yêu cầu thanh toán không thể lớn hơn số tiền {0}
Total payments amount can't be greater than {},Tổng số tiền thanh toán không thể lớn hơn {}
Totals,Tổng
Transactions already retreived from the statement,Các giao dịch đã được lấy từ sao kê
Transfer Material to Supplier,Chuyển nguyên vật liệu cho Nhà cung cấp
Transport Receipt No and Date are mandatory for your chosen Mode of Transport,Số và ngày Chứng từ vận chuyển là bắt buộc với phương thức vận chuyển đã chọn
Tuesday,Thứ Ba
Type,Loại
Unable to find the time slot in the next {0} days for the operation {1}.,Không tìm được khung giờ trong {0} ngày tới cho công đoạn {1}
Unable to update remote activity,Không thể cập nhật hoạt động từ xa
Unknown Caller,Người gọi không xác định
Unlink external integrations,Hủy liên kết tích hợp bên ngoài
Unpublish Item,Ngừng xuất bản mặt hàng
Unreconciled,Chưa đối soát
Unsupported GST Category for E-Way Bill JSON generation,Danh mục GST không được hỗ trợ để tạo JSON E-Way Bill
Update,Cập nhật
Update Taxes for Items,Cập nhật thuế cho mặt hàng
"Upload a bank statement, link or reconcile a bank account","Tải sao kê ngân hàng, liên kết hoặc đối soát tài khoản ngân hàng"
Upload a statement,Tải sao kê
Use a name that is different from previous project name,Sử dụng tên khác với tên dự án trước đó
User {0} is disabled,Người dùng {0} đã bị vô hiệu hóa
Users and Permissions,Người dùng và phân quyền
Valuation Rate required for Item {0} at row {1},Cần có Đơn giá đánh giá cho Mặt hàng {0} tại dòng {1}
Values Out Of Sync,Giá trị không đồng bộ
Vehicle Type is required if Mode of Transport is Road,Cần có Loại phương tiện nếu phương thức vận chuyển là Đường bộ
Vendor Name,Tên nhà cung cấp
Verify Email,Xác minh email
View,Xem
View all issues from {0},Xem tất cả sự cố từ {0}
View call log,Xem nhật ký cuộc gọi
Warehouse,Kho
Warehouse not found against the account {0},Không tìm thấy kho cho tài khoản {0}
Welcome to {0},Chào mừng đến với {0}
Why do think this Item should be removed?,Vì sao bạn nghĩ Mặt hàng này nên bị gỡ bỏ?
Work Order {0}: Job Card not found for the operation {1},Lệnh sản xuất {0}: Không tìm thấy Phiếu công việc cho công đoạn {1}
Workday {0} has been repeated.,Ngày làm việc {0} bị lặp
XML Files Processed,Đã xử lý tệp XML
Year,Năm
Yearly,Hàng năm
You are not allowed to enroll for this course,Bạn không được phép đăng ký khóa học này
You are not enrolled in program {0},Bạn chưa đăng ký chương trình {0}
You can Feature upto 8 items.,Bạn có thể gắn nổi bật tối đa 8 mặt hàng
You can also copy-paste this link in your browser,Bạn cũng có thể sao chép và dán liên kết này vào trình duyệt
You can publish upto 200 items.,Bạn có thể xuất bản tối đa 200 mặt hàng
You have to enable auto re-order in Stock Settings to maintain re-order levels.,Bạn cần bật tự động đặt hàng lại trong Cài đặt kho để duy trì mức đặt hàng lại
You must be a registered supplier to generate e-Way Bill,Bạn phải là nhà cung cấp đã đăng ký để tạo e-Way Bill
You need to login as a Marketplace User before you can add any reviews.,Bạn cần đăng nhập với tư cách Người dùng Marketplace trước khi có thể thêm đánh giá
Your Featured Items,Các mặt hàng nổi bật của bạn
Your Items,Các mặt hàng của bạn
Your Profile,Hồ sơ của bạn
Your rating:,Đánh giá của bạn:
and,và
e-Way Bill already exists for this document,e-Way Bill đã tồn tại cho chứng từ này
woocommerce - {0},woocommerce – {0}
{0} Coupon used are {1}. Allowed quantity is exhausted,{0} mã giảm giá đã được sử dụng là {1}. Số lượng cho phép đã hết
{0} Operations: {1},{0} Công đoạn: {1}
{0} bank transaction(s) created,Đã tạo {0} giao dịch ngân hàng
{0} bank transaction(s) created and {1} errors,Đã tạo {0} giao dịch ngân hàng và có {1} lỗi
{0} can not be greater than {1},{0} không thể lớn hơn {1}
{0} conversations,{0} cuộc hội thoại
{0} is not a company bank account,{0} không phải là tài khoản ngân hàng của công ty
{0} is not a group node. Please select a group node as parent cost center,{0} không phải là nút nhóm. Vui lòng chọn nút nhóm làm trung tâm chi phí cha
{0} is not the default supplier for any items.,{0} không phải là nhà cung cấp mặc định cho bất kỳ mặt hàng nào
{0} is required,{0} là bắt buộc
{0}: {1} must be less than {2},{0}: {1} phải nhỏ hơn {2}
{} is required to generate E-Way Bill JSON,{} là bắt buộc để tạo JSON E-Way Bill
"Invalid lost reason {0}, please create a new lost reason","Lý do mất {0} không hợp lệ, vui lòng tạo lý do mất mới"
Profit This Year,Lợi nhuận năm nay
Total Expense,Tổng chi phí
Total Expense This Year,Tổng chi phí năm nay
Total Income,Tổng thu nhập
Total Income This Year,Tổng thu nhập năm nay
Barcode,Mã vạch
Clear,Xóa
Comments,Bình luận
Download,Tải xuống
Left,Trái
Link,Liên kết
New,Mới
Print,In
Reference Name,Tên tham chiếu
Refresh,Làm mới
Success,Thành công
Time,Thời gian
Value,Giá trị
Actual,Thực tế
Add to Cart,Thêm vào giỏ hàng
Days Since Last Order,Số ngày kể từ lần đặt hàng gần nhất
In Stock,Còn hàng
No students Found,Không tìm thấy học viên
Not in Stock,Hết hàng
Please select a Customer,Vui lòng chọn Khách hàng
Received From,Nhận từ
Sales Person,Nhân viên bán hàng
Write Off,Ghi giảm
Email Id,Email
No,Không
Reference Doctype,Loại tài liệu tham chiếu
Yes,Có
Actual ,Thực tế
Budget,Ngân sách
Chart of Accounts,Hệ thống tài khoản kế toán
Customer database.,Cơ sở dữ liệu khách hàng
Download as JSON,Tải xuống dưới dạng JSON
For Default Supplier (Optional),Nhà cung cấp mặc định (Tùy chọn)
Minimum Qty,Số lượng tối thiểu
More details,Thêm chi tiết
No Items found.,Không tìm thấy mặt hàng
Open Issues ,Vấn đề đang mở
Open Projects ,Dự án đang mở
Open To Do ,Việc cần làm đang mở
Operation Id,Mã thao tác
Partially ordered,Đã đặt một phần
Printed On ,In lúc
Serial No {0} Created,Số serial {0} đã được tạo
Source Location is required for the Asset {0},Bắt buộc có vị trí nguồn cho Tài sản {0}
To Time,Đến thời điểm
Upcoming Calendar Events ,Sự kiện lịch sắp tới
Variance ,Chênh lệch
Variant of,Biến thể của
Cards,Thẻ
Percentage,Phần trăm
Failed to setup defaults for country {0}. Please contact support@erpnext.com,Không thiết lập được cấu hình mặc định cho quốc gia {0}. Vui lòng liên hệ support@erpnext.com
Row #{0}: Item {1} is not a Serialized/Batched Item. It cannot have a Serial No/Batch No against it.,Dòng #{0}: Mặt hàng {1} không phải là mặt hàng quản lý Serial/Lô. Không thể gán Serial No/Lô cho mặt hàng này.
Please setup Instructor Naming System in Education > Education Settings,Vui lòng thiết lập Hệ thống đặt tên Giảng viên trong Giáo dục > Cài đặt Giáo dục
Please set Naming Series for {0} via Setup > Settings > Naming Series,Vui lòng thiết lập Chuỗi đặt tên cho {0} tại Thiết lập > Cài đặt > Chuỗi đặt tên
UOM Conversion factor ({0} -> {1}) not found for item: {2},Không tìm thấy hệ số quy đổi ĐVT ({0} -> {1}) cho mặt hàng: {2}
Item Code > Item Group > Brand,Mã mặt hàng > Nhóm mặt hàng > Thương hiệu
Customer > Customer Group > Territory,Khách hàng > Nhóm khách hàng > Khu vực
Supplier > Supplier Type,Nhà cung cấp > Loại nhà cung cấp
The value of {0} differs between Items {1} and {2},Giá trị của {0} khác nhau giữa các Mặt hàng {1} và {2}
Auto Fetch,Tự động lấy
Fetch Serial Numbers based on FIFO,Lấy số serial theo FIFO
"Outward taxable supplies(other than zero rated, nil rated and exempted)","Nguồn cung chịu thuế đầu ra (không bao gồm thuế suất 0%, không chịu thuế và miễn thuế)"
"To allow different rates, disable the {0} checkbox in {1}.","Để cho phép các mức thuế khác nhau, hãy tắt ô chọn {0} trong {1}."
Asset{} {assets_link} created for {},Tài sản{} {assets_link} đã được tạo cho {}
Row {}: Asset Naming Series is mandatory for the auto creation for item {},Dòng {}: Bắt buộc có Chuỗi đặt tên Tài sản để tự động tạo cho mặt hàng {}
Assets not created for {0}. You will have to create asset manually.,Chưa tạo tài sản cho {0}. Bạn cần tạo tài sản thủ công.
{0} {1} has accounting entries in currency {2} for company {3}. Please select a receivable or payable account with currency {2}.,{0} {1} có các bút toán kế toán bằng tiền tệ {2} cho công ty {3}. Vui lòng chọn tài khoản phải thu hoặc phải trả với tiền tệ {2}.
Invalid Account,Tài khoản không hợp lệ
Purchase Order Required,Yêu cầu Đơn mua hàng
Purchase Receipt Required,Yêu cầu Phiếu nhập mua
Account Missing,Thiếu tài khoản
Requested,Đã yêu cầu
Partially Paid,Đã thanh toán một phần
Invalid Account Currency,Tiền tệ tài khoản không hợp lệ
"Row {0}: The item {1}, quantity must be positive number","Dòng {0}: Mặt hàng {1}, số lượng phải là số dương"
"Please set {0} for Batched Item {1}, which is used to set {2} on Submit.","Vui lòng thiết lập {0} cho Mặt hàng theo lô {1}, dùng để thiết lập {2} khi Gửi"
Expiry Date Mandatory,Bắt buộc có ngày hết hạn
Variant Item,Mặt hàng biến thể
BOM 1 {0} and BOM 2 {1} should not be same,BOM 1 {0} và BOM 2 {1} không được trùng nhau
Note: Item {0} added multiple times,Lưu ý: Mặt hàng {0} được thêm nhiều lần
YouTube,YouTube
Vimeo,Vimeo
Publish Date,Ngày xuất bản
Duration,Thời lượng
Advanced Settings,Cài đặt nâng cao
Path,Đường dẫn
Components,Thành phần
Verified By,Xác nhận bởi
Invalid naming series (. missing) for {0},Chuỗi đặt tên không hợp lệ (thiếu dấu .) cho {0}
Filter Based On,Lọc theo
Manufacturer Part Number <b>{0}</b> is invalid,Mã linh kiện của nhà sản xuất <b>{0}</b> không hợp lệ
Invalid Part Number,Mã linh kiện không hợp lệ
Select atleast one Social Media from Share on.,Chọn ít nhất một mạng xã hội để chia sẻ
Invalid Scheduled Time,Thời gian lên lịch không hợp lệ
Length Must be less than 280.,Độ dài phải nhỏ hơn 280
Error while POSTING {0},Lỗi khi POST {0}
"Session not valid, Do you want to login?","Phiên làm việc không hợp lệ, bạn có muốn đăng nhập không?"
Session Active,Phiên đang hoạt động
Session Not Active. Save doc to login.,Phiên không hoạt động. Lưu tài liệu để đăng nhập.
Error! Failed to get request token.,Lỗi! Không lấy được request token.
Invalid {0} or {1},{0} hoặc {1} không hợp lệ
Error! Failed to get access token.,Lỗi! Không lấy được access token.
Invalid Consumer Key or Consumer Secret Key,Consumer Key hoặc Consumer Secret Key không hợp lệ
Your Session will be expire in ,Phiên của bạn sẽ hết hạn sau
 days.,ngày.
Session is expired. Save doc to login.,Phiên đã hết hạn. Lưu tài liệu để đăng nhập.
Error While Uploading Image,Lỗi khi tải hình ảnh
You Didn't have permission to access this API,Bạn không có quyền truy cập API này
Valid Upto date cannot be before Valid From date,Ngày hiệu lực đến không được trước ngày hiệu lực từ
Valid From date not in Fiscal Year {0},Ngày hiệu lực từ không thuộc năm tài chính {0}
Valid Upto date not in Fiscal Year {0},Ngày hiệu lực đến không thuộc năm tài chính {0}
Group Roll No,Số thứ tự nhóm
Maintain Same Rate Throughout Sales Cycle,Duy trì cùng một mức giá trong suốt chu kỳ bán hàng
"Row {1}: Quantity ({0}) cannot be a fraction. To allow this, disable '{2}' in UOM {3}.","Dòng {1}: Số lượng ({0}) không được là số thập phân. Để cho phép, hãy tắt '{2}' trong ĐVT {3}."
Must be Whole Number,Phải là số nguyên
Please setup Razorpay Plan ID,Vui lòng thiết lập Razorpay Plan ID
Contact Creation Failed,Tạo liên hệ thất bại
Leaves Expired,Ngày nghỉ phép đã hết hạn
Row #{}: {} of {} should be {}. Please modify the account or select a different account.,Dòng #{}: {} của {} phải là {}. Vui lòng chỉnh sửa tài khoản hoặc chọn tài khoản khác.
Row #{}: Please asign task to a member.,Dòng #{}: Vui lòng gán công việc cho một thành viên.
Process Failed,Xử lý thất bại
Tally Migration Error,Lỗi chuyển đổi Tally
Please set Warehouse in Woocommerce Settings,Vui lòng thiết lập Kho trong Cài đặt Woocommerce
Row {0}: Delivery Warehouse ({1}) and Customer Warehouse ({2}) can not be same,Dòng {0}: Kho giao hàng ({1}) và Kho khách hàng ({2}) không được trùng nhau
Row {0}: Due Date in the Payment Terms table cannot be before Posting Date,Dòng {0}: Ngày đến hạn trong bảng Điều khoản thanh toán không được trước Ngày ghi sổ
Cannot find {} for item {}. Please set the same in Item Master or Stock Settings.,Không tìm thấy {} cho mặt hàng {}. Vui lòng thiết lập trong Danh mục mặt hàng hoặc Cài đặt kho.
Row #{0}: The batch {1} has already expired.,Dòng #{0}: Lô {1} đã hết hạn.
Start Year and End Year are mandatory,Bắt buộc có Năm bắt đầu và Năm kết thúc
GL Entry,Bút toán sổ cái
Cannot allocate more than {0} against payment term {1},Không thể phân bổ quá {0} cho điều khoản thanh toán {1}
The root account {0} must be a group,Tài khoản gốc {0} phải là tài khoản nhóm
Shipping rule not applicable for country {0} in Shipping Address,Quy tắc vận chuyển không áp dụng cho quốc gia {0} trong Địa chỉ giao hàng
Get Payments from,Nhận thanh toán từ
Set Shipping Address or Billing Address,Thiết lập Địa chỉ giao hàng hoặc Địa chỉ thanh toán
Consultation Setup,Thiết lập tư vấn
Fee Validity,Hiệu lực phí
Laboratory Setup,Thiết lập phòng xét nghiệm
Dosage Form,Dạng bào chế
Records and History,Hồ sơ và lịch sử
Patient Medical Record,Hồ sơ bệnh án
Rehabilitation,Phục hồi chức năng
Exercise Type,Loại bài tập
Exercise Difficulty Level,Mức độ khó của bài tập
Therapy Type,Loại trị liệu
Therapy Plan,Kế hoạch trị liệu
Therapy Session,Buổi trị liệu
Motor Assessment Scale,Thang đo đánh giá vận động
[Important] [ERPNext] Auto Reorder Errors,[Quan trọng] [ERPNext] Lỗi tự động đặt hàng lại
"Regards,","Trân trọng,"
The following {0} were created: {1},Đã tạo các {0} sau: {1}
Work Orders,Lệnh sản xuất
The {0} {1} created sucessfully,{0} {1} đã được tạo thành công
Work Order cannot be created for following reason: <br> {0},Không thể tạo Lệnh sản xuất vì lý do sau: <br> {0}
Add items in the Item Locations table,Thêm mặt hàng vào bảng Vị trí mặt hàng
Update Current Stock,Cập nhật tồn kho hiện tại
"{0} Retain Sample is based on batch, please check Has Batch No to retain sample of item","{0} Giữ mẫu dựa trên lô, vui lòng kiểm tra Có số lô để giữ mẫu mặt hàng"
Empty,Trống
Currently no stock available in any warehouse,Hiện không có tồn kho ở bất kỳ kho nào
BOM Qty,Số lượng BOM
Time logs are required for {0} {1},Bắt buộc có nhật ký thời gian cho {0} {1}
Total Completed Qty,Tổng số lượng hoàn thành
Social Media Campaigns,Chiến dịch mạng xã hội
From Date can not be greater than To Date,Ngày bắt đầu không được lớn hơn ngày kết thúc
Please set a Customer linked to the Patient,Vui lòng thiết lập Khách hàng liên kết với Bệnh nhân
Customer Not Found,Không tìm thấy Khách hàng
Please Configure Clinical Procedure Consumable Item in ,Vui lòng cấu hình Mặt hàng tiêu hao cho Thủ thuật lâm sàng trong
Missing Configuration,Thiếu cấu hình
Out Patient Consulting Charge Item,Mặt hàng phí khám ngoại trú
Inpatient Visit Charge Item,Mặt hàng phí thăm khám nội trú
OP Consulting Charge,Phí tư vấn ngoại trú
Inpatient Visit Charge,Phí thăm khám nội trú
Appointment Status,Trạng thái lịch hẹn
Test: ,Xét nghiệm:
Collection Details: ,Chi tiết thu thập:
{0} out of {1},{0} trên {1}
Select Therapy Type,Chọn loại trị liệu
{0} sessions completed,{0} buổi đã hoàn thành
{0} session completed,{0} buổi đã hoàn thành
 out of {0},trên {0}
Therapy Sessions,Các buổi trị liệu
Add Exercise Step,Thêm bước bài tập
Edit Exercise Step,Chỉnh sửa bước bài tập
Patient Appointments,Lịch hẹn bệnh nhân
Item with Item Code {0} already exists,Mặt hàng với Mã {0} đã tồn tại
Registration Fee cannot be negative or zero,Phí đăng ký không được âm hoặc bằng 0
Configure a service Item for {0},Cấu hình Mặt hàng dịch vụ cho {0}
Temperature: ,Nhiệt độ:
Pulse: ,Mạch:
Respiratory Rate: ,Nhịp thở:
BP: ,Huyết áp:
BMI: ,BMI:
Note: ,Ghi chú:
Check Availability,Kiểm tra khả dụng
Please select Patient first,Vui lòng chọn Bệnh nhân trước
Please select a Mode of Payment first,Vui lòng chọn Phương thức thanh toán trước
Please set the Paid Amount first,Vui lòng thiết lập Số tiền đã thanh toán trước
Not Therapies Prescribed,Chưa có trị liệu được kê
There are no Therapies prescribed for Patient {0},Không có trị liệu nào được kê cho Bệnh nhân {0}
Appointment date and Healthcare Practitioner are Mandatory,Ngày hẹn và Nhân viên y tế là bắt buộc
No Prescribed Procedures found for the selected Patient,Không tìm thấy thủ thuật được kê cho Bệnh nhân đã chọn
Please select a Patient first,Vui lòng chọn Bệnh nhân trước
There are no procedure prescribed for ,Không có thủ thuật nào được kê cho
Prescribed Therapies,Các trị liệu được kê
Appointment overlaps with ,Lịch hẹn bị trùng với
{0} has appointment scheduled with {1} at {2} having {3} minute(s) duration.,{0} có lịch hẹn với {1} lúc {2} trong thời lượng {3} phút
Appointments Overlapping,Lịch hẹn bị trùng
Consulting Charges: {0},Phí tư vấn: {0}
Appointment Cancelled. Please review and cancel the invoice {0},Lịch hẹn đã bị hủy. Vui lòng xem xét và hủy hóa đơn {0}
Appointment Cancelled.,Lịch hẹn đã bị hủy
Fee Validity {0} updated.,Hiệu lực phí {0} đã được cập nhật
Practitioner Schedule Not Found,Không tìm thấy lịch làm việc của nhân viên y tế
{0} is on a Half day Leave on {1},{0} nghỉ nửa ngày vào {1}
{0} is on Leave on {1},{0} nghỉ phép vào {1}
{0} does not have a Healthcare Practitioner Schedule. Add it in Healthcare Practitioner,{0} chưa có Lịch làm việc của Nhân viên y tế. Vui lòng thêm trong Nhân viên y tế
Healthcare Service Units,Đơn vị dịch vụ y tế
Complete and Consume,Hoàn tất và tiêu hao
Complete {0} and Consume Stock?,Hoàn tất {0} và tiêu hao tồn kho?
Complete {0}?,Hoàn tất {0}?
Stock quantity to start the Procedure is not available in the Warehouse {0}. Do you want to record a Stock Entry?,Số lượng tồn kho để bắt đầu Thủ thuật không có sẵn tại Kho {0}. Bạn có muốn ghi nhận một Phiếu xuất nhập kho không?
{0} as on {1},{0} tại thời điểm {1}
Clinical Procedure ({0}):,Thủ thuật lâm sàng ({0}):
Please set Customer in Patient {0},Vui lòng thiết lập Khách hàng cho Bệnh nhân {0}
Item {0} is not active,Mặt hàng {0} không còn hoạt động
Therapy Plan {0} created successfully.,Kế hoạch trị liệu {0} đã được tạo thành công.
Symptoms: ,Triệu chứng:
No Symptoms,Không có triệu chứng
Diagnosis: ,Chẩn đoán:
No Diagnosis,Không có chẩn đoán
Drug(s) Prescribed.,Thuốc được kê.
Test(s) Prescribed.,Xét nghiệm được kê.
Procedure(s) Prescribed.,Thủ thuật được kê.
Counts Completed: {0},Số lượt đã hoàn thành: {0}
Patient Assessment,Đánh giá bệnh nhân
Assessments,Các đánh giá
Heads (or groups) against which Accounting Entries are made and balances are maintained.,Các đầu mục (hoặc nhóm) dùng để ghi nhận bút toán kế toán và theo dõi số dư.
Account Name,Tên tài khoản
Inter Company Account,Tài khoản liên công ty
Parent Account,Tài khoản cha
Setting Account Type helps in selecting this Account in transactions.,Thiết lập Loại tài khoản giúp chọn tài khoản này trong các giao dịch.
Chargeable,Có tính phí
Rate at which this tax is applied,Mức thuế được áp dụng
Frozen,Đóng băng
"If the account is frozen, entries are allowed to restricted users.","Nếu tài khoản bị đóng băng, chỉ người dùng bị hạn chế mới được phép ghi bút toán."
Balance must be,Số dư phải
Lft,Lft
Rgt,Rgt
Old Parent,Cha cũ
Include in gross,Bao gồm trong tổng
Auditor,Kiểm toán viên
Accounting Dimension,Chiều kế toán
Dimension Name,Tên chiều
Dimension Defaults,Mặc định chiều
Accounting Dimension Detail,Chi tiết chiều kế toán
Default Dimension,Chiều mặc định
Mandatory For Balance Sheet,Bắt buộc cho Bảng cân đối kế toán
Mandatory For Profit and Loss Account,Bắt buộc cho Tài khoản Lãi/Lỗ
Accounting Period,Kỳ kế toán
Period Name,Tên kỳ
Closed Documents,Tài liệu đã đóng
Accounts Settings,Cài đặt kế toán
Settings for Accounts,Thiết lập cho Kế toán
Make Accounting Entry For Every Stock Movement,Ghi nhận bút toán cho mọi biến động tồn kho
Users with this role are allowed to set frozen accounts and create / modify accounting entries against frozen accounts,Người dùng có vai trò này được phép thiết lập tài khoản đóng băng và tạo/sửa bút toán trên tài khoản đóng băng
Determine Address Tax Category From,Xác định Nhóm thuế theo Địa chỉ từ
Over Billing Allowance (%),Cho phép ghi vượt hóa đơn (%)
Credit Controller,Kiểm soát tín dụng
Check Supplier Invoice Number Uniqueness,Kiểm tra tính duy nhất của Số hóa đơn nhà cung cấp
Make Payment via Journal Entry,Thực hiện thanh toán qua Bút toán
Unlink Payment on Cancellation of Invoice,Hủy liên kết thanh toán khi hủy hóa đơn
Book Asset Depreciation Entry Automatically,Tự động ghi bút toán khấu hao tài sản
Automatically Add Taxes and Charges from Item Tax Template,Tự động thêm Thuế và Phí từ Mẫu thuế mặt hàng
Automatically Fetch Payment Terms,Tự động lấy Điều khoản thanh toán
Show Payment Schedule in Print,Hiển thị Lịch thanh toán khi in
Currency Exchange Settings,Cài đặt tỷ giá hối đoái
Allow Stale Exchange Rates,Cho phép tỷ giá lỗi thời
Stale Days,Số ngày lỗi thời
Report Settings,Cài đặt báo cáo
Use Custom Cash Flow Format,Sử dụng định dạng Lưu chuyển tiền tệ tùy chỉnh
Allowed To Transact With,Được phép giao dịch với
SWIFT number,Mã SWIFT
Branch Code,Mã chi nhánh
Address and Contact,Địa chỉ và liên hệ
Address HTML,HTML địa chỉ
Contact HTML,HTML liên hệ
Data Import Configuration,Cấu hình nhập dữ liệu
Bank Transaction Mapping,Ánh xạ giao dịch ngân hàng
Plaid Access Token,Plaid Access Token ( mã truy cập ngân hàng)
Company Account,Tài khoản công ty
Account Subtype,Phân loại tài khoản
Is Default Account,Là tài khoản mặc định
Is Company Account,Là tài khoản công ty
Party Details,Chi tiết đối tác
Account Details,Chi tiết tài khoản
IBAN,IBAN
Bank Account No,Số tài khoản ngân hàng
Integration Details,Chi tiết tích hợp
Integration ID,ID tích hợp
Last Integration Date,Ngày tích hợp gần nhất
Change this date manually to setup the next synchronization start date,Thay đổi ngày này thủ công để thiết lập ngày bắt đầu đồng bộ tiếp theo
Mask,Che/mặt nạ
Bank Account Subtype,Phân loại phụ tài khoản ngân hàng
Bank Account Type,Loại tài khoản ngân hàng
Bank Guarantee,Bảo lãnh ngân hàng
Bank Guarantee Type,Loại bảo lãnh ngân hàng
Receiving,Nhận
Providing,Cấp
Reference Document Name,Tên tài liệu tham chiếu
Validity in Days,Thời hạn (ngày)
Bank Account Info,Thông tin tài khoản ngân hàng
Clauses and Conditions,Điều khoản và điều kiện
Other Details,Chi tiết khác
Bank Guarantee Number,Số bảo lãnh ngân hàng
Name of Beneficiary,Tên người thụ hưởng
Margin Money,Tiền ký quỹ
Charges Incurred,Chi phí phát sinh
Fixed Deposit Number,Số tiền gửi có kỳ hạn
Account Currency,Tiền tệ tài khoản
Select the Bank Account to reconcile.,Chọn tài khoản ngân hàng để đối soát.
Include Reconciled Entries,Bao gồm các bút toán đã đối soát
Get Payment Entries,Lấy các bút toán thanh toán
Payment Entries,Các bút toán thanh toán
Update Clearance Date,Cập nhật ngày đối soát
Bank Reconciliation Detail,Chi tiết đối soát ngân hàng
Cheque Number,Số séc
Cheque Date,Ngày séc
Statement Header Mapping,Ánh xạ tiêu đề sao kê
Statement Headers,Các tiêu đề sao kê
Transaction Data Mapping,Ánh xạ dữ liệu giao dịch
Mapped Items,Các mục đã ánh xạ
Bank Statement Settings Item,Mục cài đặt sao kê ngân hàng
Mapped Header,Tiêu đề đã ánh xạ
Bank Header,Tiêu đề ngân hàng
Bank Statement Transaction Entry,Bút toán giao dịch sao kê ngân hàng
Bank Transaction Entries,Các bút toán giao dịch ngân hàng
New Transactions,Giao dịch mới
Match Transaction to Invoices,Khớp giao dịch với hóa đơn
Create New Payment/Journal Entry,Tạo bút toán Thanh toán/Bút toán mới
Submit/Reconcile Payments,Gửi/Đối soát thanh toán
Matching Invoices,Hóa đơn khớp
Payment Invoice Items,Các mục hóa đơn thanh toán
Reconciled Transactions,Giao dịch đã đối soát
Bank Statement Transaction Invoice Item,Mục hóa đơn trong giao dịch sao kê ngân hàng
Payment Description,Mô tả thanh toán
Invoice Date,Ngày hóa đơn
Bank Statement Transaction Payment Item,Mục thanh toán trong giao dịch sao kê ngân hàng
outstanding_amount,Số tiền còn lại
Payment Reference,Tham chiếu thanh toán
Bank Statement Transaction Settings Item,Mục cài đặt giao dịch sao kê ngân hàng
Bank Data,Dữ liệu ngân hàng
Mapped Data Type,Loại dữ liệu đã ánh xạ
Mapped Data,Dữ liệu đã ánh xạ
Bank Transaction,Giao dịch ngân hàng
ACC-BTN-.YYYY.-,ACC-BTN-.YYYY.-
Transaction ID,ID giao dịch
Unallocated Amount,Số tiền chưa phân bổ
Field in Bank Transaction,Trường trong giao dịch ngân hàng
Column in Bank File,Cột trong tệp ngân hàng
Bank Transaction Payments,Thanh toán giao dịch ngân hàng
Control Action,Hành động kiểm soát
Applicable on Material Request,Áp dụng cho Yêu cầu vật tư
Action if Annual Budget Exceeded on MR,Hành động khi vượt Ngân sách năm trên YCVT
Warn,Cảnh báo
Ignore,Bỏ qua
Action if Accumulated Monthly Budget Exceeded on MR,Hành động khi vượt Ngân sách tháng lũy kế trên YCVT
Applicable on Purchase Order,Áp dụng cho Đơn mua hàng
Action if Annual Budget Exceeded on PO,Hành động khi vượt Ngân sách năm trên ĐMH
Action if Accumulated Monthly Budget Exceeded on PO,Hành động khi vượt Ngân sách tháng lũy kế trên ĐMH
Applicable on booking actual expenses,Áp dụng khi ghi nhận chi phí thực tế
Action if Annual Budget Exceeded on Actual,Hành động khi vượt Ngân sách năm trên Thực tế
Action if Accumulated Monthly Budget Exceeded on Actual,Hành động khi vượt Ngân sách tháng lũy kế trên Thực tế
Budget Accounts,Các tài khoản ngân sách
Budget Account,Tài khoản ngân sách
Budget Amount,Số tiền ngân sách
C-Form,C-Form
ACC-CF-.YYYY.-,ACC-CF-.YYYY.-
C-Form No,Số C-Form
Received Date,Ngày nhận
Quarter,Quý
I,I
II,II
III,III
IV,IV
C-Form Invoice Detail,Chi tiết hóa đơn C-Form
Invoice No,Số hóa đơn
Cash Flow Mapper,Ánh xạ lưu chuyển tiền tệ
Section Name,Tên mục
Section Header,Tiêu đề mục
Section Leader,Trưởng mục
e.g Adjustments for:,ví dụ: Điều chỉnh cho:
Section Subtotal,Tổng phụ mục
Section Footer,Chân mục
Cash Flow Mapping,Ánh xạ lưu chuyển tiền tệ
Select Maximum Of 1,Chọn tối đa 1
Is Finance Cost,Là chi phí tài chính
Is Working Capital,Là vốn lưu động
Is Finance Cost Adjustment,Là điều chỉnh chi phí tài chính
Is Income Tax Liability,Là nghĩa vụ thuế TNDN
Is Income Tax Expense,Là chi phí thuế TNDN
Cash Flow Mapping Accounts,Các tài khoản ánh xạ lưu chuyển tiền tệ
account,tài khoản
Cash Flow Mapping Template,Mẫu ánh xạ lưu chuyển tiền tệ
Cash Flow Mapping Template Details,Chi tiết mẫu ánh xạ lưu chuyển tiền tệ
POS-CLO-,POS-CLO-
Custody,Ký quỹ
Net Amount,Số tiền ròng
Cashier Closing Payments,Các khoản thanh toán khi chốt quầy
Chart of Accounts Importer,Trình nhập Sơ đồ tài khoản
Import Chart of Accounts from a csv file,Nhập Sơ đồ tài khoản từ tệp csv
Attach custom Chart of Accounts file,Đính kèm tệp Sơ đồ tài khoản tùy chỉnh
Chart Preview,Xem trước sơ đồ
Chart Tree,Cây sơ đồ
Cheque Print Template,Mẫu in séc
Has Print Format,Có định dạng in
Primary Settings,Cài đặt chính
Cheque Size,Kích thước séc
Regular,Chuẩn
Starting position from top edge,Vị trí bắt đầu từ mép trên
Cheque Width,Chiều rộng séc
Cheque Height,Chiều cao séc
Scanned Cheque,Séc quét
Is Account Payable,Là tài khoản phải trả
Distance from top edge,Khoảng cách từ mép trên
Distance from left edge,Khoảng cách từ mép trái
Message to show,Thông điệp hiển thị
Date Settings,Cài đặt ngày
Starting location from left edge,Vị trí bắt đầu từ mép trái
Payer Settings,Cài đặt người trả
Width of amount in word,Độ rộng số tiền bằng chữ
Line spacing for amount in words,Khoảng cách dòng cho số tiền bằng chữ
Amount In Figure,Số tiền bằng số
Signatory Position,Vị trí chữ ký
Closed Document,Tài liệu đã đóng
Track separate Income and Expense for product verticals or divisions.,Theo dõi riêng Thu nhập và Chi phí theo ngành/dòng sản phẩm hoặc bộ phận.
Cost Center Name,Tên trung tâm chi phí
Parent Cost Center,Trung tâm chi phí cha
Coupon Code,Mã coupon
Coupon Name,Tên coupon
"e.g. ""Summer Holiday 2019 Offer 20""",ví dụ: “Ưu đãi Nghỉ hè 2019 20”
Coupon Type,Loại coupon
Promotional,Khuyến mãi
Gift Card,Thẻ quà tặng
unique e.g. SAVE20  To be used to get discount,"duy nhất, ví dụ SAVE20 dùng để giảm giá"
Validity and Usage,Hiệu lực và sử dụng
Valid From,Hiệu lực từ
Valid Upto,Hiệu lực đến
Maximum Use,Số lần dùng tối đa
Used,Đã dùng
Coupon Description,Mô tả coupon
Discounted Invoice,Hóa đơn được giảm giá
Debit to,Ghi nợ vào
Exchange Rate Revaluation,Đánh giá lại tỷ giá hối đoái
Get Entries,Lấy bút toán
Exchange Rate Revaluation Account,Tài khoản đánh giá lại tỷ giá
Total Gain/Loss,Tổng lãi/lỗ
Balance In Account Currency,Số dư theo tiền tệ tài khoản
Current Exchange Rate,Tỷ giá hiện tại
Balance In Base Currency,Số dư theo tiền tệ cơ sở
New Exchange Rate,Tỷ giá mới
New Balance In Base Currency,Số dư mới theo tiền tệ cơ sở
Gain/Loss,Lãi/Lỗ
**Fiscal Year** represents a Financial Year. All accounting entries and other major transactions are tracked against **Fiscal Year**.,Năm tài chính đại diện cho một năm tài chính. Tất cả bút toán kế toán và các giao dịch lớn khác được theo dõi theo Năm tài chính.
Year Name,Tên năm
"For e.g. 2012, 2012-13","Ví dụ: 2012, 2012-13"
Year Start Date,Ngày bắt đầu năm
Year End Date,Ngày kết thúc năm
Companies,Công ty
Auto Created,Tự động tạo
Stock User,Người dùng kho
Fiscal Year Company,Công ty thuộc năm tài chính
Debit Amount,Số tiền ghi nợ
Credit Amount,Số tiền ghi có
Debit Amount in Account Currency,Số tiền ghi nợ theo tiền tệ tài khoản
Credit Amount in Account Currency,Số tiền ghi có theo tiền tệ tài khoản
Voucher Detail No,Số chi tiết chứng từ
Is Opening,Là số dư đầu kỳ
Is Advance,Là tạm ứng
To Rename,Đổi tên
GST Account,Tài khoản GST
CGST Account,Tài khoản CGST
SGST Account,Tài khoản SGST
IGST Account,Tài khoản IGST
CESS Account,Tài khoản CESS
Loan Start Date,Ngày bắt đầu khoản vay
Loan Period (Days),Thời hạn vay (ngày)
Loan End Date,Ngày kết thúc khoản vay
Bank Charges,Phí ngân hàng
Short Term Loan Account,Tài khoản vay ngắn hạn
Bank Charges Account,Tài khoản phí ngân hàng
Accounts Receivable Credit Account,Tài khoản ghi có phải thu
Accounts Receivable Discounted Account,Tài khoản chiết khấu phải thu
Accounts Receivable Unpaid Account,Tài khoản chưa thanh toán phải thu
Item Tax Template,Mẫu thuế mục hàng
Tax Rates,Tỷ lệ thuế
Item Tax Template Detail,Chi tiết mẫu thuế mục hàng
Entry Type,Loại bút toán
Inter Company Journal Entry,Bút toán giữa các công ty
Bank Entry,Bút toán ngân hàng
Cash Entry,Bút toán tiền mặt
Credit Card Entry,Bút toán thẻ tín dụng
Contra Entry,Bút toán đối ứng
Excise Entry,Bút toán thuế tiêu thụ
Write Off Entry,Bút toán xóa nợ
Opening Entry,Bút toán mở đầu
ACC-JV-.YYYY.-,ACC-JV-.YYYY.-
Accounting Entries,Bút toán kế toán
Total Debit,Tổng ghi nợ
Total Credit,Tổng ghi có
Difference (Dr - Cr),Chênh lệch (Nợ - Có)
Make Difference Entry,Tạo bút toán chênh lệch
Total Amount Currency,Tổng tiền theo tiền tệ
Total Amount in Words,Tổng tiền bằng chữ
Remark,Ghi chú
Paid Loan,Khoản vay đã trả
Inter Company Journal Entry Reference,Tham chiếu bút toán giữa các công ty
Write Off Based On,Xóa nợ dựa trên
Get Outstanding Invoices,Lấy hóa đơn còn nợ
Write Off Amount,Số tiền xóa nợ
Printing Settings,Cài đặt in ấn
Pay To / Recd From,Trả cho / Nhận từ
Payment Order,Lệnh thanh toán
Subscription Section,Phần đăng ký
Journal Entry Account,Tài khoản bút toán nhật ký
Account Balance,Số dư tài khoản
Party Balance,Số dư đối tác
Accounting Dimensions,Chiều hạch toán kế toán
If Income or Expense,Nếu là doanh thu hoặc chi phí
Exchange Rate,Tỷ giá hối đoái
Debit in Company Currency,Ghi nợ theo tiền tệ công ty
Credit in Company Currency,Ghi có theo tiền tệ công ty
Payroll Entry,Bút toán lương
Employee Advance,Tạm ứng nhân viên
Reference Due Date,Ngày đến hạn tham chiếu
Loyalty Program Tier,Hạng chương trình khách hàng thân thiết
Redeem Against,Đổi điểm cho
Expiry Date,Ngày hết hạn
Loyalty Point Entry Redemption,Bút toán đổi điểm khách hàng thân thiết
Redemption Date,Ngày đổi điểm
Redeemed Points,Điểm đã đổi
Loyalty Program Name,Tên chương trình khách hàng thân thiết
Loyalty Program Type,Loại chương trình khách hàng thân thiết
Single Tier Program,Chương trình đơn cấp
Multiple Tier Program,Chương trình đa cấp
Customer Territory,Khu vực khách hàng
Auto Opt In (For all customers),Tự động đăng ký (cho tất cả khách hàng)
Collection Tier,Cấp độ thu thập
Collection Rules,Quy tắc thu thập
Redemption,Đổi thưởng
Conversion Factor,Hệ số quy đổi
1 Loyalty Points = How much base currency?,1 điểm = bao nhiêu tiền tệ cơ sở
Expiry Duration (in days),Thời hạn hết hạn (ngày)
Help Section,Phần trợ giúp
Loyalty Program Help,Hướng dẫn chương trình khách hàng thân thiết
Loyalty Program Collection,Thu thập điểm khách hàng thân thiết
Tier Name,Tên cấp độ
Minimum Total Spent,Tổng chi tiêu tối thiểu
Collection Factor (=1 LP),Hệ số thu thập (=1 điểm)
For how much spent = 1 Loyalty Point,Chi tiêu bao nhiêu = 1 điểm
Mode of Payment Account,Tài khoản phương thức thanh toán
Default Account,Tài khoản mặc định
Default account will be automatically updated in POS Invoice when this mode is selected.,Tài khoản mặc định sẽ tự động được cập nhật trong hóa đơn POS khi chọn phương thức này
**Monthly Distribution** helps you distribute the Budget/Target across months if you have seasonality in your business.,Phân bổ theo tháng giúp bạn phân chia ngân sách hoặc mục tiêu theo từng tháng nếu có tính mùa vụ trong kinh doanh
Distribution Name,Tên phân bổ
Name of the Monthly Distribution,Tên phân bổ theo tháng
Monthly Distribution Percentages,Tỷ lệ phân bổ theo tháng
Monthly Distribution Percentage,Tỷ lệ phân bổ theo tháng
Percentage Allocation,Phần trăm phân bổ
Create Missing Party,Tạo đối tác còn thiếu
Create missing customer or supplier.,Tạo khách hàng hoặc nhà cung cấp còn thiếu
Opening Invoice Creation Tool Item,Công cụ tạo hóa đơn mở đầu
Temporary Opening Account,Tài khoản tạm thời mở đầu
Party Account,Tài khoản đối tác
Type of Payment,Loại thanh toán
ACC-PAY-.YYYY.-,ACC-PAY-.YYYY.-
Receive,Nhận tiền
Internal Transfer,Chuyển nội bộ
Payment Order Status,Trạng thái lệnh thanh toán
Payment Ordered,Đã lập lệnh thanh toán
Payment From / To,Thanh toán từ / đến
Company Bank Account,Tài khoản ngân hàng công ty
Party Bank Account,Tài khoản ngân hàng đối tác
Account Paid From,Tài khoản trả tiền từ
Account Paid To,Tài khoản nhận tiền
Paid Amount (Company Currency),Số tiền thanh toán (theo tiền tệ công ty)
Received Amount,Số tiền nhận
Received Amount (Company Currency),Số tiền nhận (theo tiền tệ công ty)
Get Outstanding Invoice,Lấy hóa đơn còn nợ
Payment References,Tham chiếu thanh toán
Writeoff,Xóa nợ
Total Allocated Amount,Tổng số tiền đã phân bổ
Total Allocated Amount (Company Currency),Tổng số tiền đã phân bổ (theo tiền tệ công ty)
Set Exchange Gain / Loss,Thiết lập lãi/lỗ chênh lệch tỷ giá
Difference Amount (Company Currency),Số tiền chênh lệch (theo tiền tệ công ty)
Write Off Difference Amount,Số tiền chênh lệch xóa nợ
Deductions or Loss,Các khoản khấu trừ hoặc lỗ
Payment Deductions or Loss,Khấu trừ hoặc lỗ thanh toán
Cheque/Reference Date,Ngày séc/Tham chiếu
Payment Entry Deduction,Khấu trừ bút toán thanh toán
Payment Entry Reference,Tham chiếu bút toán thanh toán
Allocated,Đã phân bổ
Payment Gateway Account,Tài khoản cổng thanh toán
Payment Account,Tài khoản thanh toán
Default Payment Request Message,Tin nhắn yêu cầu thanh toán mặc định
PMO-,PMO-
Payment Order Type,Loại lệnh thanh toán
Payment Order Reference,Tham chiếu lệnh thanh toán
Bank Account Details,Chi tiết tài khoản ngân hàng
Payment Reconciliation,Đối soát thanh toán
Receivable / Payable Account,Tài khoản phải thu / phải trả
Bank / Cash Account,Tài khoản tiền mặt / ngân hàng
From Invoice Date,Từ ngày hóa đơn
To Invoice Date,Đến ngày hóa đơn
Minimum Invoice Amount,Số tiền hóa đơn tối thiểu
Maximum Invoice Amount,Số tiền hóa đơn tối đa
System will fetch all the entries if limit value is zero.,Hệ thống sẽ lấy tất cả bút toán nếu giá trị giới hạn là 0
Get Unreconciled Entries,Lấy các bút toán chưa đối soát
Unreconciled Payment Details,Chi tiết thanh toán chưa đối soát
Invoice/Journal Entry Details,Chi tiết hóa đơn / bút toán
Payment Reconciliation Invoice,Đối soát hóa đơn
Invoice Number,Số hóa đơn
Payment Reconciliation Payment,Đối soát thanh toán
Reference Row,Dòng tham chiếu
Allocated amount,Số tiền đã phân bổ
Payment Request Type,Loại yêu cầu thanh toán
Outward,Chi ra
Inward,Thu vào
ACC-PRQ-.YYYY.-,ACC-PRQ-.YYYY.-
Transaction Details,Chi tiết giao dịch
Amount in customer's currency,Số tiền theo tiền tệ khách hàng
Is a Subscription,Là đăng ký định kỳ
Transaction Currency,Tiền tệ giao dịch
Subscription Plans,Kế hoạch đăng ký
Recipient Message And Payment Details,Thông tin người nhận và chi tiết thanh toán
Make Sales Invoice,Tạo hóa đơn bán hàng
Mute Email,Tắt email thông báo
payment_url,payment_url
Payment Gateway Details,Chi tiết cổng thanh toán
Payment Schedule,Lịch thanh toán
Invoice Portion,Phần hóa đơn
Payment Amount,Số tiền thanh toán
Payment Term Name,Tên điều khoản thanh toán
Due Date Based On,Ngày đến hạn dựa trên
Day(s) after invoice date,Số ngày sau ngày hóa đơn
Day(s) after the end of the invoice month,Số ngày sau cuối tháng hóa đơn
Month(s) after the end of the invoice month,Số tháng sau cuối tháng hóa đơn
Credit Days,Số ngày tín dụng
Credit Months,Số tháng tín dụng
Allocate Payment Based On Payment Terms,Phân bổ thanh toán dựa trên điều khoản
"If this checkbox is checked, paid amount will be splitted and allocated as per the amounts in payment schedule against each payment term","Nếu được chọn, số tiền thanh toán sẽ được chia và phân bổ theo từng điều khoản trong lịch thanh toán"
Payment Terms Template Detail,Chi tiết mẫu điều khoản thanh toán
Closing Fiscal Year,Đóng năm tài chính
Closing Account Head,Tài khoản kết chuyển
"The account head under Liability or Equity, in which Profit/Loss will be booked",Tài khoản kết chuyển dưới Nợ phải trả hoặc Vốn chủ sở hữu nơi ghi nhận lãi/lỗ
POS Customer Group,Nhóm khách hàng POS
POS Field,Trường POS
POS Item Group,Nhóm mặt hàng POS
Company Address,Địa chỉ công ty
Update Stock,Cập nhật tồn kho
Ignore Pricing Rule,Bỏ qua quy tắc giá
Applicable for Users,Áp dụng cho người dùng
Sales Invoice Payment,Thanh toán hóa đơn bán hàng
Item Groups,Nhóm mặt hàng
Only show Items from these Item Groups,Chỉ hiển thị mặt hàng thuộc các nhóm này
Customer Groups,Nhóm khách hàng
Only show Customer of these Customer Groups,Chỉ hiển thị khách hàng thuộc các nhóm này
Write Off Account,Tài khoản xóa nợ
Write Off Cost Center,Trung tâm chi phí xóa nợ
Account for Change Amount,Tài khoản tiền thừa
Taxes and Charges,Thuế và phí
Apply Discount On,Áp dụng giảm giá trên
POS Profile User,Người dùng hồ sơ POS
Apply On,Áp dụng trên
Price or Product Discount,Giá hoặc chiết khấu sản phẩm
Apply Rule On Item Code,Áp dụng quy tắc cho mã hàng
Apply Rule On Item Group,Áp dụng quy tắc cho nhóm hàng
Apply Rule On Brand,Áp dụng quy tắc cho thương hiệu
Mixed Conditions,Điều kiện kết hợp
Conditions will be applied on all the selected items combined. ,Điều kiện sẽ được áp dụng cho tất cả mục đã chọn
Is Cumulative,Là tích lũy
Coupon Code Based,Dựa trên mã giảm giá
Discount on Other Item,Giảm giá cho mục khác
Apply Rule On Other,Áp dụng quy tắc cho mục khác
Party Information,Thông tin đối tác
Quantity and Amount,Số lượng và số tiền
Min Qty,Số lượng tối thiểu
Max Qty,Số lượng tối đa
Min Amt,Số tiền tối thiểu
Max Amt,Số tiền tối đa
Period Settings,Cài đặt giai đoạn
Margin,Biên lợi nhuận
Margin Type,Loại biên lợi nhuận
Margin Rate or Amount,Tỷ lệ hoặc số tiền biên lợi nhuận
Price Discount Scheme,Chương trình giảm giá giá bán
Rate or Discount,Tỷ lệ hoặc chiết khấu
Discount Percentage,Phần trăm giảm giá
Discount Amount,Số tiền giảm giá
For Price List,Theo bảng giá
Product Discount Scheme,Chương trình giảm giá sản phẩm
Same Item,Cùng mặt hàng
Free Item,Hàng tặng kèm
Threshold for Suggestion,Ngưỡng gợi ý
System will notify to increase or decrease quantity or amount ,Hệ thống sẽ thông báo tăng hoặc giảm số lượng hoặc số tiền
"Higher the number, higher the priority","Giá trị càng cao, ưu tiên càng lớn"
Apply Multiple Pricing Rules,Áp dụng nhiều quy tắc giá
Apply Discount on Rate,Áp dụng giảm giá theo giá
Validate Applied Rule,Xác nhận quy tắc áp dụng
Rule Description,Mô tả quy tắc
Pricing Rule Help,Trợ giúp quy tắc giá
Promotional Scheme Id,Mã chương trình khuyến mãi
Promotional Scheme,Chương trình khuyến mãi
Pricing Rule Brand,Thương hiệu trong quy tắc giá
Pricing Rule Detail,Chi tiết quy tắc giá
Child Docname,Tên tài liệu con
Rule Applied,Quy tắc đã áp dụng
Pricing Rule Item Code,Mã mặt hàng trong quy tắc giá
Pricing Rule Item Group,Nhóm mặt hàng trong quy tắc giá
Price Discount Slabs,Các mức chiết khấu giá
Promotional Scheme Price Discount,Chiết khấu giá theo chương trình khuyến mãi
Product Discount Slabs,Các mức chiết khấu sản phẩm
Promotional Scheme Product Discount,Chiết khấu sản phẩm theo chương trình khuyến mãi
Min Amount,Số tiền tối thiểu
Max Amount,Số tiền tối đa
Discount Type,Loại chiết khấu
ACC-PINV-.YYYY.-,ACC-PINV-.YYYY.-
Tax Withholding Category,Danh mục khấu trừ thuế
Edit Posting Date and Time,Cho phép chỉnh sửa ngày và giờ hạch toán
Is Paid,Đã thanh toán
Is Return (Debit Note),Là hàng trả lại (ghi chú nợ)
Apply Tax Withholding Amount,Áp dụng số tiền khấu trừ thuế
Supplier Invoice Details,Chi tiết hóa đơn nhà cung cấp
Supplier Invoice Date,Ngày hóa đơn nhà cung cấp
Return Against Purchase Invoice,Trả hàng theo hóa đơn mua
Select Supplier Address,Chọn địa chỉ nhà cung cấp
Contact Person,Người liên hệ
Select Shipping Address,Chọn địa chỉ giao hàng
Currency and Price List,Tiền tệ và bảng giá
Price List Currency,Tiền tệ của bảng giá
Price List Exchange Rate,Tỷ giá bảng giá
Set Accepted Warehouse,Thiết lập kho chấp nhận
Rejected Warehouse,Kho bị từ chối
Warehouse where you are maintaining stock of rejected items,Kho dùng để quản lý tồn kho hàng bị từ chối
Raw Materials Supplied,Nguyên vật liệu được cung ứng
Supplier Warehouse,Kho của nhà cung cấp
Pricing Rules,Quy tắc giá
Supplied Items,Các mặt hàng được cung ứng
Total (Company Currency),Tổng cộng (theo tiền tệ công ty)
Net Total (Company Currency),Tổng ròng (theo tiền tệ công ty)
Total Net Weight,Tổng trọng lượng tịnh
Shipping Rule,Quy tắc vận chuyển
Purchase Taxes and Charges Template,Mẫu thuế và chi phí mua hàng
Purchase Taxes and Charges,Thuế và chi phí mua hàng
Tax Breakup,Chi tiết phân bổ thuế
Taxes and Charges Calculation,Cách tính thuế và chi phí
Taxes and Charges Added (Company Currency),Thuế và chi phí cộng thêm (theo tiền tệ công ty)
Taxes and Charges Deducted (Company Currency),Thuế và chi phí khấu trừ (theo tiền tệ công ty)
Total Taxes and Charges (Company Currency),Tổng thuế và chi phí (theo tiền tệ công ty)
Taxes and Charges Added,Thuế và chi phí cộng thêm
Taxes and Charges Deducted,Thuế và chi phí khấu trừ
Total Taxes and Charges,Tổng thuế và chi phí
Additional Discount,Chiết khấu bổ sung
Apply Additional Discount On,Áp dụng chiết khấu bổ sung trên
Additional Discount Amount (Company Currency),Số tiền chiết khấu bổ sung (theo tiền tệ công ty)
Additional Discount Percentage,Tỷ lệ chiết khấu bổ sung
Additional Discount Amount,Số tiền chiết khấu bổ sung
Grand Total (Company Currency),Tổng cộng cuối cùng (theo tiền tệ công ty)
Rounding Adjustment (Company Currency),Điều chỉnh làm tròn (theo tiền tệ công ty)
Rounded Total (Company Currency),Tổng sau làm tròn (theo tiền tệ công ty)
In Words (Company Currency),Bằng chữ (theo tiền tệ công ty)
Rounding Adjustment,Điều chỉnh làm tròn
In Words,Bằng chữ
Total Advance,Tổng tiền ứng trước
Disable Rounded Total,Vô hiệu hóa tổng làm tròn
Cash/Bank Account,Tài khoản tiền mặt/ngân hàng
Write Off Amount (Company Currency),Số tiền xóa nợ (theo tiền tệ công ty)
Set Advances and Allocate (FIFO),Thiết lập ứng trước và phân bổ (FIFO)
Get Advances Paid,Lấy các khoản đã ứng trước
Advances,Các khoản ứng trước
Terms,Điều khoản
Terms and Conditions1,Điều khoản và điều kiện 1
Group same items,Nhóm các mặt hàng giống nhau
Print Language,Ngôn ngữ in
"Once set, this invoice will be on hold till the set date","Khi đã thiết lập, hóa đơn này sẽ bị giữ lại cho đến ngày đã chọn"
Credit To,Ghi có vào
Party Account Currency,Tiền tệ tài khoản đối tác
Against Expense Account,Hạch toán vào tài khoản chi phí
Inter Company Invoice Reference,Tham chiếu hóa đơn liên công ty
Is Internal Supplier,Là nhà cung cấp nội bộ
Start date of current invoice's period,Ngày bắt đầu của kỳ hóa đơn hiện tại
End date of current invoice's period,Ngày kết thúc của kỳ hóa đơn hiện tại
Update Auto Repeat Reference,Cập nhật tham chiếu lặp tự động
Purchase Invoice Advance,Ứng trước hóa đơn mua hàng
Purchase Invoice Item,Mặt hàng trong hóa đơn mua
Quantity and Rate,Số lượng và đơn giá
Received Qty,Số lượng nhận
Accepted Qty,Số lượng chấp nhận
Rejected Qty,Số lượng bị từ chối
UOM Conversion Factor,Hệ số chuyển đổi đơn vị tính
Discount on Price List Rate (%),Chiết khấu trên đơn giá bảng giá (%)
Price List Rate (Company Currency),Đơn giá bảng giá (theo tiền tệ công ty)
Rate ,Đơn giá
Rate (Company Currency),Đơn giá (theo tiền tệ công ty)
Amount (Company Currency),Thành tiền (theo tiền tệ công ty)
Is Free Item,Là hàng tặng
Net Rate,Đơn giá ròng
Net Rate (Company Currency),Đơn giá ròng (theo tiền tệ công ty)
Net Amount (Company Currency),Thành tiền ròng (theo tiền tệ công ty)
Item Tax Amount Included in Value,Số tiền thuế mặt hàng đã bao gồm trong giá trị
Landed Cost Voucher Amount,Số tiền phiếu chi phí nhập kho
Raw Materials Supplied Cost,Chi phí nguyên vật liệu được cung ứng
Accepted Warehouse,Kho chấp nhận
Serial No,Số sê-ri
Rejected Serial No,Số sê-ri bị từ chối
Expense Head,Khoản mục chi phí
Is Fixed Asset,Là tài sản cố định
Asset Location,Vị trí tài sản
Deferred Expense,Chi phí phân bổ
Deferred Expense Account,Tài khoản chi phí phân bổ
Service Stop Date,Ngày kết thúc dịch vụ
Enable Deferred Expense,Bật chi phí phân bổ
Service Start Date,Ngày bắt đầu dịch vụ
Service End Date,Ngày kết thúc dịch vụ
Allow Zero Valuation Rate,Cho phép đơn giá bằng 0
Item Tax Rate,Thuế suất mặt hàng
Tax detail table fetched from item master as a string and stored in this field.\nUsed for Taxes and Charges,Bảng chi tiết thuế được lấy từ danh mục mặt hàng dưới dạng chuỗi và lưu trong trường này.(Dùng cho Thuế và Chi phí)
Purchase Order Item,Mặt hàng trong đơn mua
Purchase Receipt Detail,Chi tiết phiếu nhập mua
Item Weight Details,Chi tiết trọng lượng mặt hàng
Weight Per Unit,Trọng lượng trên mỗi đơn vị
Total Weight,Tổng trọng lượng
Weight UOM,Đơn vị đo trọng lượng
Page Break,Ngắt trang
Consider Tax or Charge for,Xem xét thuế hoặc chi phí cho
Valuation and Total,Giá trị và tổng cộng
Valuation,Giá trị
Add or Deduct,Cộng hoặc trừ
Deduct,Trừ
On Previous Row Amount,Theo số tiền của dòng trước
On Previous Row Total,Theo tổng của dòng trước
On Item Quantity,Theo số lượng mặt hàng
Reference Row #,Dòng tham chiếu #
Is this Tax included in Basic Rate?,Thuế này có được bao gồm trong đơn giá cơ bản không?
"If checked, the tax amount will be considered as already included in the Print Rate / Print Amount","Nếu được chọn, số tiền thuế sẽ được coi là đã bao gồm trong đơn giá in / số tiền in"
Account Head,Tài khoản hạch toán
Tax Amount After Discount Amount,Số tiền thuế sau chiết khấu
Item Wise Tax Detail ,Chi tiết thuế theo từng mặt hàng
"Standard tax template that can be applied to all Purchase Transactions. This template can contain list of tax heads and also other expense heads like ""Shipping"", ""Insurance"", ""Handling"" etc.\n\n#### Note\n\nThe tax rate you define here will be the standard tax rate for all **Items**. If there are **Items** that have different rates, they must be added in the **Item Tax** table in the **Item** master.\n\n#### Description of Columns\n\n1. Calculation Type: \n    - This can be on **Net Total** (that is the sum of basic amount).\n    - **On Previous Row Total / Amount** (for cumulative taxes or charges). If you select this option, the tax will be applied as a percentage of the previous row (in the tax table) amount or total.\n    - **Actual** (as mentioned).\n2. Account Head: The Account ledger under which this tax will be booked\n3. Cost Center: If the tax / charge is an income (like shipping) or expense it needs to be booked against a Cost Center.\n4. Description: Description of the tax (that will be printed in invoices / quotes).\n5. Rate: Tax rate.\n6. Amount: Tax amount.\n7. Total: Cumulative total to this point.\n8. Enter Row: If based on ""Previous Row Total"" you can select the row number which will be taken as a base for this calculation (default is the previous row).\n9. Consider Tax or Charge for: In this section you can specify if the tax / charge is only for valuation (not a part of total) or only for total (does not add value to the item) or for both.\n10. Add or Deduct: Whether you want to add or deduct the tax.",
"Mẫu này có thể bao gồm danh sách các nhóm thuế cũng như các nhóm chi phí khác như """"Vận chuyển"""""," """"Bảo hiểm"""""
#### Ghi chú,
Tỷ lệ thuế bạn xác định ở đây sẽ là tỷ lệ thuế mặc định cho tất cả **Mặt hàng**.,
Nếu có **Mặt hàng** có tỷ lệ khác, chúng phải được thêm vào bảng **Thuế mặt hàng** trong danh mục **Mặt hàng**.
#### Mô tả các cột,
1. **Loại tính toán:**,
   * Có thể là **Tổng ròng** (tổng của các giá trị cơ bản).,
   * **Trên tổng dòng trước / số tiền dòng trước** (áp dụng cho thuế hoặc phí cộng dồn). Nếu chọn tùy chọn này, thuế sẽ được tính theo phần trăm của dòng trước trong bảng thuế.
   * **Thực tế** (như được ghi rõ).,
2. **Tài khoản:** Sổ cái kế toán nơi thuế này sẽ được hạch toán.,
3. **Trung tâm chi phí:** Nếu thuế hoặc phí là khoản thu (ví dụ vận chuyển) hoặc chi phí, cần được hạch toán vào trung tâm chi phí.
4. **Mô tả:** Mô tả loại thuế (sẽ được in trong hóa đơn hoặc báo giá).,
5. **Tỷ lệ:** Tỷ lệ thuế.,
6. **Số tiền:** Số tiền thuế.,
7. **Tổng:** Tổng tích lũy đến dòng này.,
"8. **Dòng nhập:** Nếu dựa trên """"Tổng dòng trước""""", có thể chọn số dòng sẽ được lấy làm cơ sở tính toán (mặc định là dòng trước).
9. **Xem xét Thuế hoặc Phí cho:** Trong phần này, bạn có thể chỉ định xem thuế hoặc phí chỉ áp dụng cho định giá (không tính vào tổng)
"10. **Cộng hoặc Trừ:** Chọn bạn muốn cộng hay trừ thuế""",
ACC-SINV-.YYYY.-,ACC-SINV-.YYYY.-
Include Payment (POS),Bao gồm thanh toán (POS)
Offline POS Name,Tên POS ngoại tuyến
Is Return (Credit Note),Là hàng trả lại (Ghi chú tín dụng)
Return Against Sales Invoice,Trả lại theo hóa đơn bán hàng
Update Billed Amount in Sales Order,Cập nhật số tiền đã lập hóa đơn trong đơn bán hàng
Customer PO Details,Chi tiết PO của khách hàng
Customer's Purchase Order,Đơn đặt hàng mua của khách hàng
Customer's Purchase Order Date,Ngày đơn đặt hàng mua của khách hàng
Customer Address,Địa chỉ khách hàng
Shipping Address Name,Tên địa chỉ giao hàng
Company Address Name,Tên địa chỉ công ty
Rate at which Customer Currency is converted to customer's base currency,Tỷ giá chuyển đổi tiền tệ của khách hàng sang tiền tệ cơ sở của khách hàng
Rate at which Price list currency is converted to customer's base currency,Tỷ giá chuyển đổi tiền tệ của bảng giá sang tiền tệ cơ sở của khách hàng
Set Source Warehouse,Thiết lập kho nguồn
Packing List,Phiếu đóng gói
Packed Items,Các mặt hàng đã đóng gói
Product Bundle Help,Trợ giúp gói sản phẩm
Time Sheet List,Danh sách bảng chấm công
Time Sheets,Bảng chấm công
Total Billing Amount,Tổng số tiền lập hóa đơn
Sales Taxes and Charges Template,Mẫu thuế và chi phí bán hàng
Sales Taxes and Charges,Thuế và chi phí bán hàng
Loyalty Points Redemption,Quy đổi điểm thưởng
Redeem Loyalty Points,Đổi điểm thưởng
Redemption Account,Tài khoản đổi điểm
Redemption Cost Center,Trung tâm chi phí đổi điểm
In Words will be visible once you save the Sales Invoice.,Phần “Bằng chữ” sẽ hiển thị sau khi bạn lưu Hóa đơn bán hàng.
Allocate Advances Automatically (FIFO),Tự động phân bổ tạm ứng (FIFO)
Get Advances Received,Lấy các khoản tạm ứng đã nhận
Base Change Amount (Company Currency),Số tiền chênh lệch cơ sở (Tiền tệ công ty)
Write Off Outstanding Amount,Xóa số tiền còn phải thu
Terms and Conditions Details,Chi tiết điều khoản và điều kiện
Is Internal Customer,Là khách hàng nội bộ
Is Discounted,Đã chiết khấu
Unpaid and Discounted,Chưa thanh toán và đã chiết khấu
Overdue and Discounted,Quá hạn và đã chiết khấu
Accounting Details,Chi tiết kế toán
Is Opening Entry,Là bút toán mở đầu
C-Form Applicable,Áp dụng C-Form
Commission Rate (%),Tỷ lệ hoa hồng (%)
Sales Team1,Nhóm bán hàng
Against Income Account,Đối ứng tài khoản doanh thu
Sales Invoice Advance,Tạm ứng hóa đơn bán hàng
Advance amount,Số tiền tạm ứng
Sales Invoice Item,Mặt hàng hóa đơn bán hàng
Customer's Item Code,Mã mặt hàng của khách hàng
Brand Name,Tên thương hiệu
Qty as per Stock UOM,Số lượng theo ĐVT tồn kho
Discount and Margin,Chiết khấu và biên lợi nhuận
Rate With Margin,Đơn giá có biên lợi nhuận
Discount (%) on Price List Rate with Margin,Chiết khấu (%) trên đơn giá bảng giá có biên lợi nhuận
Rate With Margin (Company Currency),Đơn giá có biên lợi nhuận (Tiền tệ công ty)
Delivered By Supplier,Giao bởi nhà cung cấp
Deferred Revenue,Doanh thu hoãn lại
Deferred Revenue Account,Tài khoản doanh thu hoãn lại
Enable Deferred Revenue,Bật doanh thu hoãn lại
Stock Details,Chi tiết tồn kho
Customer Warehouse (Optional),Kho của khách hàng (Tùy chọn)
Available Batch Qty at Warehouse,Số lượng lô khả dụng tại kho
Available Qty at Warehouse,Số lượng khả dụng tại kho
Delivery Note Item,Mặt hàng phiếu giao hàng
Base Amount (Company Currency),Số tiền cơ sở (Tiền tệ công ty)
Sales Invoice Timesheet,Bảng chấm công hóa đơn bán hàng
Time Sheet,Bảng chấm công
Billing Hours,Giờ tính phí
Timesheet Detail,Chi tiết bảng chấm công
Tax Amount After Discount Amount (Company Currency),Số tiền thuế sau chiết khấu (Tiền tệ công ty)
Item Wise Tax Detail,Chi tiết thuế theo từng mặt hàng
Parenttype,Loại cha
* Will be calculated in the transaction.,Sẽ được tính trong giao dịch.
From No,Từ số
To No,Đến số
Is Company,Là công ty
Current State,Trạng thái hiện tại
Purchased,Đã mua
From Shareholder,Từ cổ đông
From Folio No,Từ số folio
To Shareholder,Đến cổ đông
To Folio No,Đến số folio
Equity/Liability Account,Tài khoản vốn chủ sở hữu / nợ phải trả
Asset Account,Tài khoản tài sản
(including),(bao gồm)
ACC-SH-.YYYY.-,ACC-SH-.YYYY.-
Folio no.,Số folio
Address and Contacts,Địa chỉ và liên hệ
Contact List,Danh sách liên hệ
Hidden list maintaining the list of contacts linked to Shareholder,Danh sách ẩn lưu các liên hệ được liên kết với cổ đông
Specify conditions to calculate shipping amount,Chỉ định điều kiện để tính phí vận chuyển
Shipping Rule Label,Nhãn quy tắc vận chuyển
example: Next Day Shipping,ví dụ: Giao hàng ngày hôm sau
Shipping Rule Type,Loại quy tắc vận chuyển
Shipping Account,Tài khoản vận chuyển
Calculate Based On,Tính toán dựa trên
Fixed,Cố định
Net Weight,Khối lượng tịnh
Shipping Amount,Phí vận chuyển
Shipping Rule Conditions,Điều kiện quy tắc vận chuyển
Restrict to Countries,Giới hạn theo quốc gia
Valid for Countries,Áp dụng cho quốc gia
Shipping Rule Condition,Điều kiện quy tắc vận chuyển
A condition for a Shipping Rule,Một điều kiện cho quy tắc vận chuyển
From Value,Từ giá trị
To Value,Đến giá trị
Shipping Rule Country,Quốc gia áp dụng quy tắc vận chuyển
Subscription Period,Chu kỳ đăng ký
Subscription Start Date,Ngày bắt đầu đăng ký
Cancelation Date,Ngày hủy
Trial Period Start Date,Ngày bắt đầu dùng thử
Trial Period End Date,Ngày kết thúc dùng thử
Current Invoice Start Date,Ngày bắt đầu hóa đơn hiện tại
Current Invoice End Date,Ngày kết thúc hóa đơn hiện tại
Days Until Due,Số ngày đến hạn
Number of days that the subscriber has to pay invoices generated by this subscription,Số ngày người đăng ký phải thanh toán các hóa đơn được tạo từ đăng ký này
Cancel At End Of Period,Hủy vào cuối kỳ
Generate Invoice At Beginning Of Period,Tạo hóa đơn vào đầu kỳ
Plans,Gói dịch vụ
Discounts,Chiết khấu
Subscription Invoice,Hóa đơn đăng ký
Subscription Plan,Gói đăng ký
Cost,Chi phí
Billing Interval,Khoảng thời gian lập hóa đơn
Billing Interval Count,Số lượng khoảng thời gian lập hóa đơn
"Number of intervals for the interval field e.g if Interval is 'Days' and Billing Interval Count is 3, invoices will be generated every 3 days","Số khoảng cho trường khoảng thời gian, ví dụ nếu khoảng là “Ngày” và số lượng là 3 thì hóa đơn sẽ được tạo mỗi 3 ngày"
Payment Plan,Kế hoạch thanh toán
Subscription Plan Detail,Chi tiết gói đăng ký
Plan,Gói
Subscription Settings,Thiết lập đăng ký
Grace Period,Thời gian ân hạn
Number of days after invoice date has elapsed before canceling subscription or marking subscription as unpaid,Số ngày sau ngày hóa đơn trước khi hủy đăng ký hoặc đánh dấu đăng ký là chưa thanh toán
Prorate,Phân bổ theo tỷ lệ
Tax Rule,Quy tắc thuế
Tax Type,Loại thuế
Use for Shopping Cart,Dùng cho giỏ hàng
Billing City,Thành phố thanh toán
Billing County,Quận/Huyện thanh toán
Billing State,Tỉnh/Bang thanh toán
Billing Zipcode,Mã bưu chính thanh toán
Billing Country,Quốc gia thanh toán
Shipping City,Thành phố giao hàng
Shipping County,Quận/Huyện giao hàng
Shipping State,Tỉnh/Bang giao hàng
Shipping Zipcode,Mã bưu chính giao hàng
Shipping Country,Quốc gia giao hàng
Tax Withholding Account,Tài khoản khấu trừ thuế
Tax Withholding Rates,Tỷ lệ khấu trừ thuế
Rates,Tỷ lệ
Tax Withholding Rate,Tỷ lệ khấu trừ thuế
Single Transaction Threshold,Ngưỡng giao dịch đơn lẻ
Cumulative Transaction Threshold,Ngưỡng giao dịch cộng dồn
Agriculture Analysis Criteria,Tiêu chí phân tích nông nghiệp
Linked Doctype,Doctype liên kết
Water Analysis,Phân tích nước
Soil Analysis,Phân tích đất
Plant Analysis,Phân tích cây trồng
Fertilizer,Phân bón
Soil Texture,Kết cấu đất
Weather,Thời tiết
Agriculture Manager,Quản lý nông nghiệp
Agriculture User,Người dùng nông nghiệp
Agriculture Task,Công việc nông nghiệp
Task Name,Tên công việc
Start Day,Ngày bắt đầu
End Day,Ngày kết thúc
Holiday Management,Quản lý ngày nghỉ
Ignore holidays,Bỏ qua ngày nghỉ
Previous Business Day,Ngày làm việc trước đó
Next Business Day,Ngày làm việc tiếp theo
Urgent,Khẩn cấp
Crop Name,Tên cây trồng
Scientific Name,Tên khoa học
"You can define all the tasks which need to carried out for this crop here. The day field is used to mention the day on which the task needs to be carried out, 1 being the 1st day, etc.. ","Bạn có thể định nghĩa tất cả các công việc cần thực hiện cho cây trồng này tại đây. Trường ngày dùng để chỉ định ngày thực hiện công việc, 1 là ngày đầu tiên, v.v."
Crop Spacing,Khoảng cách trồng
Crop Spacing UOM,Đơn vị khoảng cách trồng
Row Spacing,Khoảng cách hàng
Row Spacing UOM,Đơn vị khoảng cách hàng
Perennial,Cây lâu năm
Biennial,Cây hai năm
Planting UOM,Đơn vị trồng
Planting Area,Diện tích trồng
Yield UOM,Đơn vị năng suất
Materials Required,Nguyên vật liệu cần thiết
Produced Items,Sản phẩm tạo ra
Produce,Sản phẩm
Byproducts,Sản phẩm phụ
Linked Location,Vị trí liên kết
A link to all the Locations in which the Crop is growing,Liên kết đến tất cả các vị trí nơi cây trồng đang phát triển
This will be day 1 of the crop cycle,Đây sẽ là ngày 1 của chu kỳ cây trồng
ISO 8601 standard,Tiêu chuẩn ISO 8601
Cycle Type,Loại chu kỳ
Less than a year,Dưới một năm
The minimum length between each plant in the field for optimum growth,Khoảng cách tối thiểu giữa mỗi cây trong ruộng để sinh trưởng tối ưu
The minimum distance between rows of plants for optimum growth,Khoảng cách tối thiểu giữa các hàng cây để sinh trưởng tối ưu
Detected Diseases,Bệnh phát hiện
List of diseases detected on the field. When selected it'll automatically add a list of tasks to deal with the disease ,"Danh sách bệnh được phát hiện trên ruộng. Khi chọn, hệ thống sẽ tự động thêm danh sách công việc để xử lý bệnh"
Detected Disease,Bệnh được phát hiện
LInked Analysis,Phân tích liên kết
Disease,Bệnh
Tasks Created,Công việc đã tạo
Common Name,Tên thông dụng
Treatment Task,Công việc điều trị
Treatment Period,Thời gian điều trị
Fertilizer Name,Tên phân bón
Density (if liquid),Mật độ (nếu là chất lỏng)
Fertilizer Contents,Thành phần phân bón
Fertilizer Content,Hàm lượng phân bón
Linked Plant Analysis,Phân tích cây trồng liên kết
Linked Soil Analysis,Phân tích đất liên kết
Linked Soil Texture,Kết cấu đất liên kết
Collection Datetime,Thời điểm thu thập
Laboratory Testing Datetime,Thời điểm kiểm nghiệm phòng thí nghiệm
Result Datetime,Thời điểm có kết quả
Plant Analysis Criterias,Tiêu chí phân tích cây trồng
Plant Analysis Criteria,Tiêu chí phân tích cây trồng
Minimum Permissible Value,Giá trị cho phép tối thiểu
Maximum Permissible Value,Giá trị cho phép tối đa
Ca/K,Ca/K
Ca/Mg,Ca/Mg
Mg/K,Mg/K
(Ca+Mg)/K,(Ca+Mg)/K
Ca/(K+Ca+Mg),Ca/(K+Ca+Mg)
Soil Analysis Criterias,Tiêu chí phân tích đất
Soil Analysis Criteria,Tiêu chí phân tích đất
Soil Type,Loại đất
Loamy Sand,Đất cát pha
Sandy Loam,Đất thịt nhẹ
Loam,Đất thịt
Silt Loam,Đất thịt pha limon
Sandy Clay Loam,Đất thịt pha sét cát
Clay Loam,Đất thịt pha sét
Silty Clay Loam,Đất thịt pha sét limon
Sandy Clay,Đất sét pha cát
Silty Clay,Đất sét pha limon
Clay Composition (%),Thành phần sét (%)
Sand Composition (%),Thành phần cát (%)
Silt Composition (%),Thành phần limon (%)
Ternary Plot,Biểu đồ tam giác
Soil Texture Criteria,Tiêu chí kết cấu đất
Type of Sample,Loại mẫu
Container,Vật chứa
Origin,Nguồn gốc
Collection Temperature ,Nhiệt độ thu thập
Storage Temperature,Nhiệt độ bảo quản
Appearance,Hình thức
Person Responsible,Người chịu trách nhiệm
Water Analysis Criteria,Tiêu chí phân tích nước
Weather Parameter,Thông số thời tiết
ACC-ASS-.YYYY.-,ACC-ASS-.YYYY.-
Asset Owner,Chủ sở hữu tài sản
Asset Owner Company,Công ty sở hữu tài sản
Custodian,Người quản lý tài sản
Disposal Date,Ngày thanh lý
Journal Entry for Scrap,Bút toán kế toán cho phế liệu
Available-for-use Date,Ngày sẵn sàng sử dụng
Calculate Depreciation,Tính khấu hao
Allow Monthly Depreciation,Cho phép khấu hao hàng tháng
Number of Depreciations Booked,Số kỳ khấu hao đã ghi nhận
Finance Books,Sổ tài chính
Straight Line,Đường thẳng
Double Declining Balance,Số dư giảm dần kép
Manual,Thủ công
Value After Depreciation,Giá trị sau khấu hao
Total Number of Depreciations,Tổng số kỳ khấu hao
Frequency of Depreciation (Months),Chu kỳ khấu hao (tháng)
Next Depreciation Date,Ngày khấu hao tiếp theo
Depreciation Schedule,Lịch khấu hao
Depreciation Schedules,Các lịch khấu hao
Insurance details,Chi tiết bảo hiểm
Policy number,Số hợp đồng
Insurer,Nhà bảo hiểm
Insured value,Giá trị được bảo hiểm
Insurance Start Date,Ngày bắt đầu bảo hiểm
Insurance End Date,Ngày kết thúc bảo hiểm
Comprehensive Insurance,Bảo hiểm toàn diện
Maintenance Required,Yêu cầu bảo trì
Check if Asset requires Preventive Maintenance or Calibration,Kiểm tra xem tài sản có cần bảo trì phòng ngừa hoặc hiệu chuẩn không
Booked Fixed Asset,Tài sản cố định đã ghi nhận
Purchase Receipt Amount,Số tiền phiếu nhập mua
Default Finance Book,Sổ tài chính mặc định
Quality Manager,Quản lý chất lượng
Asset Category Name,Tên nhóm tài sản
Depreciation Options,Tùy chọn khấu hao
Enable Capital Work in Progress Accounting,Bật hạch toán chi phí xây dựng dở dang
Finance Book Detail,Chi tiết sổ tài chính
Asset Category Account,Tài khoản nhóm tài sản
Fixed Asset Account,Tài khoản tài sản cố định
Accumulated Depreciation Account,Tài khoản khấu hao lũy kế
Depreciation Expense Account,Tài khoản chi phí khấu hao
Capital Work In Progress Account,Tài khoản chi phí xây dựng dở dang
Asset Finance Book,Sổ tài chính tài sản
Written Down Value,Giá trị còn lại
Expected Value After Useful Life,Giá trị kỳ vọng sau vòng đời sử dụng
Rate of Depreciation,Tỷ lệ khấu hao
In Percentage,Theo phần trăm
Maintenance Team,Nhóm bảo trì
Maintenance Manager Name,Tên quản lý bảo trì
Maintenance Tasks,Công việc bảo trì
Manufacturing User,Người dùng sản xuất
Asset Maintenance Log,Nhật ký bảo trì tài sản
ACC-AML-.YYYY.-,ACC-AML-.YYYY.-
Maintenance Type,Loại bảo trì
Maintenance Status,Trạng thái bảo trì
Planned,Đã lập kế hoạch
Has Certificate ,Có chứng chỉ
Certificate,Chứng chỉ
Actions performed,Hành động đã thực hiện
Asset Maintenance Task,Công việc bảo trì tài sản
Maintenance Task,Công việc bảo trì
Preventive Maintenance,Bảo trì phòng ngừa
Calibration,Hiệu chuẩn
2 Yearly,2 năm một lần
Certificate Required,Yêu cầu chứng chỉ
Assign to Name,Giao cho
Next Due Date,Ngày đến hạn tiếp theo
Last Completion Date,Ngày hoàn thành gần nhất
Asset Maintenance Team,Nhóm bảo trì tài sản
Maintenance Team Name,Tên nhóm bảo trì
Maintenance Team Members,Thành viên nhóm bảo trì
Purpose,Mục đích
Stock Manager,Quản lý kho
Asset Movement Item,Mặt hàng điều chuyển tài sản
Source Location,Vị trí nguồn
From Employee,Từ nhân viên
Target Location,Vị trí đích
To Employee,Đến nhân viên
Asset Repair,Sửa chữa tài sản
ACC-ASR-.YYYY.-,ACC-ASR-.YYYY.-
Failure Date,Ngày hỏng
Repair Status,Trạng thái sửa chữa
Error Description,Mô tả lỗi
Downtime,Thời gian ngừng hoạt động
Repair Cost,Chi phí sửa chữa
Manufacturing Manager,Quản lý sản xuất
Current Asset Value,Giá trị tài sản hiện tại
New Asset Value,Giá trị tài sản mới
Make Depreciation Entry,Tạo bút toán khấu hao
Finance Book Id,ID sổ tài chính
Location Name,Tên vị trí
Parent Location,Vị trí cha
Is Container,Là vật chứa
Check if it is a hydroponic unit,Kiểm tra xem có phải là đơn vị thủy canh không
Location Details,Chi tiết vị trí
Latitude,Vĩ độ
Longitude,Kinh độ
Area,Diện tích
Area UOM,Đơn vị diện tích
Tree Details,Chi tiết cây trồng
Maintenance Team Member,Thành viên nhóm bảo trì
Team Member,Thành viên
Maintenance Role,Vai trò bảo trì
Buying Settings,Thiết lập mua hàng
Settings for Buying Module,Cài đặt cho phân hệ Mua hàng
Supplier Naming By,Đặt tên nhà cung cấp theo
Default Supplier Group,Nhóm nhà cung cấp mặc định
Default Buying Price List,Bảng giá mua mặc định
Backflush Raw Materials of Subcontract Based On,Hoàn nguyên NVL của gia công theo
Material Transferred for Subcontract,Nguyên vật liệu chuyển cho gia công
Over Transfer Allowance (%),Dung sai chuyển vượt (%)
Percentage you are allowed to transfer more against the quantity ordered. For example: If you have ordered 100 units. and your Allowance is 10% then you are allowed to transfer 110 units.,Tỷ lệ cho phép chuyển vượt so với số lượng đặt. Ví dụ: nếu đặt 100 đơn vị và dung sai là 10% thì được phép chuyển 110 đơn vị.
PUR-ORD-.YYYY.-,PUR-ORD-.YYYY.-
Get Items from Open Material Requests,Lấy mặt hàng từ yêu cầu vật tư đang mở
Fetch items based on Default Supplier.,Lấy mặt hàng theo nhà cung cấp mặc định
Required By,Cần trước ngày
Order Confirmation No,Số xác nhận đơn hàng
Order Confirmation Date,Ngày xác nhận đơn hàng
Customer Mobile No,Số điện thoại di động khách hàng
Customer Contact Email,Email liên hệ khách hàng
Set Target Warehouse,Thiết lập kho đích
Sets 'Warehouse' in each row of the Items table.,Thiết lập trường “Kho” cho từng dòng trong bảng Mặt hàng
Supply Raw Materials,Cung ứng nguyên vật liệu
Purchase Order Pricing Rule,Quy tắc giá đơn mua
Set Reserve Warehouse,Thiết lập kho dự trữ
In Words will be visible once you save the Purchase Order.,Phần “Bằng chữ” sẽ hiển thị sau khi bạn lưu Đơn mua hàng.
Advance Paid,Đã thanh toán trước
Tracking,Theo dõi
% Billed,% Đã lập hóa đơn
% Received,% Đã nhận
Ref SQ,Tham chiếu SQ
Inter Company Order Reference,Tham chiếu đơn hàng liên công ty
Supplier Part Number,Mã linh kiện nhà cung cấp
Billed Amt,Số tiền đã lập hóa đơn
Warehouse and Reference,Kho và tham chiếu
To be delivered to customer,Giao cho khách hàng
Material Request Item,Mặt hàng yêu cầu vật tư
Supplier Quotation Item,Mặt hàng báo giá nhà cung cấp
Against Blanket Order,Theo đơn khung
Blanket Order,Đơn khung
Blanket Order Rate,Đơn giá đơn khung
Returned Qty,Số lượng trả lại
Purchase Order Item Supplied,Mặt hàng đơn mua được cung ứng
BOM Detail No,Số chi tiết BOM
Raw Material Item Code,Mã nguyên vật liệu
Supplied Qty,Số lượng đã cung ứng
Purchase Receipt Item Supplied,Mặt hàng phiếu nhập mua được cung ứng
Current Stock,Tồn kho hiện tại
PUR-RFQ-.YYYY.-,PUR-RFQ-.YYYY.-
For individual supplier,Cho từng nhà cung cấp
Link to Material Requests,Liên kết đến yêu cầu vật tư
Message for Supplier,Thông điệp cho nhà cung cấp
Request for Quotation Item,Mặt hàng yêu cầu báo giá
Required Date,Ngày yêu cầu
Request for Quotation Supplier,Nhà cung cấp yêu cầu báo giá
Send Email,Gửi email
Quote Status,Trạng thái báo giá
Download PDF,Tải PDF
Supplier of Goods or Services.,Nhà cung cấp hàng hóa hoặc dịch vụ
Name and Type,Tên và loại
SUP-.YYYY.-,SUP-.YYYY.-
Default Bank Account,Tài khoản ngân hàng mặc định
Is Transporter,Là đơn vị vận chuyển
Represents Company,Đại diện cho công ty
Supplier Type,Loại nhà cung cấp
Allow Purchase Invoice Creation Without Purchase Order,Cho phép tạo hóa đơn mua không cần đơn mua
Allow Purchase Invoice Creation Without Purchase Receipt,Cho phép tạo hóa đơn mua không cần phiếu nhập
Warn RFQs,Cảnh báo RFQ
Warn POs,Cảnh báo đơn mua
Prevent RFQs,Ngăn tạo RFQ
Prevent POs,Ngăn tạo đơn mua
Billing Currency,Tiền tệ thanh toán
Default Payment Terms Template,Mẫu điều khoản thanh toán mặc định
Block Supplier,Chặn nhà cung cấp
Hold Type,Loại tạm giữ
Leave blank if the Supplier is blocked indefinitely,Để trống nếu nhà cung cấp bị chặn vô thời hạn
Default Payable Accounts,Tài khoản phải trả mặc định
Mention if non-standard payable account,Ghi chú nếu dùng tài khoản phải trả không chuẩn
Default Tax Withholding Config,Cấu hình khấu trừ thuế mặc định
Supplier Details,Chi tiết nhà cung cấp
Statutory info and other general information about your Supplier,Thông tin pháp lý và thông tin chung khác về nhà cung cấp
PUR-SQTN-.YYYY.-,PUR-SQTN-.YYYY.-
Supplier Address,Địa chỉ nhà cung cấp
Rounding Adjustment (Company Currency,Điều chỉnh làm tròn (Tiền tệ công ty)
Auto Repeat Section,Phần tự động lặp
Is Subcontracted,Là gia công
Lead Time in days,Thời gian dẫn (ngày)
Supplier Score,Điểm nhà cung cấp
Indicator Color,Màu chỉ báo
Evaluation Period,Chu kỳ đánh giá
Per Week,Theo tuần
Per Month,Theo tháng
Per Year,Theo năm
Scoring Setup,Thiết lập chấm điểm
Weighting Function,Hàm trọng số
"Scorecard variables can be used, as well as:\n{total_score} (the total score from that period),\n{period_number} (the number of periods to present day)\n","Các biến thẻ điểm có thể dùng, cũng như: {total_score} (tổng điểm của kỳ), {period_number} (số kỳ tính đến hiện tại)"
Scoring Standings,Xếp hạng chấm điểm
Criteria Setup,Thiết lập tiêu chí
Load All Criteria,Tải tất cả tiêu chí
Scoring Criteria,Tiêu chí chấm điểm
Scorecard Actions,Hành động thẻ điểm
Warn for new Request for Quotations,Cảnh báo yêu cầu báo giá mới
Warn for new Purchase Orders,Cảnh báo đơn mua mới
Notify Supplier,Thông báo nhà cung cấp
Notify Employee,Thông báo nhân viên
Supplier Scorecard Criteria,Tiêu chí thẻ điểm nhà cung cấp
Criteria Name,Tên tiêu chí
Max Score,Điểm tối đa
Criteria Formula,Công thức tiêu chí
Criteria Weight,Trọng số tiêu chí
Supplier Scorecard Period,Kỳ thẻ điểm nhà cung cấp
PU-SSP-.YYYY.-,PU-SSP-.YYYY.-
Period Score,Điểm kỳ
Calculations,Tính toán
Criteria,Tiêu chí
Variables,Biến
Supplier Scorecard Setup,Thiết lập thẻ điểm nhà cung cấp
Supplier Scorecard Scoring Criteria,Tiêu chí chấm điểm thẻ điểm nhà cung cấp
Score,Điểm
Supplier Scorecard Scoring Standing,Xếp hạng thẻ điểm nhà cung cấp
Standing Name,Tên xếp hạng
Purple,Tím
Yellow,Vàng
Orange,Cam
Min Grade,Điểm tối thiểu
Max Grade,Điểm tối đa
Warn Purchase Orders,Cảnh báo đơn mua
Prevent Purchase Orders,Ngăn đơn mua
Employee ,Nhân viên
Supplier Scorecard Scoring Variable,Biến chấm điểm thẻ điểm nhà cung cấp
Variable Name,Tên biến
Parameter Name,Tên tham số
Supplier Scorecard Standing,Xếp hạng thẻ điểm nhà cung cấp
Notify Other,Thông báo khác
Supplier Scorecard Variable,Biến thẻ điểm nhà cung cấp
Call Log,Nhật ký cuộc gọi
Received By,Người nhận
Caller Information,Thông tin người gọi
Contact Name,Tên liên hệ
Lead ,Cơ hội
Lead Name,Tên cơ hội
Ringing,Đang đổ chuông
Missed,Cuộc gọi nhỡ
Call Duration in seconds,Thời lượng cuộc gọi (giây)
Recording URL,URL ghi âm
Communication Medium,Kênh liên lạc
Communication Medium Type,Loại kênh liên lạc
Voice,Giọng nói
Catch All,Nhận tất cả
"If there is no assigned timeslot, then communication will be handled by this group","Nếu không có khung giờ được gán, liên lạc sẽ do nhóm này xử lý"
Timeslots,Khung giờ
Communication Medium Timeslot,Khung giờ kênh liên lạc
Employee Group,Nhóm nhân viên
Appointment,Cuộc hẹn
Scheduled Time,Thời gian dự kiến
Unverified,Chưa xác minh
Customer Details,Chi tiết khách hàng
Phone Number,Số điện thoại
Skype ID,Tài khoản Skype
Linked Documents,Tài liệu liên kết
Appointment With,Cuộc hẹn với
Calendar Event,Sự kiện lịch
Appointment Booking Settings,Thiết lập đặt lịch hẹn
Enable Appointment Scheduling,Bật đặt lịch hẹn
Agent Details,Chi tiết tác nhân
Availability Of Slots,Khả dụng khung giờ
Number of Concurrent Appointments,Số cuộc hẹn đồng thời
Agents,Tác nhân
Appointment Details,Chi tiết cuộc hẹn
Appointment Duration (In Minutes),Thời lượng cuộc hẹn (phút)
Notify Via Email,Thông báo qua email
Notify customer and agent via email on the day of the appointment.,Thông báo cho khách hàng và tác nhân qua email vào ngày hẹn
Number of days appointments can be booked in advance,Số ngày có thể đặt lịch trước
Success Settings,Thiết lập thành công
Success Redirect URL,URL chuyển hướng khi thành công
"Leave blank for home.\nThis is relative to site URL, for example ""about"" will redirect to ""https://yoursitename.com/about""","Đường dẫn tương đối theo URL site, ví dụ “about” sẽ chuyển đến “https://yoursitename.com/about”"
Appointment Booking Slots,Khung giờ đặt lịch hẹn
From Time ,Từ giờ
Campaign Email Schedule,Lịch gửi email chiến dịch
Send After (days),Gửi sau (ngày)
Signed,Đã ký
Party User,Người dùng bên liên quan
Unsigned,Chưa ký
Fulfilment Status,Trạng thái thực hiện
N/A,N/A
Unfulfilled,Chưa thực hiện
Partially Fulfilled,Thực hiện một phần
Fulfilled,Đã thực hiện
Lapsed,Hết hiệu lực
Contract Period,Thời hạn hợp đồng
Signee Details,Thông tin người ký
Signee,Người ký
Signed On,Ngày ký
Contract Details,Chi tiết hợp đồng
Contract Template,Mẫu hợp đồng
Contract Terms,Điều khoản hợp đồng
Fulfilment Details,Chi tiết thực hiện
Requires Fulfilment,Yêu cầu thực hiện
Fulfilment Deadline,Hạn thực hiện
Fulfilment Terms,Điều khoản thực hiện
Contract Fulfilment Checklist,Danh sách kiểm tra thực hiện hợp đồng
Requirement,Yêu cầu
Contract Terms and Conditions,Điều khoản và điều kiện hợp đồng
Fulfilment Terms and Conditions,Điều khoản và điều kiện thực hiện
Contract Template Fulfilment Terms,Điều khoản thực hiện trong mẫu hợp đồng
Email Campaign,Chiến dịch email
Email Campaign For ,Chiến dịch email cho
Lead is an Organization,Khách hàng tiềm năng là tổ chức
CRM-LEAD-.YYYY.-,CRM-LEAD-.YYYY.-
Person Name,Tên cá nhân
Lost Quotation,Báo giá bị mất
Interested,Quan tâm
Converted,Đã chuyển đổi
Do Not Contact,Không liên hệ
From Customer,Từ khách hàng
Campaign Name,Tên chiến dịch
Follow Up,Theo dõi
Next Contact By,Liên hệ tiếp theo bởi
Next Contact Date,Ngày liên hệ tiếp theo
Ends On,Kết thúc vào ngày
Address & Contact,Địa chỉ & liên hệ
Mobile No.,Số điện thoại di động
Lead Type,Loại khách hàng tiềm năng
Channel Partner,Đối tác kênh
Consultant,Tư vấn
Market Segment,Phân khúc thị trường
Industry,Ngành nghề
Request Type,Loại yêu cầu
Product Enquiry,Yêu cầu sản phẩm
Request for Information,Yêu cầu thông tin
Suggestions,Đề xuất
Blog Subscriber,Người theo dõi blog
LinkedIn Settings,Cài đặt LinkedIn
Company ID,Mã công ty
OAuth Credentials,Thông tin xác thực OAuth
Consumer Key,Khóa người dùng
Consumer Secret,Khóa bí mật
User Details,Chi tiết người dùng
Person URN,URN cá nhân
Session Status,Trạng thái phiên
Lost Reason Detail,Chi tiết lý do mất
Opportunity Lost Reason,Lý do mất cơ hội
Potential Sales Deal,Giao dịch bán hàng tiềm năng
CRM-OPP-.YYYY.-,CRM-OPP-.YYYY.-
Opportunity From,Cơ hội từ
Customer / Lead Name,Tên khách hàng / khách hàng tiềm năng
Opportunity Type,Loại cơ hội
Converted By,Chuyển đổi bởi
Sales Stage,Giai đoạn bán hàng
Lost Reason,Lý do mất
Expected Closing Date,Ngày dự kiến chốt
To Discuss,Cần thảo luận
With Items,Có mặt hàng
Probability (%),Xác suất (%)
Contact Info,Thông tin liên hệ
Customer / Lead Address,Địa chỉ khách hàng / khách hàng tiềm năng
Contact Mobile No,Số điện thoại liên hệ
Enter name of campaign if source of enquiry is campaign,Nhập tên chiến dịch nếu nguồn yêu cầu là chiến dịch
Opportunity Date,Ngày cơ hội
Opportunity Item,Mặt hàng cơ hội
Basic Rate,Đơn giá cơ bản
Stage Name,Tên giai đoạn
Social Media Post,Bài đăng mạng xã hội
Post Status,Trạng thái bài đăng
Posted,Đã đăng
Share On,Chia sẻ trên
Twitter,Twitter
LinkedIn,LinkedIn
Twitter Post Id,ID bài đăng Twitter
LinkedIn Post Id,ID bài đăng LinkedIn
Tweet,Tweet
Twitter Settings,Cài đặt Twitter
API Secret Key,Khóa bí mật API
Term Name,Tên học kỳ
Term Start Date,Ngày bắt đầu học kỳ
Term End Date,Ngày kết thúc học kỳ
Academics User,Người dùng học vụ
Academic Year Name,Tên năm học
Article,Bài viết
LMS User,Người dùng LMS
Assessment Criteria Group,Nhóm tiêu chí đánh giá
Assessment Group Name,Tên nhóm đánh giá
Parent Assessment Group,Nhóm đánh giá cha
Assessment Name,Tên đánh giá
Grading Scale,Thang điểm
Examiner,Giám khảo
Examiner Name,Tên giám khảo
Supervisor,Người giám sát
Supervisor Name,Tên người giám sát
Evaluate,Đánh giá
Maximum Assessment Score,Điểm đánh giá tối đa
Assessment Plan Criteria,Tiêu chí kế hoạch đánh giá
Maximum Score,Điểm tối đa
Grade,Xếp loại
Assessment Result Detail,Chi tiết kết quả đánh giá
Assessment Result Tool,Công cụ kết quả đánh giá
Result HTML,Kết quả HTML
Content Activity,Hoạt động nội dung
Last Activity ,Hoạt động gần nhất
Content Question,Câu hỏi nội dung
Question Link,Liên kết câu hỏi
Course Name,Tên khóa học
Topics,Chủ đề
Hero Image,Hình ảnh đại diện
Default Grading Scale,Thang điểm mặc định
Education Manager,Quản lý giáo dục
Course Activity,Hoạt động khóa học
Course Enrollment,Ghi danh khóa học
Activity Date,Ngày hoạt động
Course Assessment Criteria,Tiêu chí đánh giá khóa học
Weightage,Trọng số
Course Content,Nội dung khóa học
Quiz,Bài kiểm tra
Program Enrollment,Ghi danh chương trình
Enrollment Date,Ngày ghi danh
Instructor Name,Tên giảng viên
EDU-CSH-.YYYY.-,EDU-CSH-.YYYY.-
Course Scheduling Tool,Công cụ lập lịch khóa học
Course Start Date,Ngày bắt đầu khóa học
Course End Date,Ngày kết thúc khóa học
Course Topic,Chủ đề khóa học
Topic Name,Tên chủ đề
Education Settings,Cài đặt giáo dục
Current Academic Year,Năm học hiện tại
Current Academic Term,Học kỳ hiện tại
Attendance Freeze Date,Ngày đóng băng điểm danh
Validate Batch for Students in Student Group,Chủ đề khóa học
"For Batch based Student Group, the Student Batch will be validated for every Student from the Program Enrollment.",Tên chủ đề
Validate Enrolled Course for Students in Student Group,Cài đặt giáo dục
"For Course based Student Group, the Course will be validated for every Student from the enrolled Courses in Program Enrollment.",Năm học hiện tại
Make Academic Term Mandatory,Học kỳ hiện tại
"If enabled, field Academic Term will be Mandatory in Program Enrollment Tool.",Ngày đóng băng điểm danh
Skip User creation for new Student,Xác thực lớp cho học viên trong nhóm học viên
"By default, a new User is created for every new Student. If enabled, no new User will be created when a new Student is created.","Với nhóm học viên theo lớp, lớp học viên sẽ được xác thực cho từng học viên từ ghi danh chương trình."
Instructor Records to be created by,Xác thực khóa học đã ghi danh cho học viên trong nhóm học viên
Employee Number,Mã nhân viên
Fee Category,Nhóm học phí
Fee Component,Thành phần học phí
Fees Category,Danh mục các khoản phí
Fee Schedule,Cơ cấu học phí
Fee Structure,Cấu trúc học phí
EDU-FSH-.YYYY.-,EDU-FSH-.YYYY.-
Fee Creation Status,Trạng thái tạo học phí
In Process,Đang xử lý
Send Payment Request Email,Gửi email yêu cầu thanh toán
Student Category,Nhóm học viên
Fee Breakup for each student,Chi tiết học phí cho từng học viên
Total Amount per Student,Tổng số tiền mỗi học viên
Institution,Cơ sở đào tạo
Fee Schedule Program,Chương trình áp dụng biểu phí
Student Batch,Nhóm học viên
Total Students,Tổng số học viên
Fee Schedule Student Group,Nhóm học viên áp dụng biểu phí
EDU-FST-.YYYY.-,EDU-FST-.YYYY.-
EDU-FEE-.YYYY.-,EDU-FEE-.YYYY.-
Include Payment,Bao gồm thanh toán
Send Payment Request,Gửi yêu cầu thanh toán
Student Details,Thông tin học viên
Student Email,Email học viên
Grading Scale Name,Tên thang điểm
Grading Scale Intervals,Các mức thang điểm
Intervals,Các khoảng
Grading Scale Interval,Khoảng thang điểm
Grade Code,Mã điểm
Threshold,Ngưỡng
Grade Description,Mô tả điểm
Guardian,Người giám hộ
Guardian Name,Tên người giám hộ
Alternate Number,Số điện thoại thay thế
Occupation,Nghề nghiệp
Work Address,Địa chỉ làm việc
Guardian Of ,Người giám hộ của
Students,Học viên
Guardian Interests,Quan tâm của người giám hộ
Guardian Interest,Sở thích
Interest,Mối quan tâm
Guardian Student,Học viên do người giám hộ quản lý
EDU-INS-.YYYY.-,EDU-INS-.YYYY.-
Instructor Log,Nhật ký giảng viên
Option,Lựa chọn
Is Correct,Đúng
Program Name,Tên chương trình
Program Abbreviation,Tên viết tắt chương trình
Courses,Các khóa học
Is Published,Đã xuất bản
Allow Self Enroll,Cho phép tự đăng ký
Is Featured,Nổi bật
Intro Video,Video giới thiệu
Program Course,Khóa học thuộc chương trình
School House,Nhà trường
Boarding Student,Học viên nội trú
Check this if the Student is residing at the Institute's Hostel.,Đánh dấu nếu học viên ở ký túc xá của cơ sở
Walking,Đi bộ
Institute's Bus,Xe buýt của cơ sở
Self-Driving Vehicle,Tự lái xe
Pick/Drop by Guardian,Đưa đón bởi người giám hộ
Enrolled courses,Các khóa học đã đăng ký
Program Enrollment Course,Khóa học trong đăng ký chương trình
Program Enrollment Fee,Học phí chương trình
Program Enrollment Tool,Công cụ đăng ký chương trình
Get Students From,Lấy học viên từ
Student Applicant,Hồ sơ đăng ký học viên
Get Students,Lấy học viên
Enrollment Details,Chi tiết đăng ký
New Program,Chương trình mới
New Student Batch,Nhóm học viên mới
Enroll Students,Ghi danh học viên
New Academic Year,Năm học mới
New Academic Term,Học kỳ mới
Program Enrollment Tool Student,Học viên trong công cụ đăng ký chương trình
Student Batch Name,Tên đợt học viên
Program Fee,Học phí chương trình
Question,Câu hỏi
Single Correct Answer,Câu trả lời đúng duy nhất
Multiple Correct Answer,Câu trả lời đúng nhiều lựa chọn
Quiz Configuration,Cấu hình bài kiểm tra
Passing Score,Điểm đạt
Score out of 100,Tổng điểm
Max Attempts,Số lần làm tối đa
Enter 0 to waive limit,Nhập 0 để bỏ giới hạn
Grading Basis,Cơ sở chấm điểm
Latest Highest Score,Điểm cao nhất gần nhất
Latest Attempt,Lần làm gần nhất
Quiz Activity,Hoạt động bài kiểm tra
Enrollment,Đăng ký
Pass,Đạt
Quiz Question,Câu hỏi bài kiểm tra
Quiz Result,Kết quả bài kiểm tra
Selected Option,Tùy chọn đã chọn
Correct,Đúng
Wrong,Sai
Room Name,Tên phòng
Room Number,Số phòng
Seating Capacity,Sức chứa
House Name,Tên nhà
EDU-STU-.YYYY.-,EDU-STU-.YYYY.-
Student Mobile Number,Số điện thoại học viên
Blood Group,Nhóm máu
A+,A+
A-,A-
B+,B+
B-,B-
O+,O+
O-,O-
AB+,AB+
AB-,AB-
Nationality,Quốc tịch
Home Address,Địa chỉ nhà
Guardian Details,Thông tin người giám hộ
Guardians,Người giám hộ
Sibling Details,Thông tin anh chị em
Siblings,Anh chị em
Exit,Thôi học
Date of Leaving,Ngày rời trường
Leaving Certificate Number,Số giấy chứng nhận thôi học
Reason For Leaving,Lý do thôi học
Student Admission,Tuyển sinh học viên
Admission Start Date,Ngày bắt đầu tuyển sinh
Admission End Date,Ngày kết thúc tuyển sinh
Eligibility and Details,Điều kiện và chi tiết
Student Admission Program,Chương trình tuyển sinh
Minimum Age,Tuổi tối thiểu
Maximum Age,Tuổi tối đa
Application Fee,Phí đăng ký
Naming Series (for Student Applicant),Chuỗi đặt tên hồ sơ đăng ký học viên
LMS Only,Chỉ dùng cho hệ thống học tập trực tuyến
EDU-APP-.YYYY.-,EDU-APP-.YYYY.-
Application Date,Ngày đăng ký
Student Attendance Tool,Công cụ điểm danh học viên
Group Based On,Nhóm theo
Students HTML,Danh sách học viên
Student Group Name,Tên nhóm học viên
Max Strength,Số lượng tối đa
Set 0 for no limit,Đặt 0 nếu không giới hạn
Instructors,Giảng viên
Student Group Creation Tool,Công cụ tạo nhóm học viên
Leave blank if you make students groups per year,Để trống nếu tạo nhóm theo năm
Get Courses,Lấy khóa học
Separate course based Group for every Batch,Tạo nhóm theo khóa học riêng cho từng lớp
Leave unchecked if you don't want to consider batch while making course based groups. ,Bỏ chọn nếu không muốn xét theo lớp khi tạo nhóm theo khóa học
Student Group Creation Tool Course,Khóa học trong công cụ tạo nhóm
Course Code,Mã khóa học
Student Group Instructor,Giảng viên của nhóm học viên
Student Group Student,Học viên của nhóm học viên
Group Roll Number,Số thứ tự trong nhóm
Student Guardian,Người giám hộ của học viên
Relation,Quan hệ
Mother,Mẹ
Father,Cha
Student Language,Ngôn ngữ của học viên
Student Leave Application,Đơn xin nghỉ của học viên
Mark as Present,Đánh dấu có mặt
Student Log,Nhật ký học viên
Academic,Học thuật
Achievement,Thành tích
Student Report Generation Tool,Công cụ tạo báo cáo học viên
Include All Assessment Group,Bao gồm tất cả nhóm đánh giá
Show Marks,Hiển thị điểm
Add letterhead,Thêm tiêu đề
Print Section,Phần in
Total Parents Teacher Meeting,Tổng số buổi họp phụ huynh giáo viên
Attended by Parents,Có phụ huynh tham dự
Assessment Terms,Học kỳ đánh giá
Student Sibling,Anh chị em học viên
Studying in Same Institute,Học cùng cơ sở
Student Siblings,Danh sách anh chị em học viên
Topic Content,Nội dung chủ đề
Amazon MWS Settings,Thiết lập Amazon MWS
ERPNext Integrations,Tích hợp ERPNext
Enable Amazon,Bật Amazon
MWS Credentials,Thông tin xác thực MWS
Seller ID,Mã người bán
AWS Access Key ID,Khóa truy cập AWS
MWS Auth Token,Mã xác thực MWS
Market Place ID,Mã thị trường
AE,Các tiểu vương quốc Ả Rập Thống nhất
AU,Úc
BR,Brazil
CA,Canada
CN,Trung Quốc
DE,Đức
ES,Tây Ban Nha
FR,Pháp
JP,Nhật Bản
IT,Ý
MX,Mexico
UK,Vương quốc Anh
US,Hoa Kỳ
Customer Type,Loại khách hàng
Market Place Account Group,Nhóm tài khoản thị trường
After Date,Sau ngày
Amazon will synch data updated after this date,Amazon sẽ đồng bộ dữ liệu được cập nhật sau ngày này
Sync Taxes and Charges,Đồng bộ thuế và phí
Get financial breakup of Taxes and charges data by Amazon ,Lấy chi tiết phân bổ thuế và phí từ Amazon
Sync Products,Đồng bộ sản phẩm
Always sync your products from Amazon MWS before synching the Orders details,Luôn đồng bộ sản phẩm từ Amazon trước khi đồng bộ đơn hàng
Sync Orders,Đồng bộ đơn hàng
Click this button to pull your Sales Order data from Amazon MWS.,Nhấn nút này để lấy dữ liệu đơn bán hàng từ Amazon
Enable Scheduled Sync,Bật đồng bộ theo lịch
Check this to enable a scheduled Daily synchronization routine via scheduler,Bật đồng bộ tự động hàng ngày
Max Retry Limit,Số lần thử lại tối đa
Exotel Settings,Thiết lập Exotel
Account SID,Mã tài khoản
API Token,Mã API
GoCardless Mandate,Ủy quyền GoCardless
Mandate,Ủy quyền
GoCardless Customer,Khách hàng GoCardless
GoCardless Settings,Thiết lập GoCardless
Webhooks Secret,Khóa bí mật webhook
Plaid Settings,Thiết lập Plaid
Synchronize all accounts every hour,Đồng bộ tất cả tài khoản mỗi giờ
Plaid Client ID,Mã khách hàng Plaid
Plaid Secret,Khóa bí mật Plaid
Plaid Environment,Môi trường Plaid
sandbox,Môi trường thử nghiệm
development,Môi trường phát triển
QuickBooks Migrator,Công cụ chuyển dữ liệu QuickBooks
Application Settings,Thiết lập ứng dụng
Token Endpoint,Điểm cuối mã thông báo
Scope,Phạm vi
Authorization Settings,Thiết lập xác thực
Authorization Endpoint,Điểm cuối xác thực
Authorization URL,Đường dẫn xác thực
Quickbooks Company ID,Mã công ty QuickBooks
Company Settings,Thiết lập công ty
Default Shipping Account,Tài khoản vận chuyển mặc định
Default Warehouse,Kho mặc định
Default Cost Center,Trung tâm chi phí mặc định
Undeposited Funds Account,Tài khoản tiền chưa gửi
Shopify Log,Nhật ký Shopify
Shopify Settings,Thiết lập Shopify
status html,Trạng thái hiển thị
Enable Shopify,Bật Shopify
App Type,Loại ứng dụng
Last Sync Datetime,Thời điểm đồng bộ gần nhất
Shop URL,Địa chỉ cửa hàng
eg: frappe.myshopify.com,Ví dụ địa chỉ cửa hàng Shopify
Shared secret,Khóa bí mật dùng chung
Webhooks Details,Chi tiết webhook
Webhooks,Webhook
Customer Settings,Thiết lập khách hàng
Default Customer,Khách hàng mặc định
Customer Group will set to selected group while syncing customers from Shopify,Nhóm khách hàng được gán khi đồng bộ từ Shopify
For Company,Cho công ty
Cash Account will used for Sales Invoice creation,Tài khoản tiền mặt dùng để tạo hóa đơn bán hàng
Update Price from Shopify To ERPNext Price List,Cập nhật giá từ Shopify sang bảng giá ERPNext
Default Warehouse to to create Sales Order and Delivery Note,Kho mặc định để tạo đơn bán hàng và phiếu giao hàng
Sales Order Series,Chuỗi đơn bán hàng
Import Delivery Notes from Shopify on Shipment,Nhập phiếu giao hàng từ Shopify khi giao hàng
Delivery Note Series,Chuỗi phiếu giao hàng
Import Sales Invoice from Shopify if Payment is marked,Nhập hóa đơn bán hàng từ Shopify khi đã ghi nhận thanh toán
Sales Invoice Series,Chuỗi hóa đơn bán hàng
Shopify Tax Account,Tài khoản thuế Shopify
Shopify Tax/Shipping Title,Tiêu đề thuế và vận chuyển Shopify
ERPNext Account,Tài khoản ERPNext
Shopify Webhook Detail,Chi tiết webhook Shopify
Webhook ID,Mã webhook
Tally Migration,Chuyển đổi dữ liệu từ Tally
Master Data,Dữ liệu gốc
"Data exported from Tally that consists of the Chart of Accounts, Customers, Suppliers, Addresses, Items and UOMs",Dữ liệu xuất từ Tally bao gồm hệ thống tài khoản khách hàng nhà cung cấp địa chỉ hàng hóa và đơn vị tính
Is Master Data Processed,Đã xử lý dữ liệu gốc
Is Master Data Imported,Đã nhập dữ liệu gốc
Tally Creditors Account,Tài khoản phải trả từ Tally
Creditors Account set in Tally,Tài khoản phải trả thiết lập trong Tally
Tally Debtors Account,Tài khoản phải thu từ Tally
Debtors Account set in Tally,Tài khoản phải thu thiết lập trong Tally
Tally Company,Công ty Tally
Company Name as per Imported Tally Data,Tên công ty theo dữ liệu Tally đã nhập
Default UOM,Đơn vị tính mặc định
UOM in case unspecified in imported data,Đơn vị tính dùng khi không xác định trong dữ liệu nhập
ERPNext Company,Công ty ERPNext
Your Company set in ERPNext,Công ty của bạn trong ERPNext
Processed Files,Tệp đã xử lý
Parties,Đối tác
UOMs,Đơn vị tính
Vouchers,Chứng từ
Round Off Account,Tài khoản làm tròn
Day Book Data,Dữ liệu sổ nhật ký
Day Book Data exported from Tally that consists of all historic transactions,Dữ liệu sổ nhật ký xuất từ Tally bao gồm toàn bộ giao dịch lịch sử
Is Day Book Data Processed,Đã xử lý dữ liệu sổ nhật ký
Is Day Book Data Imported,Đã nhập dữ liệu sổ nhật ký
Woocommerce Settings,Thiết lập Woocommerce
Enable Sync,Bật đồng bộ
Woocommerce Server URL,Địa chỉ máy chủ Woocommerce
Secret,Khóa bí mật
API consumer key,Khóa người dùng API
API consumer secret,Khóa bí mật API
Tax Account,Tài khoản thuế
Freight and Forwarding Account,Tài khoản cước phí và giao nhận
Creation User,Người tạo
"The user that will be used to create Customers, Items and Sales Orders. This user should have the relevant permissions.",Người dùng được sử dụng để tạo khách hàng hàng hóa và đơn bán hàng
"This warehouse will be used to create Sales Orders. The fallback warehouse is ""Stores"".",Kho dùng để tạo đơn bán hàng
"The fallback series is ""SO-WOO-"".",Chuỗi dự phòng
This company will be used to create Sales Orders.,Công ty dùng để tạo đơn bán hàng
Delivery After (Days),Thời gian giao hàng sau theo ngày
This is the default offset (days) for the Delivery Date in Sales Orders. The fallback offset is 7 days from the order placement date.,Số ngày mặc định cho ngày giao hàng trong đơn bán hàng
"This is the default UOM used for items and Sales orders. The fallback UOM is ""Nos"".",Đơn vị tính mặc định cho hàng hóa và đơn bán hàng
Endpoints,Điểm kết nối
Endpoint,Điểm kết nối
Antibiotic Name,Tên kháng sinh
Healthcare Administrator,Quản trị y tế
Laboratory User,Người dùng phòng xét nghiệm
Is Inpatient,Là bệnh nhân nội trú
Default Duration (In Minutes),Thời lượng mặc định theo phút
Body Part,Bộ phận cơ thể
Body Part Link,Liên kết bộ phận cơ thể
HLC-CPR-.YYYY.-,HLC-CPR-.YYYY.-
Procedure Template,Mẫu thủ thuật
Procedure Prescription,Chỉ định thủ thuật
Service Unit,Đơn vị dịch vụ
Consumables,Vật tư tiêu hao
Consume Stock,Xuất kho tiêu hao
Invoice Consumables Separately,Xuất hóa đơn vật tư tiêu hao riêng
Consumption Invoiced,Tiêu hao đã lập hóa đơn
Consumable Total Amount,Tổng tiền vật tư tiêu hao
Consumption Details,Chi tiết tiêu hao
Nursing User,Người dùng điều dưỡng
Clinical Procedure Item,Hạng mục thủ thuật lâm sàng
Invoice Separately as Consumables,Xuất hóa đơn riêng như vật tư tiêu hao
Transfer Qty,Số lượng chuyển
Actual Qty (at source/target),Số lượng thực tế tại nguồn hoặc đích
Is Billable,Có tính phí
Allow Stock Consumption,Cho phép xuất kho tiêu hao
Sample UOM,Đơn vị tính mẫu
Collection Details,Chi tiết thu mẫu
Change In Item,Thay đổi trong hàng hóa
Codification Table,Bảng mã hóa
Complaints,Than phiền
Dosage Strength,Hàm lượng liều dùng
Strength,Nồng độ
Drug Prescription,Đơn thuốc
Drug Name / Description,Tên thuốc hoặc mô tả
Dosage,Liều dùng
Dosage by Time Interval,Liều dùng theo khoảng thời gian
Interval,Khoảng thời gian
Interval UOM,Đơn vị khoảng thời gian
Hour,Giờ
Update Schedule,Cập nhật lịch
Exercise,Bài tập
Difficulty Level,Mức độ khó
Counts Target,Số lần mục tiêu
Counts Completed,Số lần hoàn thành
Assistance Level,Mức độ hỗ trợ
Active Assist,Hỗ trợ chủ động
Exercise Name,Tên bài tập
Body Parts,Bộ phận cơ thể
Exercise Instructions,Hướng dẫn bài tập
Exercise Video,Video bài tập
Exercise Steps,Các bước bài tập
Steps Table,Bảng các bước
Exercise Type Step,Loại bước bài tập
Max number of visit,Số lần thăm khám tối đa
Visited yet,Đã thăm khám
Reference Appointments,Lịch hẹn tham chiếu
Fee Validity Reference,Tham chiếu hiệu lực phí
Basic Details,Thông tin cơ bản
HLC-PRAC-.YYYY.-,HLC-PRAC-.YYYY.-
Mobile,Điện thoại di động
Phone (R),Điện thoại nhà
Phone (Office),Điện thoại văn phòng
Employee and User Details,Thông tin nhân viên và người dùng
Hospital,Bệnh viện
Appointments,Lịch hẹn
Practitioner Schedules,Lịch làm việc bác sĩ
Charges,Phí
Out Patient Consulting Charge,Phí khám ngoại trú
Default Currency,Tiền tệ mặc định
Healthcare Schedule Time Slot,Khung giờ lịch y tế
Parent Service Unit,Đơn vị dịch vụ cha
Service Unit Type,Loại đơn vị dịch vụ
Allow Appointments,Cho phép đặt lịch
Allow Overlap,Cho phép trùng lịch
Inpatient Occupancy,Công suất nội trú
Occupancy Status,Trạng thái sử dụng
Vacant,Trống
Occupied,Đang sử dụng
Item Details,Chi tiết hàng hóa
UOM Conversion in Hours,Quy đổi đơn vị tính theo giờ
Rate / UOM,Đơn giá trên đơn vị tính
Out Patient Settings,Thiết lập ngoại trú
Patient Name By,Đặt tên bệnh nhân theo
Patient Name,Tên bệnh nhân
Link Customer to Patient,Liên kết khách hàng với bệnh nhân
"If checked, a customer will be created, mapped to Patient.\nPatient Invoices will be created against this Customer. You can also select existing Customer while creating Patient.","Nếu chọn, hệ thống sẽ tạo khách hàng và gắn với bệnh nhân.\nHóa đơn của bệnh nhân sẽ được tạo cho khách hàng này. Bạn cũng có thể chọn khách hàng hiện có khi tạo bệnh nhân"
Default Medical Code Standard,Chuẩn mã y tế mặc định
Collect Fee for Patient Registration,Thu phí khi đăng ký bệnh nhân
Checking this will create new Patients with a Disabled status by default and will only be enabled after invoicing the Registration Fee.,Chọn tùy chọn này để mặc định tạo bệnh nhân mới ở trạng thái “Vô hiệu hóa” và chỉ kích hoạt sau khi thanh toán phí đăng ký
Registration Fee,Phí đăng ký
Automate Appointment Invoicing,Tự động tạo hóa đơn lịch hẹn
Manage Appointment Invoice submit and cancel automatically for Patient Encounter,Tự động gửi và hủy hóa đơn lịch hẹn cho lần khám bệnh
Enable Free Follow-ups,Bật theo dõi miễn phí
Number of Patient Encounters in Valid Days,Số lần tái khám miễn phí trong thời gian hợp lệ
The number of free follow ups (Patient Encounters in valid days) allowed,Số lần tái khám miễn phí được phép (trong số ngày hợp lệ)
Valid Number of Days,Số ngày hợp lệ
Time period (Valid number of days) for free consultations,Thời gian hiệu lực (số ngày hợp lệ) cho tư vấn miễn phí
Default Healthcare Service Items,Mặt hàng dịch vụ y tế mặc định
"You can configure default Items for billing consultation charges, procedure consumption items and inpatient visits","Bạn có thể cấu hình mặt hàng mặc định để tính phí tư vấn, vật tư tiêu hao và thăm khám nội trú"
Clinical Procedure Consumable Item,Vật tư tiêu hao quy trình y tế
Default Accounts,Tài khoản mặc định
Default income accounts to be used if not set in Healthcare Practitioner to book Appointment charges.,Tài khoản doanh thu mặc định dùng khi chưa thiết lập cho bác sĩ để ghi nhận phí lịch hẹn
Default receivable accounts to be used to book Appointment charges.,Tài khoản phải thu mặc định dùng để ghi nhận phí lịch hẹn
Out Patient SMS Alerts,Cảnh báo SMS ngoại trú
Patient Registration,Đăng ký bệnh nhân
Registration Message,Thông báo đăng ký
Confirmation Message,Thông báo xác nhận
Avoid Confirmation,Tránh xác nhận
Do not confirm if appointment is created for the same day,Không xác nhận nếu lịch hẹn được tạo trong cùng ngày
Appointment Reminder,Nhắc lịch hẹn
Reminder Message,Nội dung nhắc lịch
Laboratory Settings,Thiết lập xét nghiệm
Create Lab Test(s) on Sales Invoice Submission,Tạo xét nghiệm khi nộp hóa đơn bán hàng
Checking this will create Lab Test(s) specified in the Sales Invoice on submission.,Tạo các xét nghiệm được chỉ định trong hóa đơn bán hàng khi nộp
Create Sample Collection document for Lab Test,Tạo chứng từ thu mẫu cho xét nghiệm
Checking this will create a Sample Collection document  every time you create a Lab Test,Tự động tạo chứng từ thu mẫu mỗi khi tạo xét nghiệm
Employee name and designation in print,In tên và chức danh nhân viên
Check this if you want the Name and Designation of the Employee associated with the User who submits the document to be printed in the Lab Test Report.,In tên và chức danh của nhân viên gắn với người dùng nộp chứng từ trong báo cáo xét nghiệm
Do not print or email Lab Tests without Approval,Không in hoặc gửi email xét nghiệm khi chưa duyệt
Checking this will restrict printing and emailing of Lab Test documents unless they have the status as Approved.,Chỉ cho phép in và gửi email xét nghiệm khi ở trạng thái đã duyệt
Custom Signature in Print,Chữ ký tùy chỉnh khi in
Laboratory SMS Alerts,Cảnh báo SMS xét nghiệm
Result Printed Message,Thông báo đã in kết quả
Result Emailed Message,Thông báo đã gửi email kết quả
Check In,Điểm danh
Check Out,Rời đi
HLC-INP-.YYYY.-,HLC-INP-.YYYY.-
A Positive,Nhóm máu A dương
A Negative,Nhóm máu A âm
AB Positive,Nhóm máu AB dương
AB Negative,Nhóm máu AB âm
B Positive,Nhóm máu B dương
B Negative,Nhóm máu B âm
O Positive,Nhóm máu O dương
O Negative,Nhóm máu O âm
Admission Scheduled,Dự kiến nhập viện
Discharge Scheduled,Dự kiến xuất viện
Discharged,Đã xuất viện
Admission Schedule Date,Ngày dự kiến nhập viện
Admitted Datetime,Thời điểm nhập viện
Expected Discharge,Dự kiến xuất viện
Discharge Date,Ngày xuất viện
Lab Prescription,Chỉ định xét nghiệm
Lab Test Name,Tên xét nghiệm
Test Created,Đã tạo xét nghiệm
Submitted Date,Ngày nộp
Approved Date,Ngày duyệt
Sample ID,Mã mẫu
Lab Technician,Kỹ thuật viên xét nghiệm
Report Preference,Tùy chọn báo cáo
Test Name,Tên xét nghiệm
Test Template,Mẫu xét nghiệm
Test Group,Nhóm xét nghiệm
Custom Result,Kết quả tùy chỉnh
LabTest Approver,Người duyệt xét nghiệm
Add Test,Thêm xét nghiệm
Normal Range,Khoảng giá trị bình thường
Result Format,Định dạng kết quả
Single,Đơn
Compound,Hỗn hợp
Descriptive,Mô tả
Grouped,Theo nhóm
No Result,Không có kết quả
This value is updated in the Default Sales Price List.,Giá trị này được cập nhật trong bảng giá bán mặc định
Lab Routine,Xét nghiệm định kỳ
Result Value,Giá trị kết quả
Require Result Value,Bắt buộc có kết quả
Normal Test Template,Mẫu xét nghiệm chuẩn
Patient Demographics,Thông tin nhân khẩu học bệnh nhân
HLC-PAT-.YYYY.-,HLC-PAT-.YYYY.-
Inpatient Status,Tình trạng nội trú
"If ""Link Customer to Patient"" is checked in Healthcare Settings and an existing Customer is not selected then, a Customer will be created for this Patient for recording transactions in Accounts module.",Tạo khách hàng cho bệnh nhân để ghi nhận giao dịch kế toán
Personal and Social History,Tiền sử cá nhân và xã hội
Marital Status,Tình trạng hôn nhân
Married,Đã kết hôn
Divorced,Ly hôn
Widow,Góa
Patient Relation,Quan hệ bệnh nhân
"Allergies, Medical and Surgical History",Tiền sử dị ứng nội khoa và phẫu thuật
Allergies,Dị ứng
Medication,Thuốc đang dùng
Medical History,Tiền sử bệnh lý
Surgical History,Tiền sử phẫu thuật
Risk Factors,Yếu tố nguy cơ
Occupational Hazards and Environmental Factors,Nguy cơ nghề nghiệp và môi trường
Other Risk Factors,Yếu tố nguy cơ khác
Patient Details,Thông tin bệnh nhân
Additional information regarding the patient,Thông tin bổ sung về bệnh nhân
HLC-APP-.YYYY.-,HLC-APP-.YYYY.-
Patient Age,Tuổi bệnh nhân
Get Prescribed Clinical Procedures,Lấy danh sách thủ thuật lâm sàng được chỉ định
Therapy,Liệu pháp
Get Prescribed Therapies,Lấy danh sách liệu pháp được chỉ định
Appointment Datetime,Thời điểm lịch hẹn
Duration (In Minutes),Thời lượng theo phút
Reference Sales Invoice,Hóa đơn bán hàng tham chiếu
More Info,Thông tin thêm
Referring Practitioner,Bác sĩ giới thiệu
HLC-PA-.YYYY.-,HLC-PA-.YYYY.-
Assessment Template,Mẫu đánh giá
Assessment Datetime,Thời điểm đánh giá
Assessment Description,Mô tả đánh giá
Assessment Sheet,Phiếu đánh giá
Total Score Obtained,Tổng điểm đạt được
Scale Min,Điểm tối thiểu
Scale Max,Điểm tối đa
Patient Assessment Detail,Chi tiết đánh giá bệnh nhân
Assessment Parameter,Tham số đánh giá
Patient Assessment Parameter,Tham số đánh giá bệnh nhân
Patient Assessment Sheet,Phiếu đánh giá bệnh nhân
Patient Assessment Template,Mẫu đánh giá bệnh nhân
Assessment Parameters,Các tham số đánh giá
Parameters,Tham số
Assessment Scale,Thang đánh giá
Scale Minimum,Giá trị thang tối thiểu
Scale Maximum,Giá trị thang tối đa
HLC-ENC-.YYYY.-,HLC-ENC-.YYYY.-
Encounter Date,Ngày khám
Encounter Time,Giờ khám
Encounter Impression,Nhận định lần khám
Symptoms,Triệu chứng
In print,In ra
Medical Coding,Mã hóa y khoa
Procedures,Quy trình
Therapies,Liệu pháp
Review Details,Chi tiết rà soát
Patient Encounter Diagnosis,Chẩn đoán lần khám
Patient Encounter Symptom,Triệu chứng lần khám
HLC-PMR-.YYYY.-,HLC-PMR-.YYYY.-
Attach Medical Record,Đính kèm hồ sơ y tế
Spouse,Vợ hoặc chồng
Family,Gia đình
Schedule Details,Chi tiết lịch
Schedule Name,Tên lịch
Time Slots,Khung giờ
Practitioner Service Unit Schedule,Lịch đơn vị dịch vụ của bác sĩ
Procedure Name,Tên thủ thuật
Appointment Booked,Đã đặt lịch
Procedure Created,Đã tạo thủ thuật
HLC-SC-.YYYY.-,HLC-SC-.YYYY.-
Collected By,Người thu mẫu
Particulars,Nội dung
Result Component,Thành phần kết quả
HLC-THP-.YYYY.-,HLC-THP-.YYYY.-
Therapy Plan Details,Chi tiết kế hoạch trị liệu
Total Sessions,Tổng số buổi
Total Sessions Completed,Tổng số buổi đã hoàn thành
Therapy Plan Detail,Chi tiết kế hoạch trị liệu
No of Sessions,Số buổi
Sessions Completed,Số buổi đã hoàn thành
Tele,Từ xa
Exercises,Bài tập
Therapy For,Liệu pháp cho
Add Exercises,Thêm bài tập
Body Temperature,Nhiệt độ cơ thể
Presence of a fever (temp &gt; 38.5 °C/101.3 °F or sustained temp &gt; 38 °C/100.4 °F),Có sốt (nhiệt độ > 38.5 °C/101.3 °F hoặc duy trì trên 38 °C/100.4 °F)
Heart Rate / Pulse,Nhịp tim / Mạch
Adults' pulse rate is anywhere between 50 and 80 beats per minute.,Nhịp tim người lớn dao động từ 50 đến 80 nhịp mỗi phút
Respiratory rate,Tần số hô hấp
Normal reference range for an adult is 16–20 breaths/minute (RCP 2012),Phạm vi tham chiếu bình thường cho người lớn là 16–20 nhịp/phút (RCP 2012)
Tongue,Lưỡi
Coated,Có màng phủ
Very Coated,Phủ dày
Normal,Bình thường
Furry,Lông mịn
Cuts,Vết nứt
Abdomen,Bụng
Bloated,Chướng hơi
Fluid,Có dịch
Constipated,Táo bón
Reflexes,Phản xạ
Hyper,Tăng
Very Hyper,Tăng mạnh
One Sided,Một bên
Blood Pressure (systolic),Huyết áp (tâm thu)
Blood Pressure (diastolic),Huyết áp (tâm trương)
Blood Pressure,Huyết áp
"Normal resting blood pressure in an adult is approximately 120 mmHg systolic, and 80 mmHg diastolic, abbreviated ""120/80 mmHg""",Huyết áp nghỉ ngơi bình thường ở người lớn khoảng 120/80 mmHg (tâm thu 120 mmHg và tâm trương 80 mmHg)
Nutrition Values,Giá trị dinh dưỡng
Height (In Meter),Chiều cao (mét)
Weight (In Kilogram),Cân nặng (kg)
BMI,BMI (chỉ số khối cơ thể)
Hotel Room,Phòng khách sạn
Hotel Room Type,Loại phòng khách sạn
Capacity,Sức chứa
Extra Bed Capacity,Sức chứa giường phụ
Hotel Manager,Quản lý khách sạn
Hotel Room Amenity,Tiện nghi phòng khách sạn
Billable,Tính phí
Hotel Room Package,Gói phòng khách sạn
Amenities,Tiện nghi
Hotel Room Pricing,Định giá phòng khách sạn
Hotel Room Pricing Item,Mục định giá phòng khách sạn
Hotel Room Pricing Package,Gói định giá phòng khách sạn
Hotel Room Reservation,Đặt phòng khách sạn
Guest Name,Tên khách
Late Checkin,Nhận phòng muộn
Booked,Đã đặt
Hotel Reservation User,Người dùng đặt phòng khách sạn
Hotel Room Reservation Item,Hạng mục đặt phòng khách sạn
Hotel Settings,Thiết lập khách sạn
Default Taxes and Charges,Thuế và phí mặc định
Default Invoice Naming Series,Chuỗi đặt tên hóa đơn mặc định
HR,Nhân sự
Date on which this component is applied,Ngày áp dụng thành phần này
Salary Slip,Phiếu lương
HR User,Người dùng nhân sự
Job Applicant,Ứng viên tuyển dụng
Body,Nội dung
Appraisal Template,Mẫu đánh giá
Parent Department,Phòng ban cấp trên
Leave Block List,Danh sách chặn nghỉ phép
Days for which Holidays are blocked for this department.,Số ngày nghỉ lễ bị chặn cho phòng ban này
Leave Approver,Người duyệt nghỉ phép
Expense Approver,Người duyệt chi phí
Required Skills,Kỹ năng yêu cầu
Skills,Kỹ năng
Driver,Lái xe
HR-DRI-.YYYY.-,HR-DRI-.YYYY.-
Suspended,Tạm đình chỉ
Transporter,Đơn vị vận chuyển
Applicable for external driver,Áp dụng cho lái xe bên ngoài
Cellphone Number,Số điện thoại
License Details,Thông tin giấy phép
License Number,Số giấy phép
Issuing Date,Ngày cấp
Driving License Categories,Nhóm giấy phép lái xe
Driving License Category,Loại giấy phép lái xe
Fleet Manager,Quản lý đội xe
Driver licence class,Hạng bằng lái
HR-EMP-,Chuỗi nhân viên
Employment Type,Loại hình lao động
Emergency Contact,Liên hệ khẩn cấp
Emergency Contact Name,Tên người liên hệ khẩn cấp
Emergency Phone,Điện thoại khẩn cấp
ERPNext User,Người dùng ERPNext
"System User (login) ID. If set, it will become default for all HR forms.","ID người dùng hệ thống (đăng nhập). Nếu thiết lập, giá trị này sẽ là mặc định cho tất cả biểu mẫu nhân sự"
Create User Permission,Tạo phân quyền người dùng
This will restrict user access to other employee records,Giới hạn quyền truy cập vào hồ sơ nhân viên khác
Joining Details,Thông tin gia nhập
Offer Date,Ngày đề nghị
Confirmation Date,Ngày xác nhận
Contract End Date,Ngày kết thúc hợp đồng
Notice (days),Thời gian báo trước theo ngày
Date Of Retirement,Ngày nghỉ hưu
Department and Grade,Phòng ban và ngạch
Reports to,Báo cáo cho
Attendance and Leave Details,Chi tiết chấm công và nghỉ phép
Attendance Device ID (Biometric/RF tag ID),ID thiết bị chấm công (vân tay/thẻ RFID)
Applicable Holiday List,Danh sách ngày nghỉ áp dụng
Default Shift,Ca làm việc mặc định
Salary Mode,Hình thức trả lương
Bank A/C No.,Số tài khoản ngân hàng
Health Insurance,Bảo hiểm y tế
Health Insurance Provider,Đơn vị cung cấp bảo hiểm y tế
Health Insurance No,Số bảo hiểm y tế
Prefered Email,Email ưu tiên
Personal Email,Email cá nhân
Permanent Address Is,Địa chỉ thường trú là
Rented,Nhà thuê
Owned,Nhà sở hữu
Permanent Address,Địa chỉ thường trú
Prefered Contact Email,Email liên hệ ưu tiên
Company Email,Email công ty
Provide Email Address registered in company,Cung cấp địa chỉ email đã đăng ký tại công ty
Current Address Is,Địa chỉ hiện tại là
Current Address,Địa chỉ hiện tại
Personal Bio,Tiểu sử cá nhân
Bio / Cover Letter,Giới thiệu / thư mở đầu
Short biography for website and other publications.,Tiểu sử ngắn cho website hoặc ấn phẩm
Passport Number,Số hộ chiếu
Date of Issue,Ngày cấp
Place of Issue,Nơi cấp
Widowed,Góa
Family Background,Lý lịch gia đình
"Here you can maintain family details like name and occupation of parent, spouse and children","Quản lý thông tin gia đình như tên và nghề nghiệp của cha mẹ, vợ/chồng và con cái"
Health Details,Chi tiết sức khỏe
"Here you can maintain height, weight, allergies, medical concerns etc","Quản lý chiều cao, cân nặng, dị ứng, hoặc các vấn đề y tế"
Educational Qualification,Trình độ học vấn
Previous Work Experience,Kinh nghiệm làm việc trước đây
External Work History,Lịch sử làm việc bên ngoài
History In Company,Lịch sử trong công ty
Internal Work History,Lịch sử làm việc nội bộ
Resignation Letter Date,Ngày nộp đơn thôi việc
Relieving Date,Ngày nghỉ việc
Leave Encashed?,Đã quyết toán nghỉ phép
Encashment Date,Ngày quyết toán
New Workplace,Nơi làm việc mới
Returned Amount,Số tiền hoàn trả
Advance Account,Tài khoản tạm ứng
Benefits Applied,Phúc lợi áp dụng
Benefit Type and Amount,Loại và giá trị phúc lợi
Task Weight,Trọng số công việc
Employee Education,Trình độ học vấn nhân viên
School/University,Trường học hoặc đại học
Graduate,Tốt nghiệp
Post Graduate,Sau đại học
Under Graduate,Chưa tốt nghiệp đại học
Year of Passing,Năm tốt nghiệp
Class / Percentage,Lớp hoặc tỷ lệ
Major/Optional Subjects,Môn học chính hoặc tự chọn
Employee External Work History,Lịch sử làm việc bên ngoài của nhân viên
Total Experience,Tổng kinh nghiệm
Default Leave Policy,Chính sách nghỉ phép mặc định
Employee Group Table,Bảng nhóm nhân viên
ERPNext User ID,ID người dùng ERPNext
Employee Internal Work History,Lịch sử làm việc nội bộ của nhân viên
Activities,Hoạt động
Employee Onboarding Activity,Hoạt động hội nhập nhân viên
Employee Promotion Detail,Chi tiết thăng chức nhân viên
Employee Transfer Property,Thông tin điều chuyển nhân viên
Unclaimed amount,Số tiền chưa quyết toán
Holiday List Name,Tên danh sách ngày nghỉ
Total Holidays,Tổng số ngày nghỉ
Add Weekly Holidays,Thêm ngày nghỉ hằng tuần
Weekly Off,Ngày nghỉ hằng tuần
Add to Holidays,Thêm vào ngày nghỉ
Holidays,Ngày nghỉ
Clear Table,Xóa bảng
Retirement Age,Tuổi nghỉ hưu
Enter retirement age in years,Nhập tuổi nghỉ hưu theo năm
Stop Birthday Reminders,Ngừng nhắc sinh nhật
Leave Settings,Thiết lập nghỉ phép
Accepted,Đã chấp nhận
Printing Details,Chi tiết in ấn
Job Title,Chức danh công việc
Allocation,Phân bổ
Select Employees,Chọn nhân viên
Allocate,Thực hiện phân bổ
Max Leaves Allowed,Số ngày nghỉ tối đa được phép
Maximum Continuous Days Applicable,Số ngày liên tục tối đa được áp dụng
Select Payroll Period,Chọn kỳ lương
Abbr,Viết tắt
Condition and Formula,Điều kiện và công thức
Total Working Hours,Tổng số giờ làm việc
Hour Rate,Đơn giá theo giờ
Bank Account No.,Số tài khoản ngân hàng
Earning & Deduction,Thu nhập và khấu trừ
Loan repayment,Hoàn trả khoản vay
Employee Loan,Khoản vay nhân viên
Total Principal Amount,Tổng số tiền gốc
Total Interest Amount,Tổng số tiền lãi
Total Loan Repayment,Tổng số tiền trả nợ
net pay info,Thông tin lương thực nhận
Gross Pay - Total Deduction - Loan Repayment,Lương gộp trừ tổng khấu trừ trừ trả nợ
Net Pay (in words) will be visible once you save the Salary Slip.,Lương thực nhận bằng chữ sẽ hiển thị sau khi lưu phiếu lương
Staffing Plan Details,Chi tiết kế hoạch nhân sự
Optional,Tùy chọn
Costing,Phân bổ chi phí
Vehicle,Phương tiện
License Plate,Biển số xe
Odometer Value (Last),Chỉ số công tơ mét lần cuối
Acquisition Date,Ngày mua
Chassis No,Số khung
Vehicle Value,Giá trị phương tiện
Insurance Company,Công ty bảo hiểm
Policy No,Số hợp đồng
Additional Details,Thông tin bổ sung
Fuel Type,Loại nhiên liệu
Petrol,Xăng
Diesel,Dầu diesel
Natural Gas,Khí tự nhiên
Electric,Điện
Fuel UOM,Đơn vị đo nhiên liệu
Last Carbon Check,Lần kiểm tra khí thải gần nhất
Wheels,Số bánh xe
Doors,Số cửa
last Odometer Value ,Chỉ số công tơ mét gần nhất
Service Detail,Chi tiết dịch vụ
Hub Tracked Item,Mặt hàng theo dõi qua Hub
Hub Node,Nút Hub
Image List,Danh sách hình ảnh
Item Manager,Quản lý mặt hàng
Hub User,Người dùng Hub
Hub Password,Mật khẩu Hub
Hub Users,Danh sách người dùng Hub
Marketplace Settings,Cài đặt Marketplace
Disable Marketplace,Vô hiệu hóa Marketplace
Marketplace URL (to hide and update label),URL Marketplace để ẩn và cập nhật nhãn
Registered,Đã đăng ký
Sync in Progress,Đang đồng bộ
Hub Seller Name,Tên người bán Hub
Custom Data,Dữ liệu tùy chỉnh
Repay From Salary,Khấu trừ lương để trả nợ
Regular Payment,Thanh toán định kỳ
Loan Closure,Đóng khoản vay
Rate of Interest (%) Yearly,Lãi suất (%) theo năm
MAT-MSH-.YYYY.-,MAT-MSH-.YYYY.-
Generate Schedule,Tạo lịch
Schedules,Các lịch
Maintenance Schedule Detail,Chi tiết lịch bảo trì
Scheduled Date,Ngày theo lịch
Actual Date,Ngày thực tế
Maintenance Schedule Item,Hạng mục lịch bảo trì
Random,Ngẫu nhiên
No of Visits,Số lần ghé thăm
MAT-MVS-.YYYY.-,MAT-MVS-.YYYY.-
Maintenance Date,Ngày bảo trì
Maintenance Time,Thời gian bảo trì
Completion Status,Trạng thái hoàn thành
Partially Completed,Hoàn thành một phần
Fully Completed,Hoàn thành toàn bộ
Unscheduled,Không theo lịch
Breakdown,Sự cố
Purposes,Mục đích
Customer Feedback,Phản hồi khách hàng
Maintenance Visit Purpose,Mục đích lần bảo trì
Work Done,Công việc đã thực hiện
Against Document No,Theo số chứng từ
Against Document Detail No,Theo số chi tiết chứng từ
MFG-BLR-.YYYY.-,MFG-BLR-.YYYY.-
Order Type,Loại đơn hàng
Blanket Order Item,Hạng mục đơn hàng khung
Ordered Quantity,Số lượng đã đặt
Item to be manufactured or repacked,Mặt hàng cần sản xuất hoặc đóng gói lại
Quantity of item obtained after manufacturing / repacking from given quantities of raw materials,Số lượng thu được sau khi sản xuất hoặc đóng gói lại từ lượng nguyên liệu đầu vào
Set rate of sub-assembly item based on BOM,Thiết lập giá bán thành phẩm phụ theo BOM
Allow Alternative Item,Cho phép mặt hàng thay thế
Item UOM,Đơn vị tính của mặt hàng
Conversion Rate,Tỷ lệ chuyển đổi
Rate Of Materials Based On,Cách tính giá nguyên vật liệu
With Operations,Có công đoạn
Manage cost of operations,Quản lý chi phí công đoạn
Transfer Material Against,Xuất chuyển nguyên vật liệu theo
Routing,Quy trình sản xuất
Materials,Nguyên vật liệu
Quality Inspection Required,Yêu cầu kiểm tra chất lượng
Quality Inspection Template,Mẫu kiểm tra chất lượng
Scrap,Phế liệu
Scrap Items,Danh sách phế liệu
Operating Cost,Chi phí vận hành
Raw Material Cost,Chi phí nguyên vật liệu
Scrap Material Cost,Chi phí phế liệu
Operating Cost (Company Currency),Chi phí vận hành theo tiền tệ công ty
Raw Material Cost (Company Currency),Chi phí nguyên vật liệu theo tiền tệ công ty
Scrap Material Cost(Company Currency),Chi phí phế liệu theo tiền tệ công ty
Total Cost,Tổng chi phí
Total Cost (Company Currency),Tổng chi phí theo tiền tệ công ty
Materials Required (Exploded),Nguyên vật liệu cần dùng chi tiết
Exploded Items,Danh sách vật tư chi tiết
Show in Website,Hiển thị trên website
Item Image (if not slideshow),Hình ảnh mặt hàng nếu không dùng trình chiếu
Thumbnail,Ảnh đại diện
Website Specifications,Thông số hiển thị website
Show Items,Hiển thị mặt hàng
Show Operations,Hiển thị công đoạn
Website Description,Mô tả trên website
BOM Explosion Item,Mặt hàng bung từ BOM
Qty Consumed Per Unit,Số lượng tiêu hao trên mỗi đơn vị
Include Item In Manufacturing,Bao gồm mặt hàng trong sản xuất
BOM Item,Mặt hàng trong BOM
Item operation,Công đoạn của mặt hàng
Rate & Amount,Đơn giá và thành tiền
Basic Rate (Company Currency),Đơn giá cơ bản theo tiền tệ công ty
Scrap %,Tỷ lệ phế liệu
Original Item,Mặt hàng gốc
BOM Operation,Quy trình BOM
Operation Time ,Thời gian quy trình
In minutes,Tính theo phút
Batch Size,Kích thước lô
Base Hour Rate(Company Currency),Đơn giá giờ cơ bản (ĐV tiền tệ công ty)
Operating Cost(Company Currency),Chi phí vận hành (ĐV tiền tệ công ty)
BOM Scrap Item,Mặt hàng phế phẩm BOM
Basic Amount (Company Currency),Giá trị cơ bản (ĐV tiền tệ công ty)
BOM Update Tool,Công cụ cập nhật BOM
"Replace a particular BOM in all other BOMs where it is used. It will replace the old BOM link, update cost and regenerate ""BOM Explosion Item"" table as per new BOM.\nIt also updates latest price in all the BOMs.","Thay thế BOM cụ thể trong các BOM khác có liên kết.Thao tác này sẽ thay thế BOM cũ, cập nhật chi phí và tạo lại bảng “BOM Explosion Item” theo BOM mới. Cập nhật giá mới nhất cho tất cả BOM"
Replace BOM,Thay thế BOM
Current BOM,BOM hiện tại
The BOM which will be replaced,BOM sẽ được thay thế
The new BOM after replacement,BOM mới sau khi thay thế
Replace,Thay thế
Update latest price in all BOMs,Cập nhật giá mới nhất trong tất cả BOM
BOM Website Item,Mặt hàng website BOM
BOM Website Operation,Quy trình website BOM
Operation Time,Thời gian quy trình
PO-JOB.#####,PO-JOB.#####
Timing Detail,Chi tiết thời gian
Time Logs,Nhật ký thời gian
Total Time in Mins,Tổng thời gian (phút)
Transferred Qty,Số lượng đã chuyển
Job Started,Công việc bắt đầu
Started Time,Giờ bắt đầu
Current Time,Giờ hiện tại
Job Card Item,Mặt hàng phiếu công việc
Job Card Time Log,Nhật ký thời gian phiếu công việc
Time In Mins,Thời gian (phút)
Completed Qty,Số lượng hoàn thành
Manufacturing Settings,Cài đặt sản xuất
Raw Materials Consumption,Tiêu hao nguyên liệu thô
Allow Multiple Material Consumption,Cho phép tiêu hao nhiều nguyên liệu
Backflush Raw Materials Based On,Trừ nguyên liệu thô dựa trên
Material Transferred for Manufacture,Nguyên liệu đã chuyển cho sản xuất
Capacity Planning,Lập kế hoạch năng lực
Disable Capacity Planning,Tắt lập kế hoạch công suất
Allow Overtime,Cho phép làm thêm giờ
Allow Production on Holidays,Cho phép sản xuất vào ngày nghỉ
Capacity Planning For (Days),Lập kế hoạch công suất cho số ngày
Default Warehouses for Production,Kho mặc định cho sản xuất
Default Work In Progress Warehouse,Kho bán thành phẩm mặc định
Default Finished Goods Warehouse,Kho thành phẩm mặc định
Default Scrap Warehouse,Kho phế liệu mặc định
Overproduction Percentage For Sales Order,Tỷ lệ sản xuất vượt cho đơn bán hàng
Overproduction Percentage For Work Order,Tỷ lệ sản xuất vượt cho lệnh sản xuất
Other Settings,Thiết lập khác
Update BOM Cost Automatically,Tự động cập nhật chi phí BOM
Material Request Plan Item,Mặt hàng trong kế hoạch yêu cầu vật tư
Material Request Type,Loại yêu cầu vật tư
Material Issue,Xuất vật tư
Customer Provided,Khách hàng cung cấp
Minimum Order Quantity,Số lượng đặt hàng tối thiểu
Default Workstation,Trạm làm việc mặc định
Production Plan,Kế hoạch sản xuất
MFG-PP-.YYYY.-,MFG-PP-.YYYY.-
Get Items From,Lấy mặt hàng từ
Get Sales Orders,Lấy đơn bán hàng
Material Request Detail,Chi tiết yêu cầu vật tư
Get Material Request,Lấy yêu cầu vật tư
Material Requests,Các yêu cầu vật tư
Get Items For Work Order,Lấy mặt hàng cho lệnh sản xuất
Material Request Planning,Lập kế hoạch yêu cầu vật tư
Include Non Stock Items,Bao gồm mặt hàng không tồn kho
Include Subcontracted Items,Bao gồm mặt hàng gia công ngoài
Ignore Existing Projected Quantity,Bỏ qua số lượng dự kiến hiện có
"To know more about projected quantity, <a href=""https://erpnext.com/docs/user/manual/en/stock/projected-quantity"" style=""text-decoration: underline;"" target=""_blank"">click here</a>.","Để biết thêm về số lượng dự kiến, <a href=""https://erpnext.com/docs/user/manual/en/stock/projected-quantity"" style=""text-decoration: underline;"" target=""_blank"">nhấp vào đây</a>"
Download Required Materials,Tải xuống danh sách vật tư cần thiết
Get Raw Materials For Production,Lấy nguyên vật liệu cho sản xuất
Total Planned Qty,Tổng số lượng kế hoạch
Total Produced Qty,Tổng số lượng đã sản xuất
Material Requested,Vật tư được yêu cầu
Production Plan Item,Mặt hàng trong kế hoạch sản xuất
Make Work Order for Sub Assembly Items,Tạo lệnh sản xuất cho các mặt hàng bán thành phẩm
"If enabled, system will create the work order for the exploded items against which BOM is available.",Nếu bật hệ thống sẽ tạo lệnh sản xuất cho các mặt hàng đã bung BOM tương ứng
Planned Start Date,Ngày bắt đầu kế hoạch
Quantity and Description,Số lượng và mô tả
material_request_item,Mặt hàng yêu cầu vật tư
Product Bundle Item,Mặt hàng gói sản phẩm
Production Plan Material Request,Yêu cầu vật tư theo kế hoạch sản xuất
Production Plan Sales Order,Đơn bán hàng theo kế hoạch sản xuất
Sales Order Date,Ngày đơn bán hàng
Routing Name,Tên quy trình sản xuất
MFG-WO-.YYYY.-,MFG-WO-.YYYY.-
Item To Manufacture,Hạng mục cần sản xuất
Material Transferred for Manufacturing,Vật tư đã chuyển cho sản xuất
Manufactured Qty,Số lượng đã sản xuất
Use Multi-Level BOM,Sử dụng BOM nhiều cấp
Plan material for sub-assemblies,Lập kế hoạch vật tư cho bán thành phẩm
Skip Material Transfer to WIP Warehouse,Bỏ qua chuyển vật tư sang kho đang xử lý
Check if material transfer entry is not required,Kiểm tra nếu không yêu cầu bút toán chuyển vật tư
Backflush Raw Materials From Work-in-Progress Warehouse,Tự động hoàn trả nguyên vật liệu từ kho đang xử lý
Update Consumed Material Cost In Project,Cập nhật chi phí vật tư tiêu hao vào dự án
Warehouses,Danh sách kho
This is a location where raw materials are available.,Đây là vị trí nơi nguyên vật liệu sẵn có
Work-in-Progress Warehouse,Kho đang xử lý
This is a location where operations are executed.,Đây là vị trí nơi các công đoạn được thực hiện
This is a location where final product stored.,Đây là vị trí nơi lưu trữ thành phẩm
Scrap Warehouse,Kho phế liệu
This is a location where scraped materials are stored.,Đây là vị trí nơi lưu trữ vật tư phế
Required Items,Danh sách vật tư yêu cầu
Actual Start Date,Ngày bắt đầu thực tế
Planned End Date,Ngày kết thúc kế hoạch
Actual End Date,Ngày kết thúc thực tế
Operation Cost,Chi phí công đoạn
Planned Operating Cost,Chi phí vận hành kế hoạch
Actual Operating Cost,Chi phí vận hành thực tế
Additional Operating Cost,Chi phí vận hành bổ sung
Total Operating Cost,Tổng chi phí vận hành
Manufacture against Material Request,Sản xuất theo yêu cầu cấp vật tư
Work Order Item,Hạng mục lệnh sản xuất
Available Qty at Source Warehouse,Số lượng khả dụng tại kho nguồn
Available Qty at WIP Warehouse,Số lượng khả dụng tại kho đang xử lý
Work Order Operation,Công đoạn lệnh sản xuất
Operation Description,Mô tả công đoạn
Operation completed for how many finished goods?,Công đoạn này hoàn thành cho bao nhiêu thành phẩm?
Estimated Time and Cost,Thời gian và chi phí ước tính
Planned Start Time,Thời gian bắt đầu thực tế
Planned End Time,Thời gian kết thúc thực tế
Actual Time and Cost,Thời gian và chi phí thực tế
Actual Start Time,Giờ bắt đầu thực tế
Actual End Time,Giờ kết thúc thực tế
Updated via 'Time Log',"Cập nhật qua ""Nhật ký thời gian"""
Actual Operation Time,Thời gian thực tế của quy trình
in Minutes\nUpdated via 'Time Log',Tính bằng phút (cập nhật qua Nhật ký thời gian)
(Hour Rate / 60) * Actual Operation Time,(Đơn giá giờ / 60) * Thời gian thực tế
Workstation Name,Tên trạm làm việc
Production Capacity,Năng suất sản xuất
Operating Costs,Chi phí vận hành
Electricity Cost,Chi phí điện năng
per hour,Theo giờ
Consumable Cost,Chi phí vật tư tiêu hao
Rent Cost,Chi phí thuê mặt bằng
Wages,Lương
Wages per hour,Lương theo giờ
Net Hour Rate,Giá giờ ròng
Workstation Working Hour,Giờ làm việc trạm
Certification Application,Đăng ký chứng nhận
Name of Applicant,Tên người nộp đơn
Certification Status,Trạng thái chứng nhận
Yet to appear,Chưa thi
Certified,Đã được chứng nhận
Not Certified,Chưa đạt
USD,USD
INR,INR
Certified Consultant,Tư vấn viên được chứng nhận
Name of Consultant,Tên tư vấn viên
Certification Validity,Hiệu lực chứng nhận
Discuss ID,ID Discuss
GitHub ID,ID GitHub
Non Profit Manager,Quản lý tổ chức phi lợi nhuận
Chapter Head,Trưởng chi hội
Meetup Embed HTML,Mã nhúng Meetup HTML
chapters/chapter_name\nleave blank automatically set after saving chapter.,"chapters/chapter_name – để trống, hệ thống sẽ tự động đặt sau khi lưu chi hội"
Chapter Members,Thành viên chi hội
Members,Thành viên
Chapter Member,Thành viên chương trình
Website URL,URL website
Leave Reason,Lý do nghỉ
Donor Name,Tên nhà tài trợ
Donor Type,Loại nhà tài trợ
Withdrawn,Đã rút
Grant Application Details ,Chi tiết hồ sơ tài trợ
Grant Description,Mô tả tài trợ
Requested Amount,Số tiền đề nghị
Has any past Grant Record,Có hồ sơ tài trợ trước đây không
Show on Website,Hiển thị trên website
Assessment  Mark (Out of 10),Điểm đánh giá (trên 10)
Assessment  Manager,Người quản lý đánh giá
Email Notification Sent,Đã gửi thông báo email
NPO-MEM-.YYYY.-,NPO-MEM-.YYYY.-
Membership Expiry Date,Ngày hết hạn hội viên
Razorpay Details,Chi tiết Razorpay
Subscription ID,Mã đăng ký
Customer ID,Mã khách hàng
Subscription Activated,Đăng ký đã kích hoạt
Subscription Start ,Ngày bắt đầu đăng ký
Subscription End,Ngày kết thúc đăng ký
Non Profit Member,Hội viên tổ chức phi lợi nhuận
Membership Status,Trạng thái hội viên
Member Since,Là hội viên từ
Payment ID,Mã thanh toán
Membership Settings,Cài đặt hội viên
Enable RazorPay For Memberships,Bật RazorPay cho hội viên
RazorPay Settings,Cài đặt RazorPay
Billing Cycle,Chu kỳ thanh toán
Billing Frequency,Tần suất thanh toán
"The number of billing cycles for which the customer should be charged. For example, if a customer is buying a 1-year membership that should be billed on a monthly basis, this value should be 12.","Số chu kỳ thanh toán mà khách hàng sẽ bị tính phí. Ví dụ, nếu khách hàng mua gói hội viên 1 năm được tính phí hàng tháng, giá trị này sẽ là 12"
Razorpay Plan ID,Mã gói RazorPay
Volunteer Name,Tên tình nguyện viên
Volunteer Type,Loại tình nguyện viên
Availability and Skills,Khả năng và kỹ năng
Availability,Khả năng tham gia
Weekends,Cuối tuần
Availability Timeslot,Khung giờ khả dụng
Morning,Buổi sáng
Afternoon,Buổi chiều
Evening,Buổi tối
Anytime,Bất kỳ lúc nào
Volunteer Skills,Kỹ năng tình nguyện
Volunteer Skill,Kỹ năng tình nguyện
Homepage,Trang chủ
Hero Section Based On,Mục Hero dựa trên
Homepage Section,Mục trang chủ
Hero Section,Mục Hero
Tag Line,Khẩu hiệu
Company Tagline for website homepage,Khẩu hiệu công ty trên trang chủ website
Company Description for website homepage,Mô tả công ty trên trang chủ website
Homepage Slideshow,Trình chiếu trang chủ
"URL for ""All Products""",URL cho “Tất cả sản phẩm”
Products to be shown on website homepage,Sản phẩm hiển thị trên trang chủ website
Homepage Featured Product,Sản phẩm nổi bật trên trang chủ
Section Based On,Mục dựa trên
Section Cards,Thẻ mục
Number of Columns,Số cột
Number of columns for this section. 3 cards will be shown per row if you select 3 columns.,"Số cột cho mục này. Nếu chọn 3 cột, mỗi hàng sẽ hiển thị 3 thẻ."
Section HTML,HTML của mục
Use this field to render any custom HTML in the section.,Sử dụng trường này để hiển thị HTML tùy chỉnh trong mục.
Section Order,Thứ tự mục
"Order in which sections should appear. 0 is first, 1 is second and so on.","Thứ tự hiển thị của các mục. 0 là đầu tiên, 1 là thứ hai, và tiếp theo."
Homepage Section Card,Thẻ mục trang chủ
Subtitle,Tiêu đề phụ
Products Settings,Cấu hình sản phẩm
Home Page is Products,Trang chủ là trang sản phẩm
"If checked, the Home page will be the default Item Group for the website","Nếu được chọn, trang chủ sẽ là nhóm mặt hàng mặc định cho website"
Show Availability Status,Hiển thị trạng thái khả dụng
Product Page,Trang sản phẩm
Products per Page,Số sản phẩm mỗi trang
Enable Field Filters,Bật bộ lọc theo trường
Item Fields,Các trường mặt hàng
Enable Attribute Filters,Bật bộ lọc theo thuộc tính
Attributes,Thuộc tính
Hide Variants,Ẩn biến thể
Website Attribute,Thuộc tính website
Attribute,Thuộc tính
Website Filter Field,Trường lọc website
Activity Cost,Chi phí hoạt động
Billing Rate,Đơn giá thanh toán
Costing Rate,Đơn giá chi phí
Projects User,Người dùng dự án
Default Costing Rate,Đơn giá chi phí mặc định
Default Billing Rate,Đơn giá thanh toán mặc định
Dependent Task,Công việc phụ thuộc
Project Type,Loại dự án
% Complete Method,Phương pháp tính phần trăm hoàn thành
Task Completion,Hoàn thành công việc
Task Progress,Tiến độ công việc
% Completed,Phần trăm hoàn thành
From Template,Từ mẫu
Project will be accessible on the website to these users,Dự án sẽ được truy cập trên website đối với các người dùng này
Copied From,Sao chép từ
Start and End Dates,Ngày bắt đầu và kết thúc
Actual Time in Hours (via Timesheet),Thời gian thực tế theo giờ (qua bảng chấm công)
Costing and Billing,Chi phí và thanh toán
Total Costing Amount (via Timesheet),Tổng chi phí theo bảng chấm công
Total Expense Claim (via Expense Claim),Tổng chi phí hoàn ứng
Total Purchase Cost (via Purchase Invoice),Tổng chi phí mua hàng
Total Sales Amount (via Sales Order),Tổng doanh thu bán hàng
Total Billable Amount (via Timesheet),Tổng giá trị có thể thanh toán
Total Billed Amount (via Sales Invoice),Tổng giá trị đã xuất hóa đơn
Total Consumed Material Cost (via Stock Entry),Tổng chi phí vật tư đã tiêu hao
Gross Margin,Lợi nhuận gộp
Gross Margin %,Tỷ lệ lợi nhuận gộp (%)
Monitor Progress,Theo dõi tiến độ
Collect Progress,Thu thập tiến độ
Frequency To Collect Progress,Tần suất thu thập tiến độ
Twice Daily,Hai lần mỗi ngày
First Email,Email thứ nhất
Second Email,Email thứ hai
Time to send,Thời gian gửi
Day to Send,Ngày gửi
Message will be sent to the users to get their status on the Project,Tin nhắn sẽ được gửi cho người dùng để lấy trạng thái của họ trên dự án
Projects Manager,Quản lý dự án
Project Template,Mẫu dự án
Project Template Task,Công việc mẫu dự án
Begin On (Days),Bắt đầu sau (ngày)
Duration (Days),Thời lượng (ngày)
Project Update,Cập nhật dự án
Project User,Người dùng dự án
View attachments,Xem tệp đính kèm
Projects Settings,Thiết lập dự án
Ignore Workstation Time Overlap,Bỏ qua chồng chéo thời gian trạm làm việc
Ignore User Time Overlap,Bỏ qua chồng chéo thời gian người dùng
Ignore Employee Time Overlap,Bỏ qua chồng chéo thời gian nhân viên
Weight,Trọng số
Parent Task,Công việc cha
Timeline,Dòng thời gian
Expected Time (in hours),Thời gian dự kiến (giờ)
% Progress,Phần trăm tiến độ
Is Milestone,Là cột mốc
Task Description,Mô tả công việc
Dependencies,Phụ thuộc
Dependent Tasks,Các công việc phụ thuộc
Depends on Tasks,Phụ thuộc vào công việc
Actual Start Date (via Timesheet),Ngày bắt đầu thực tế (qua bảng chấm công)
Actual End Date (via Timesheet),Ngày kết thúc thực tế (qua bảng chấm công)
Review Date,Ngày đánh giá
Closing Date,Ngày đóng
Task Depends On,Công việc phụ thuộc vào
Task Type,Loại công việc
TS-.YYYY.-,TS-.YYYY.-
Employee Detail,Chi tiết nhân viên
Billing Details,Chi tiết thanh toán
Total Billable Hours,Tổng số giờ có thể thanh toán
Total Billed Hours,Tổng số giờ đã thanh toán
Total Costing Amount,Tổng số tiền chi phí
Total Billable Amount,Tổng số tiền có thể thanh toán
Total Billed Amount,Tổng số tiền đã thanh toán
% Amount Billed,Phần trăm giá trị đã thanh toán
Hrs,Giờ
Costing Amount,Số tiền chi phí
Corrective/Preventive,Khắc phục / Phòng ngừa
Corrective,Khắc phục
Preventive,Phòng ngừa
Resolution,Giải pháp
Resolutions,Các giải pháp
Quality Action Resolution,Giải pháp hành động chất lượng
Quality Feedback Parameter,Tham số phản hồi chất lượng
Quality Feedback Template Parameter,Tham số mẫu phản hồi chất lượng
Quality Goal,Mục tiêu chất lượng
Monitoring Frequency,Tần suất giám sát
Weekday,Ngày trong tuần
Objectives,Mục tiêu
Quality Goal Objective,Mục tiêu mục tiêu chất lượng
Objective,Mục tiêu
Agenda,Chương trình làm việc
Minutes,Biên bản
Quality Meeting Agenda,Chương trình họp chất lượng
Quality Meeting Minutes,Biên bản họp chất lượng
Minute,Biên bản
Parent Procedure,Quy trình cha
Processes,Các quy trình
Quality Procedure Process,Quy trình thủ tục chất lượng
Process Description,Mô tả quy trình
Link existing Quality Procedure.,Liên kết thủ tục chất lượng hiện có
Additional Information,Thông tin bổ sung
Quality Review Objective,Mục tiêu đánh giá chất lượng
DATEV Settings,Thiết lập DATEV
Regional,Khu vực
Consultant ID,Mã tư vấn
GST HSN Code,Mã HSN GST
HSN Code,Mã HSN
GST Settings,Thiết lập GST
GST Summary,Tổng hợp GST
GSTIN Email Sent On,Thời điểm gửi email GSTIN
GST Accounts,Tài khoản GST
B2C Limit,Giới hạn B2C
Set Invoice Value for B2C. B2CL and B2CS calculated based on this invoice value.,Thiết lập giá trị hóa đơn cho B2C. B2CL và B2CS được tính dựa trên giá trị hóa đơn này
GSTR 3B Report,Báo cáo GSTR 3B
January,Tháng Một
February,Tháng Hai
March,Tháng Ba
April,Tháng Tư
August,Tháng Tám
September,Tháng Chín
October,Tháng Mười
November,Tháng Mười Một
December,Tháng Mười Hai
JSON Output,Kết quả xuất JSON
Invoices with no Place Of Supply,Hóa đơn không có địa điểm cung ứng
Import Supplier Invoice,Nhập hóa đơn nhà cung cấp
Invoice Series,Chuỗi hóa đơn
Upload XML Invoices,Tải lên hóa đơn XML
Zip File,Tệp Zip
Import Invoices,Nhập hóa đơn
Click on Import Invoices button once the zip file has been attached to the document. Any errors related to processing will be shown in the Error Log.,Nhấn nút Nhập hóa đơn sau khi tệp zip được đính kèm vào tài liệu. Mọi lỗi liên quan đến xử lý sẽ được hiển thị trong Nhật ký lỗi
Lower Deduction Certificate,Giấy chứng nhận khấu trừ thấp
Certificate Details,Chi tiết giấy chứng nhận
194A,194A
194C,194C
194D,194D
194H,194H
194I,194I
194J,194J
194LA,194LA
194LBB,194LBB
194LBC,194LBC
Certificate No,Số giấy chứng nhận
Deductee Details,Chi tiết bên bị khấu trừ
PAN No,Mã số PAN
Validity Details,Chi tiết hiệu lực
Rate Of TDS As Per Certificate,Tỷ lệ TDS theo giấy chứng nhận
Certificate Limit,Giới hạn giấy chứng nhận
Invoice Series Prefix,Tiền tố chuỗi hóa đơn
Active Menu,Menu đang hoạt động
Restaurant Menu,Thực đơn nhà hàng
Price List (Auto created),Bảng giá (tự động tạo)
Restaurant Manager,Quản lý nhà hàng
Restaurant Menu Item,Món trong thực đơn nhà hàng
Restaurant Order Entry,Nhập đơn hàng nhà hàng
Restaurant Table,Bàn nhà hàng
Click Enter To Add,Nhấn Enter để thêm
Last Sales Invoice,Hóa đơn bán hàng gần nhất
Current Order,Đơn hàng hiện tại
Restaurant Order Entry Item,Mục nhập đơn hàng nhà hàng
Served,Đã phục vụ
Restaurant Reservation,Đặt chỗ nhà hàng
Waitlisted,Danh sách chờ
No Show,Không đến
No of People,Số lượng người
Reservation Time,Thời gian đặt chỗ
Reservation End Time,Thời gian kết thúc đặt chỗ
No of Seats,Số ghế
Minimum Seating,Số ghế tối thiểu
"Keep Track of Sales Campaigns. Keep track of Leads, Quotations, Sales Order etc from Campaigns to gauge Return on Investment. ","Theo dõi các chiến dịch bán hàng. Theo dõi Khách tiềm năng, Báo giá, Đơn bán hàng… từ các chiến dịch để đánh giá hiệu quả đầu tư"
SAL-CAM-.YYYY.-,SAL-CAM-.YYYY.-
Campaign Schedules,Lịch trình chiến dịch
Buyer of Goods and Services.,Người mua hàng hóa và dịch vụ
CUST-.YYYY.-,CUST-.YYYY.-
Default Company Bank Account,Tài khoản ngân hàng mặc định của công ty
From Lead,Từ khách  hàng tiềm năng
Account Manager,Quản lý tài khoản
Allow Sales Invoice Creation Without Sales Order,Cho phép tạo hóa đơn bán hàng không cần đơn bán
Allow Sales Invoice Creation Without Delivery Note,Cho phép tạo hóa đơn bán hàng không cần phiếu giao hàng
Default Price List,Bảng giá mặc định
Primary Address and Contact Detail,Địa chỉ và thông tin liên hệ chính
"Select, to make the customer searchable with these fields",Chọn để có thể tìm kiếm khách hàng theo các trường này
Customer Primary Contact,Liên hệ chính của khách hàng
"Reselect, if the chosen contact is edited after save",Chọn lại nếu liên hệ đã chọn được chỉnh sửa sau khi lưu
Customer Primary Address,Địa chỉ chính của khách hàng
"Reselect, if the chosen address is edited after save",Chọn lại nếu địa chỉ đã chọn được chỉnh sửa sau khi lưu
Primary Address,Địa chỉ chính
Mention if non-standard receivable account,Đánh dấu nếu là tài khoản phải thu không tiêu chuẩn
Credit Limit and Payment Terms,Hạn mức tín dụng và điều khoản thanh toán
Additional information regarding the customer.,Thông tin bổ sung về khách hàng
Sales Partner and Commission,Đối tác bán hàng và hoa hồng
Commission Rate,Tỷ lệ hoa hồng
Sales Team Details,Chi tiết đội ngũ bán hàng
Customer POS id,Mã POS của khách hàng
Customer Credit Limit,Hạn mức tín dụng của khách hàng
Bypass Credit Limit Check at Sales Order,Bỏ qua kiểm tra hạn mức tín dụng khi tạo đơn bán hàng
Industry Type,Loại ngành nghề
MAT-INS-.YYYY.-,MAT-INS-.YYYY.-
Installation Date,Ngày lắp đặt
Installation Time,Thời gian lắp đặt
Installation Note Item,Hạng mục ghi chú lắp đặt
Installed Qty,Số lượng đã lắp đặt
Lead Source,Nguồn khách tiềm năng
Period Start Date,Ngày bắt đầu kỳ
Period End Date,Ngày kết thúc kỳ
Cashier,Thu ngân
Difference,Chênh lệch
Modes of Payment,Phương thức thanh toán
Linked Invoices,Hóa đơn liên kết
POS Closing Voucher Details,Chi tiết chứng từ đóng ca POS
Collected Amount,Số tiền đã thu
Expected Amount,Số tiền dự kiến
POS Closing Voucher Invoices,Hóa đơn trong chứng từ đóng ca POS
Quantity of Items,Số lượng mặt hàng
"Aggregate group of **Items** into another **Item**. This is useful if you are bundling a certain **Items** into a package and you maintain stock of the packed **Items** and not the aggregate **Item**. \n\nThe package **Item** will have ""Is Stock Item"" as ""No"" and ""Is Sales Item"" as ""Yes"".\n\nFor Example: If you are selling Laptops and Backpacks separately and have a special price if the customer buys both, then the Laptop + Backpack will be a new Product Bundle Item.\n\nNote: BOM = Bill of Materials","Gộp nhóm Items thành một Item khác. Dùng khi bạn bán gói các Items và quản lý tồn kho cho hàng đã đóng gói thay vì Item gộp. \n\nItem gói sẽ có ""Is Stock Item"" là ""No"" và ""Is Sales Item"" là ""Yes"".\n\nVí dụ: bán Laptop và Balo riêng lẻ, nhưng có giá đặc biệt khi mua cả hai, thì Laptop + Backpack sẽ là một Product Bundle Item.\n\nLưu ý: BOM = Bill of Materials"
Parent Item,Mặt hàng cha
List items that form the package.,Danh sách các mặt hàng tạo thành gói
SAL-QTN-.YYYY.-,SAL-QTN-.YYYY.-
Quotation To,Báo giá cho
Rate at which customer's currency is converted to company's base currency,Tỷ giá chuyển đổi tiền tệ của khách hàng sang tiền tệ cơ sở của công ty
Rate at which Price list currency is converted to company's base currency,Tỷ giá chuyển đổi tiền tệ của bảng giá sang tiền tệ cơ sở của công ty
Additional Discount and Coupon Code,Giảm giá bổ sung và mã khuyến mãi
Referral Sales Partner,Đối tác bán hàng giới thiệu
In Words will be visible once you save the Quotation.,Bằng chữ sẽ hiển thị sau khi lưu báo giá
Term Details,Chi tiết điều khoản
Quotation Item,Mặt hàng báo giá
Against Doctype,Theo loại chứng từ
Against Docname,Theo tên chứng từ
Additional Notes,Ghi chú bổ sung
SAL-ORD-.YYYY.-,SAL-ORD-.YYYY.-
Skip Delivery Note,Bỏ qua phiếu giao hàng
In Words will be visible once you save the Sales Order.,Bằng chữ sẽ hiển thị sau khi lưu đơn bán hàng
Track this Sales Order against any Project,Theo dõi đơn bán hàng này theo dự án
Billing and Delivery Status,Trạng thái lập hóa đơn và giao hàng
Not Delivered,Chưa giao hàng
Fully Delivered,Đã giao đủ
Partly Delivered,Giao một phần
Not Applicable,Không áp dụng
%  Delivered,Phần trăm đã giao
% of materials delivered against this Sales Order,Tỷ lệ nguyên vật liệu đã giao theo đơn bán hàng này
% of materials billed against this Sales Order,Tỷ lệ nguyên vật liệu đã lập hóa đơn theo đơn bán hàng này
Not Billed,Chưa lập hóa đơn
Fully Billed,Đã lập hóa đơn đủ
Partly Billed,Lập hóa đơn một phần
Ensure Delivery Based on Produced Serial No,Đảm bảo giao hàng dựa trên số serial đã sản xuất
Supplier delivers to Customer,Nhà cung cấp giao hàng cho khách hàng
Delivery Warehouse,Kho giao hàng
Planned Quantity,Số lượng kế hoạch
For Production,Dùng cho sản xuất
Work Order Qty,Số lượng lệnh sản xuất
Produced Quantity,Số lượng đã sản xuất
Used for Production Plan,Sử dụng cho kế hoạch sản xuất
Sales Partner Type,Loại đối tác bán hàng
Contact No.,Số điện thoại liên hệ
Contribution (%),Tỷ lệ đóng góp (%)
Contribution to Net Total,Đóng góp vào tổng giá trị ròng
Selling Settings,Thiết lập bán hàng
Settings for Selling Module,Thiết lập cho phân hệ bán hàng
Customer Naming By,Đặt tên khách hàng theo
Campaign Naming By,Đặt tên chiến dịch theo
Default Customer Group,Nhóm khách hàng mặc định
Default Territory,Khu vực mặc định
Close Opportunity After Days,Đóng cơ hội sau số ngày
Default Quotation Validity Days,Số ngày hiệu lực báo giá mặc định
Sales Update Frequency,Tần suất cập nhật bán hàng
Each Transaction,Mỗi giao dịch
SMS Center,Trung tâm SMS
Send To,Gửi đến
All Contact,Tất cả liên hệ
All Customer Contact,Tất cả liên hệ khách hàng
All Supplier Contact,Tất cả liên hệ nhà cung cấp
All Sales Partner Contact,Tất cả liên hệ đối tác bán hàng
All Lead (Open),Tất cả lead (đang mở)
All Employee (Active),Tất cả nhân viên (đang hoạt động)
All Sales Person,Tất cả nhân viên bán hàng
Create Receiver List,Tạo danh sách người nhận
Receiver List,Danh sách người nhận
Messages greater than 160 characters will be split into multiple messages,Tin nhắn dài hơn 160 ký tự sẽ được tách thành nhiều tin
Total Characters,Tổng số ký tự
Total Message(s),Tổng số tin nhắn
Authorization Control,Kiểm soát phân quyền
Authorization Rule,Quy tắc phân quyền
Average Discount,Chiết khấu trung bình
Customerwise Discount,Chiết khấu theo khách hàng
Itemwise Discount,Chiết khấu theo mặt hàng
Customer or Item,Khách hàng hoặc mặt hàng
Customer / Item Name,Tên khách hàng / mặt hàng
Authorized Value,Giá trị được phê duyệt
Applicable To (Role),Áp dụng cho (vai trò)
Applicable To (Employee),Áp dụng cho (nhân viên)
Applicable To (User),Áp dụng cho (người dùng)
Applicable To (Designation),Áp dụng cho (chức danh)
Approving Role (above authorized value),Vai trò phê duyệt (vượt giá trị được phép)
Approving User  (above authorized value),Người phê duyệt (vượt giá trị được phép)
Brand Defaults,Thiết lập thương hiệu mặc định
Legal Entity / Subsidiary with a separate Chart of Accounts belonging to the Organization.,Pháp nhân / công ty con với hệ thống tài khoản riêng thuộc tổ chức
Change Abbreviation,Thay đổi viết tắt
Parent Company,Công ty mẹ
Default Values,Giá trị mặc định
Default Holiday List,Danh sách ngày nghỉ mặc định
Default Selling Terms,Điều khoản bán hàng mặc định
Default Buying Terms,Điều khoản mua hàng mặc định
Create Chart Of Accounts Based On,Tạo hệ thống tài khoản dựa trên
Standard Template,Mẫu tiêu chuẩn
Existing Company,Công ty hiện có
Chart Of Accounts Template,Mẫu hệ thống tài khoản
Existing Company ,Công ty hiện có
Date of Establishment,Ngày thành lập
Sales Settings,Thiết lập bán hàng
Monthly Sales Target,Mục tiêu bán hàng hàng tháng
Sales Monthly History,Lịch sử bán hàng theo tháng
Transactions Annual History,Lịch sử giao dịch theo năm
Total Monthly Sales,Tổng doanh số hàng tháng
Default Cash Account,Tài khoản tiền mặt mặc định
Default Receivable Account,Tài khoản phải thu mặc định
Round Off Cost Center,Trung tâm chi phí làm tròn
Discount Allowed Account,Tài khoản chiết khấu được phép
Discount Received Account,Tài khoản chiết khấu nhận được
Exchange Gain / Loss Account,Tài khoản lãi/lỗ chênh lệch tỷ giá
Unrealized Exchange Gain/Loss Account,Tài khoản lãi/lỗ chênh lệch tỷ giá chưa thực hiện
Allow Account Creation Against Child Company,Cho phép tạo tài khoản theo công ty con
Default Payable Account,Tài khoản phải trả mặc định
Default Employee Advance Account,Tài khoản tạm ứng nhân viên mặc định
Default Cost of Goods Sold Account,Tài khoản giá vốn hàng bán mặc định
Default Income Account,Tài khoản doanh thu mặc định
Default Deferred Revenue Account,Tài khoản doanh thu hoãn lại mặc định
Default Deferred Expense Account,Tài khoản chi phí hoãn lại mặc định
Default Payroll Payable Account,Tài khoản phải trả lương mặc định
Default Expense Claim Payable Account,Tài khoản phải trả hoàn ứng mặc định
Stock Settings,Thiết lập kho
Enable Perpetual Inventory,Bật quản lý tồn kho liên tục
Default Inventory Account,Tài khoản tồn kho mặc định
Stock Adjustment Account,Tài khoản điều chỉnh tồn kho
Fixed Asset Depreciation Settings,Thiết lập khấu hao tài sản cố định
Series for Asset Depreciation Entry (Journal Entry),Chuỗi số cho bút toán khấu hao tài sản
Gain/Loss Account on Asset Disposal,Tài khoản lãi/lỗ khi thanh lý tài sản
Asset Depreciation Cost Center,Trung tâm chi phí khấu hao tài sản
Budget Detail,Chi tiết ngân sách
Exception Budget Approver Role,Vai trò phê duyệt ngân sách ngoại lệ
Company Info,Thông tin công ty
For reference only.,Chỉ dùng để tham khảo
Company Logo,Logo công ty
Date of Incorporation,Ngày đăng ký thành lập
Date of Commencement,Ngày bắt đầu hoạt động
Phone No,Số điện thoại
Company Description,Mô tả công ty
Registration Details,Chi tiết đăng ký
Company registration numbers for your reference. Tax numbers etc.,"Số đăng ký doanh nghiệp để bạn tham khảo. Mã số thuế, v.v."
Delete Company Transactions,Xóa các giao dịch của công ty
Currency Exchange,Chuyển đổi tiền tệ
Specify Exchange Rate to convert one currency into another,Chỉ định tỷ giá để chuyển đổi từ loại tiền này sang loại tiền khác
From Currency,Từ loại tiền
To Currency,Sang loại tiền
For Buying,Dùng cho mua vào
For Selling,Dùng cho bán ra
Customer Group Name,Tên nhóm khách hàng
Parent Customer Group,Nhóm khách hàng cha
Only leaf nodes are allowed in transaction,Chỉ cho phép các nút lá trong giao dịch
Mention if non-standard receivable account applicable,Ghi chú nếu áp dụng tài khoản phải thu không tiêu chuẩn
Credit Limits,Hạn mức tín dụng
Email Digest,Bản tin email
Send regular summary reports via Email.,Gửi báo cáo tổng hợp định kỳ qua email
Email Digest Settings,Cài đặt bản tin email
How frequently?,Tần suất bao lâu?
Next email will be sent on:,Email tiếp theo sẽ được gửi vào:
Note: Email will not be sent to disabled users,Lưu ý: Email sẽ không được gửi cho người dùng bị vô hiệu hóa
Profit & Loss,Lãi & Lỗ
New Income,Thu nhập mới
New Expenses,Chi phí mới
Annual Income,Thu nhập hàng năm
Annual Expenses,Chi phí hàng năm
Bank Balance,Số dư ngân hàng
Bank Credit Balance,Số dư tín dụng ngân hàng
Receivables,Các khoản phải thu
Payables,Các khoản phải trả
Sales Orders to Bill,Đơn bán hàng cần lập hóa đơn
Purchase Orders to Bill,Đơn mua hàng cần lập hóa đơn
New Sales Orders,Đơn bán hàng mới
New Purchase Orders,Đơn mua hàng mới
Sales Orders to Deliver,Đơn bán hàng cần giao
Purchase Orders to Receive,Đơn mua hàng cần nhận
New Purchase Invoice,Hóa đơn mua hàng mới
New Quotations,Báo giá mới
Open Quotations,Báo giá đang mở
Open Issues,Vấn đề đang mở
Open Projects,Dự án đang mở
Purchase Orders Items Overdue,Hạng mục đơn mua hàng quá hạn
Upcoming Calendar Events,Sự kiện lịch sắp tới
Open To Do,Việc cần làm đang mở
Add Quote,Thêm báo giá
Global Defaults,Thiết lập mặc định toàn cục
Default Company,Công ty mặc định
Current Fiscal Year,Năm tài chính hiện tại
Default Distance Unit,Đơn vị khoảng cách mặc định
Hide Currency Symbol,Ẩn ký hiệu tiền tệ
Do not show any symbol like $ etc next to currencies.,Không hiển thị ký hiệu như $… bên cạnh tiền tệ
"If disable, 'Rounded Total' field will not be visible in any transaction","Nếu tắt, trường “Tổng làm tròn” sẽ không hiển thị trong bất kỳ giao dịch nào"
Disable In Words,Tắt hiển thị bằng chữ
"If disable, 'In Words' field will not be visible in any transaction","Nếu tắt, trường “Bằng chữ” sẽ không hiển thị trong bất kỳ giao dịch nào"
Item Classification,Phân loại mặt hàng
General Settings,Cài đặt chung
Item Group Name,Tên nhóm mặt hàng
Parent Item Group,Nhóm mặt hàng cha
Item Group Defaults,Giá trị mặc định của nhóm mặt hàng
Item Tax,Thuế mặt hàng
Check this if you want to show in website,Chọn nếu bạn muốn hiển thị trên website
Show this slideshow at the top of the page,Hiển thị trình chiếu này ở đầu trang
HTML / Banner that will show on the top of product list.,HTML / Banner sẽ hiển thị ở đầu danh sách sản phẩm
Set prefix for numbering series on your transactions,Đặt tiền tố cho chuỗi đánh số trong các giao dịch
Setup Series,Thiết lập chuỗi
Update Series,Cập nhật chuỗi
Change the starting / current sequence number of an existing series.,Thay đổi số bắt đầu / số hiện tại của một chuỗi đã tồn tại
Quotation Lost Reason,Lý do mất báo giá
A third party distributor / dealer / commission agent / affiliate / reseller who sells the companies products for a commission.,Nhà phân phối / đại lý / cộng tác viên / người bán lại bên thứ ba bán sản phẩm của công ty để hưởng hoa hồng
Sales Partner Name,Tên đối tác bán hàng
Partner Type,Loại đối tác
Address & Contacts,Địa chỉ & liên hệ
Address Desc,Mô tả địa chỉ
Contact Desc,Mô tả liên hệ
Sales Partner Target,Chỉ tiêu đối tác bán hàng
Targets,Chỉ tiêu
Referral Code,Mã giới thiệu
To Track inbound purchase,Để theo dõi mua hàng đầu vào
Logo,Logo
Partner website,Website đối tác
All Sales Transactions can be tagged against multiple **Sales Persons** so that you can set and monitor targets.,Tất cả giao dịch bán hàng có thể gắn với nhiều nhân viên bán hàng để bạn có thể thiết lập và theo dõi chỉ tiêu
Name and Employee ID,Tên và mã nhân viên
Sales Person Name,Tên nhân viên bán hàng
Parent Sales Person,Nhân viên bán hàng cha
Select company name first.,Chọn tên công ty trước
Sales Person Targets,Chỉ tiêu nhân viên bán hàng
Set targets Item Group-wise for this Sales Person.,Thiết lập chỉ tiêu theo nhóm mặt hàng cho nhân viên bán hàng này
Supplier Group Name,Tên nhóm nhà cung cấp
Parent Supplier Group,Nhóm nhà cung cấp cha
Target Detail,Chi tiết chỉ tiêu
Target Qty,Số lượng chỉ tiêu
Target  Amount,Giá trị chỉ tiêu
Target Distribution,Phân bổ chỉ tiêu
"Standard Terms and Conditions that can be added to Sales and Purchases.\n\nExamples:\n\n1. Validity of the offer.\n1. Payment Terms (In Advance, On Credit, part advance etc).\n1. What is extra (or payable by the Customer).\n1. Safety / usage warning.\n1. Warranty if any.\n1. Returns Policy.\n1. Terms of shipping, if applicable.\n1. Ways of addressing disputes, indemnity, liability, etc.\n1. Address and Contact of your Company.",Điều khoản và điều kiện tiêu chuẩn có thể thêm vào bán hàng và mua hàng
Applicable Modules,Các mô-đun áp dụng
Terms and Conditions Help,Trợ giúp điều khoản và điều kiện
Classification of Customers by region,Phân loại khách hàng theo khu vực
Territory Name,Tên khu vực
Parent Territory,Khu vực cha
Territory Manager,Quản lý khu vực
For reference,Chỉ để tham khảo
Territory Targets,Chỉ tiêu khu vực
Set Item Group-wise budgets on this Territory. You can also include seasonality by setting the Distribution.,Thiết lập ngân sách theo nhóm mặt hàng cho khu vực này. Bạn cũng có thể bao gồm yếu tố mùa vụ bằng cách thiết lập phân bổ
UOM Name,Tên đơn vị tính
Check this to disallow fractions. (for Nos),Chọn để không cho phép số lẻ (đối với đơn vị chiếc)
Website Item Group,Nhóm mặt hàng trên website
Cross Listing of Item in multiple groups,Liên kết chéo mặt hàng trong nhiều nhóm
Default settings for Shopping Cart,Thiết lập mặc định cho giỏ hàng
Enable Shopping Cart,Bật giỏ hàng
Display Settings,Cài đặt hiển thị
Show Public Attachments,Hiển thị tệp đính kèm công khai
Show Price,Hiển thị giá
Show Stock Availability,Hiển thị tình trạng tồn kho
Show Contact Us Button,Hiển thị nút Liên hệ
Show Stock Quantity,Hiển thị số lượng tồn kho
Show Apply Coupon Code,Hiển thị áp dụng mã giảm giá
Allow items not in stock to be added to cart,Cho phép thêm mặt hàng không còn tồn kho vào giỏ
Prices will not be shown if Price List is not set,Giá sẽ không hiển thị nếu chưa thiết lập bảng giá
Quotation Series,Chuỗi báo giá
Checkout Settings,Cài đặt thanh toán
Enable Checkout,Bật thanh toán
Payment Success Url,URL thanh toán thành công
After payment completion redirect user to selected page.,"Sau khi thanh toán xong, chuyển hướng người dùng đến trang đã chọn"
Batch Details,Chi tiết lô
Batch ID,Mã lô
Parent Batch,Lô cha
Manufacturing Date,Ngày sản xuất
Batch Quantity,Số lượng lô
Batch UOM,Đơn vị tính của lô
Source Document Type,Loại chứng từ nguồn
Source Document Name,Tên chứng từ nguồn
Batch Description,Mô tả lô
Bin,Thùng chứa
Reserved Quantity,Số lượng đã giữ chỗ
Actual Quantity,Số lượng thực tế
Requested Quantity,Số lượng yêu cầu
Reserved Qty for sub contract,Số lượng giữ chỗ cho gia công
Moving Average Rate,Giá trung bình động
FCFS Rate,Giá nhập trước xuất trước
Customs Tariff Number,Mã biểu thuế hải quan
Tariff Number,Mã thuế quan
Delivery To,Giao đến
MAT-DN-.YYYY.-,MAT-DN-.YYYY.-
Is Return,Là hàng trả lại
Issue Credit Note,Phát hành hóa đơn điều chỉnh
Return Against Delivery Note,Trả lại theo phiếu giao hàng
Customer's Purchase Order No,Số đơn mua hàng của khách
Billing Address Name,Tên địa chỉ thanh toán
Required only for sample item.,Chỉ yêu cầu đối với mặt hàng mẫu
"If you have created a standard template in Sales Taxes and Charges Template, select one and click on the button below.","Nếu bạn đã tạo mẫu tiêu chuẩn trong Mẫu Thuế và Phí Bán hàng, hãy chọn một mẫu và nhấp vào nút bên dưới."
In Words will be visible once you save the Delivery Note.,Bằng chữ sẽ hiển thị sau khi bạn lưu Phiếu giao hàng.
In Words (Export) will be visible once you save the Delivery Note.,Bằng chữ (Xuất khẩu) sẽ hiển thị sau khi bạn lưu Phiếu giao hàng.
Transporter Info,Thông tin đơn vị vận chuyển
Driver Name,Tên tài xế
Track this Delivery Note against any Project,Theo dõi Phiếu giao hàng này theo Dự án
Inter Company Reference,Tham chiếu liên công ty
Print Without Amount,In không hiển thị số tiền
% Installed,% đã lắp đặt
% of materials delivered against this Delivery Note,% vật tư đã giao theo Phiếu giao hàng này
Installation Status,Trạng thái lắp đặt
Excise Page Number,Số trang thuế tiêu thụ đặc biệt
Instructions,Hướng dẫn
From Warehouse,Từ kho
Against Sales Order,Theo Đơn bán hàng
Against Sales Order Item,Theo Mục Đơn bán hàng
Against Sales Invoice,Theo Hóa đơn bán hàng
Against Sales Invoice Item,Theo Mục Hóa đơn bán hàng
Available Batch Qty at From Warehouse,Số lượng lô khả dụng tại kho nguồn
Available Qty at From Warehouse,Số lượng khả dụng tại kho nguồn
Delivery Settings,Thiết lập giao hàng
Dispatch Settings,Thiết lập điều phối
Dispatch Notification Template,Mẫu thông báo điều phối
Dispatch Notification Attachment,Tệp đính kèm thông báo điều phối
Leave blank to use the standard Delivery Note format,Để trống để dùng định dạng Phiếu giao hàng tiêu chuẩn
Send with Attachment,Gửi kèm tệp đính kèm
Delay between Delivery Stops,Độ trễ giữa các điểm giao hàng
Delivery Stop,Điểm giao hàng
Lock,Khóa
Visited,Đã ghé thăm
Order Information,Thông tin đơn hàng
Contact Information,Thông tin liên hệ
Email sent to,Email gửi đến
Dispatch Information,Thông tin điều phối
Estimated Arrival,Thời gian đến dự kiến
MAT-DT-.YYYY.-,MAT-DT-.YYYY.-
Initial Email Notification Sent,Đã gửi thông báo email ban đầu
Delivery Details,Chi tiết giao hàng
Driver Email,Email tài xế
Driver Address,Địa chỉ tài xế
Total Estimated Distance,Tổng khoảng cách ước tính
Distance UOM,Đơn vị đo khoảng cách
Departure Time,Thời gian xuất phát
Delivery Stops,Các điểm giao hàng
Calculate Estimated Arrival Times,Tính toán thời gian đến dự kiến
Use Google Maps Direction API to calculate estimated arrival times,Sử dụng Google Maps Direction API để tính thời gian đến dự kiến
Optimize Route,Tối ưu hóa tuyến đường
Use Google Maps Direction API to optimize route,Sử dụng Google Maps Direction API để tối ưu tuyến đường
In Transit,Đang vận chuyển
Fulfillment User,Người phụ trách hoàn tất
"A Product or a Service that is bought, sold or kept in stock.","Một sản phẩm hoặc dịch vụ được mua, bán hoặc lưu kho."
STO-ITEM-.YYYY.-,STO-ITEM-.YYYY.-
"If item is a variant of another item then description, image, pricing, taxes etc will be set from the template unless explicitly specified","Nếu mặt hàng là biến thể của mặt hàng khác thì mô tả, hình ảnh, giá, thuế… sẽ lấy từ mẫu trừ khi được chỉ định khác"
Is Item from Hub,Là mặt hàng từ Hub
Default Unit of Measure,Đơn vị tính mặc định
Maintain Stock,Quản lý tồn kho
Standard Selling Rate,Giá bán tiêu chuẩn
Auto Create Assets on Purchase,Tự động tạo tài sản khi mua
Asset Naming Series,Chuỗi đặt tên tài sản
Over Delivery/Receipt Allowance (%),Cho phép giao/nhận vượt (% )
Barcodes,Mã vạch
Shelf Life In Days,Hạn sử dụng (ngày)
End of Life,Ngày kết thúc vòng đời
Default Material Request Type,Loại yêu cầu vật tư mặc định
Valuation Method,Phương pháp định giá
FIFO,Nhập trước – Xuất trước
Moving Average,Bình quân di động
Warranty Period (in days),Thời hạn bảo hành (ngày)
Auto re-order,Tự động đặt hàng lại
Reorder level based on Warehouse,Mức đặt hàng lại theo kho
Will also apply for variants unless overrridden,Áp dụng cho cả biến thể nếu không ghi đè
Units of Measure,Đơn vị tính
Will also apply for variants,Áp dụng cho cả biến thể
Serial Nos and Batches,Số sê-ri và lô
Has Batch No,Có số lô
Automatically Create New Batch,Tự động tạo lô mới
Batch Number Series,Chuỗi số lô
"Example: ABCD.#####. If series is set and Batch No is not mentioned in transactions, then automatic batch number will be created based on this series. If you always want to explicitly mention Batch No for this item, leave this blank. Note: this setting will take priority over the Naming Series Prefix in Stock Settings.",Ví dụ: ABCD.#####. Nếu đã thiết lập chuỗi và không nhập số lô trong giao dịch thì hệ thống sẽ tự tạo số lô theo chuỗi này. Nếu luôn muốn nhập thủ công số lô thì để trống. Thiết lập này sẽ ưu tiên hơn tiền tố chuỗi đặt tên trong Thiết lập kho.
Has Expiry Date,Có ngày hết hạn
Retain Sample,Giữ lại mẫu
Max Sample Quantity,Số lượng mẫu tối đa
Maximum sample quantity that can be retained,Số lượng mẫu tối đa có thể giữ lại
Has Serial No,Có số sê-ri
Serial Number Series,Chuỗi số sê-ri
"Example: ABCD.#####\nIf series is set and Serial No is not mentioned in transactions, then automatic serial number will be created based on this series. If you always want to explicitly mention Serial Nos for this item. leave this blank.",Ví dụ: ABCD.#####. Nếu đã thiết lập chuỗi và không nhập số sê-ri trong giao dịch thì hệ thống sẽ tự tạo số sê-ri. Nếu luôn muốn nhập thủ công thì để trống.
Variants,Biến thể
Has Variants,Có biến thể
"If this item has variants, then it cannot be selected in sales orders etc.",Nếu mặt hàng có biến thể thì không thể chọn trực tiếp trong đơn bán hàng…
Variant Based On,Biến thể dựa trên
Item Attribute,Thuộc tính mặt hàng
"Sales, Purchase, Accounting Defaults","Mặc định bán hàng, mua hàng, kế toán"
Item Defaults,Mặc định mặt hàng
"Purchase, Replenishment Details","Chi tiết mua hàng, bổ sung tồn"
Is Purchase Item,Là mặt hàng mua
Default Purchase Unit of Measure,Đơn vị tính mua mặc định
Minimum Order Qty,Số lượng đặt hàng tối thiểu
Minimum quantity should be as per Stock UOM,Số lượng tối thiểu phải theo ĐVT tồn kho
Average time taken by the supplier to deliver,Thời gian trung bình nhà cung cấp giao hàng
Is Customer Provided Item,Là mặt hàng do khách cung cấp
Delivered by Supplier (Drop Ship),Nhà cung cấp giao trực tiếp (Drop Ship)
Supplier Items,Mặt hàng của nhà cung cấp
Foreign Trade Details,Chi tiết ngoại thương
Country of Origin,Quốc gia xuất xứ
Sales Details,Chi tiết bán hàng
Default Sales Unit of Measure,Đơn vị tính bán mặc định
Is Sales Item,Là mặt hàng bán
Max Discount (%),Chiết khấu tối đa (%)
No of Months,Số tháng
Customer Items,Mặt hàng của khách hàng
Inspection Criteria,Tiêu chí kiểm tra
Inspection Required before Purchase,Yêu cầu kiểm tra trước khi mua
Inspection Required before Delivery,Yêu cầu kiểm tra trước khi giao
Default BOM,Định mức BOM mặc định
Supply Raw Materials for Purchase,Cung cấp nguyên vật liệu để mua
If subcontracted to a vendor,Nếu thuê gia công cho nhà cung cấp
Customer Code,Mã khách hàng
Default Item Manufacturer,Nhà sản xuất mặc định
Default Manufacturer Part No,Mã linh kiện nhà sản xuất mặc định
Show in Website (Variant),Hiển thị trên website (biến thể)
Items with higher weightage will be shown higher,Mặt hàng có trọng số cao hơn sẽ hiển thị cao hơn
Show a slideshow at the top of the page,Hiển thị trình chiếu ở đầu trang
Website Image,Hình ảnh website
Website Warehouse,Kho website
"Show ""In Stock"" or ""Not in Stock"" based on stock available in this warehouse.",Hiển thị “Còn hàng” hoặc “Hết hàng” dựa trên tồn kho tại kho này
Website Item Groups,Nhóm mặt hàng website
List this Item in multiple groups on the website.,Liệt kê mặt hàng trong nhiều nhóm trên website
Copy From Item Group,Sao chép từ Nhóm mặt hàng
Website Content,Nội dung website
You can use any valid Bootstrap 4 markup in this field. It will be shown on your Item Page.,Bạn có thể dùng bất kỳ mã Bootstrap 4 hợp lệ nào. Nội dung sẽ hiển thị trên trang mặt hàng.
Total Projected Qty,Tổng số lượng dự kiến
Hub Publishing Details,Chi tiết xuất bản Hub
Publish in Hub,Xuất bản lên Hub
Publish Item to hub.erpnext.com,Xuất bản mặt hàng lên hub.erpnext.com
Hub Category to Publish,Danh mục Hub để xuất bản
Hub Warehouse,Kho Hub
"Publish ""In Stock"" or ""Not in Stock"" on Hub based on stock available in this warehouse.",Xuất bản trạng thái tồn kho trên Hub
Synced With Hub,Đã đồng bộ với Hub
Item Alternative,Mặt hàng thay thế
Alternative Item Code,Mã mặt hàng thay thế
Two-way,Hai chiều
Alternative Item Name,Tên mặt hàng thay thế
Attribute Name,Tên thuộc tính
Numeric Values,Giá trị số
From Range,Từ khoảng
Increment,Bước tăng
To Range,Đến khoảng
Item Attribute Values,Giá trị thuộc tính mặt hàng
Item Attribute Value,Giá trị thuộc tính
Attribute Value,Giá trị
Abbreviation,Viết tắt
"This will be appended to the Item Code of the variant. For example, if your abbreviation is ""SM"", and the item code is ""T-SHIRT"", the item code of the variant will be ""T-SHIRT-SM""",Sẽ được thêm vào mã mặt hàng của biến thể. Ví dụ: nếu viết tắt là “SM” và mã là “T-SHIRT” thì biến thể sẽ là “T-SHIRT-SM”
Item Barcode,Mã vạch mặt hàng
Barcode Type,Loại mã vạch
EAN,EAN
UPC-A,UPC-A
Item Customer Detail,Chi tiết mặt hàng theo khách hàng
"For the convenience of customers, these codes can be used in print formats like Invoices and Delivery Notes","Để thuận tiện cho khách hàng, các mã này có thể dùng trong hóa đơn và phiếu giao hàng"
Ref Code,Mã tham chiếu
Item Default,Mặc định mặt hàng
Purchase Defaults,Mặc định mua hàng
Default Buying Cost Center,Trung tâm chi phí mua mặc định
Default Supplier,Nhà cung cấp mặc định
Default Expense Account,Tài khoản chi phí mặc định
Sales Defaults,Mặc định bán hàng
Default Selling Cost Center,Trung tâm chi phí bán mặc định
Item Manufacturer,Nhà sản xuất mặt hàng
Item Price,Giá mặt hàng
Packing Unit,Đơn vị đóng gói
Quantity  that must be bought or sold per UOM,Số lượng phải mua hoặc bán theo ĐVT
Item Quality Inspection Parameter,Tham số kiểm tra chất lượng mặt hàng
Acceptance Criteria,Tiêu chí chấp nhận
Item Reorder,Đặt hàng lại mặt hàng
Check in (group),Kiểm tra theo nhóm
Request for,Yêu cầu cho
Re-order Level,Mức đặt hàng lại
Re-order Qty,Số lượng đặt hàng lại
Item Supplier,Nhà cung cấp mặt hàng
Item Variant,Biến thể mặt hàng
Item Variant Attribute,Thuộc tính biến thể
Do not update variants on save,Không cập nhật biến thể khi lưu
Fields will be copied over only at time of creation.,Các trường chỉ được sao chép tại thời điểm tạo
Allow Rename Attribute Value,Cho phép đổi tên giá trị thuộc tính
Rename Attribute Value in Item Attribute.,Đổi tên giá trị thuộc tính trong Thuộc tính mặt hàng
Copy Fields to Variant,Sao chép trường sang biến thể
Item Website Specification,Thông số website của mặt hàng
Table for Item that will be shown in Web Site,Bảng hiển thị mặt hàng trên website
Landed Cost Item,Mặt hàng chi phí phân bổ
Receipt Document Type,Loại chứng từ nhận
Receipt Document,Chứng từ nhận
Applicable Charges,Các khoản phí áp dụng
Purchase Receipt Item,Mục Phiếu nhập mua
Landed Cost Purchase Receipt,Phiếu nhập mua chi phí phân bổ
Landed Cost Taxes and Charges,Thuế và phí chi phí phân bổ
Landed Cost Voucher,Chứng từ chi phí phân bổ
MAT-LCV-.YYYY.-,MAT-LCV-.YYYY.-
Purchase Receipts,Phiếu nhập mua
Purchase Receipt Items,Mục Phiếu nhập mua
Get Items From Purchase Receipts,Lấy mặt hàng từ Phiếu nhập mua
Distribute Charges Based On,Phân bổ phí dựa trên
Landed Cost Help,Trợ giúp chi phí phân bổ
Manufacturers used in Items,Nhà sản xuất dùng cho mặt hàng
Limited to 12 characters,Giới hạn 12 ký tự
MAT-MR-.YYYY.-,MAT-MR-.YYYY.-
Transferred,Đã chuyển
% Ordered,% đã đặt
Terms and Conditions Content,Nội dung điều khoản và điều kiện
Quantity and Warehouse,Số lượng và kho
Lead Time Date,Ngày thời gian chờ
Min Order Qty,Số lượng đặt tối thiểu
Packed Item,Mặt hàng đóng gói
To Warehouse (Optional),Đến kho (tùy chọn)
Actual Batch Quantity,Số lượng lô thực tế
Prevdoc DocType,Prevdoc DocType
Parent Detail docname,Tên tài liệu chi tiết cha
"Generate packing slips for packages to be delivered. Used to notify package number, package contents and its weight.","Tạo phiếu đóng gói cho các kiện hàng giao. Dùng để thông báo số kiện, nội dung và trọng lượng."
Indicates that the package is a part of this delivery (Only Draft),Cho biết kiện hàng là một phần của lần giao này (chỉ Nháp)
MAT-PAC-.YYYY.-,MAT-PAC-.YYYY.-
From Package No.,Từ số kiện
Identification of the package for the delivery (for print),Định danh kiện hàng để giao (in)
To Package No.,Đến số kiện
If more than one package of the same type (for print),Nếu có nhiều kiện cùng loại (in)
Package Weight Details,Chi tiết trọng lượng kiện
The net weight of this package. (calculated automatically as sum of net weight of items),Trọng lượng tịnh của kiện (tự động tính bằng tổng trọng lượng tịnh các mặt hàng)
Net Weight UOM,Đơn vị trọng lượng tịnh
Gross Weight,Trọng lượng cả bì
The gross weight of the package. Usually net weight + packaging material weight. (for print),Trọng lượng cả bì của kiện (thường = tịnh + bao bì)
Gross Weight UOM,Đơn vị trọng lượng cả bì
Packing Slip Item,Mục phiếu đóng gói
DN Detail,Chi tiết Phiếu giao hàng
STO-PICK-.YYYY.-,STO-PICK-.YYYY.-
Material Transfer for Manufacture,Chuyển vật tư cho sản xuất
Qty of raw materials will be decided based on the qty of the Finished Goods Item,Số lượng nguyên liệu sẽ dựa trên số lượng thành phẩm
Parent Warehouse,Kho cha
Items under this warehouse will be suggested,Các mặt hàng trong kho này sẽ được gợi ý
Get Item Locations,Lấy vị trí mặt hàng
Item Locations,Vị trí mặt hàng
Pick List Item,Mục danh sách lấy hàng
Picked Qty,Số lượng đã lấy
Price List Master,Danh mục bảng giá
Price List Name,Tên bảng giá
Price Not UOM Dependent,Giá không phụ thuộc ĐVT
Applicable for Countries,Áp dụng cho quốc gia
Price List Country,Quốc gia bảng giá
MAT-PRE-.YYYY.-,MAT-PRE-.YYYY.-
Supplier Delivery Note,Phiếu giao hàng nhà cung cấp
Time at which materials were received,Thời điểm nhận vật tư
Return Against Purchase Receipt,Trả lại theo Phiếu nhập mua
Rate at which supplier's currency is converted to company's base currency,Tỷ giá chuyển đổi tiền tệ của nhà cung cấp sang tiền tệ cơ sở của công ty
Sets 'Accepted Warehouse' in each row of the items table.,Thiết lập “Kho được chấp nhận” cho từng dòng trong bảng mặt hàng.
Sets 'Rejected Warehouse' in each row of the items table.,Thiết lập “Kho bị từ chối” cho từng dòng trong bảng mặt hàng.
Raw Materials Consumed,Nguyên vật liệu đã tiêu thụ
Get Current Stock,Lấy tồn kho hiện tại
Consumed Items,Mặt hàng đã tiêu thụ
Add / Edit Taxes and Charges,Thêm / Chỉnh sửa thuế và chi phí
Auto Repeat Detail,Chi tiết lặp tự động
Transporter Details,Thông tin đơn vị vận chuyển
Vehicle Number,Biển số xe
Vehicle Date,Ngày xe
Received and Accepted,Đã nhận và chấp nhận
Accepted Quantity,Số lượng chấp nhận
Rejected Quantity,Số lượng bị từ chối
Accepted Qty as per Stock UOM,Số lượng chấp nhận theo ĐVT tồn kho
Sample Quantity,Số lượng mẫu
Rate and Amount,Đơn giá và thành tiền
MAT-QA-.YYYY.-,MAT-QA-.YYYY.-
Report Date,Ngày báo cáo
Inspection Type,Loại kiểm tra
Item Serial No,Số serial của mặt hàng
Sample Size,Cỡ mẫu
Inspected By,Người kiểm tra
Readings,Các chỉ số đo
Quality Inspection Reading,Chỉ số kiểm tra chất lượng
Reading 1,Chỉ số 1
Reading 2,Chỉ số 2
Reading 3,Chỉ số 3
Reading 4,Chỉ số 4
Reading 5,Chỉ số 5
Reading 6,Chỉ số 6
Reading 7,Chỉ số 7
Reading 8,Chỉ số 8
Reading 9,Chỉ số 9
Reading 10,Chỉ số 10
Quality Inspection Template Name,Tên mẫu kiểm tra chất lượng
Quick Stock Balance,Xem nhanh tồn kho
Available Quantity,Số lượng khả dụng
Distinct unit of an Item,Đơn vị đo riêng biệt của mặt hàng
Warehouse can only be changed via Stock Entry / Delivery Note / Purchase Receipt,Kho chỉ có thể thay đổi qua Phiếu kho / Phiếu giao hàng / Phiếu nhập mua
Purchase / Manufacture Details,Chi tiết mua hàng / sản xuất
Creation Document Type,Loại chứng từ tạo
Creation Document No,Số chứng từ tạo
Creation Date,Ngày tạo
Creation Time,Giờ tạo
Asset Details,Chi tiết tài sản
Asset Status,Trạng thái tài sản
Delivery Document Type,Loại chứng từ giao hàng
Delivery Document No,Số chứng từ giao hàng
Delivery Time,Thời gian giao hàng
Invoice Details,Chi tiết hóa đơn
Warranty / AMC Details,Chi tiết bảo hành / AMC
Warranty Expiry Date,Ngày hết hạn bảo hành
AMC Expiry Date,Ngày hết hạn AMC
Under Warranty,Trong thời hạn bảo hành
Out of Warranty,Hết hạn bảo hành
Under AMC,Trong thời hạn AMC
Out of AMC,Hết hạn AMC
Warranty Period (Days),Thời hạn bảo hành (ngày)
Serial No Details,Chi tiết số serial
MAT-STE-.YYYY.-,MAT-STE-.YYYY.-
Stock Entry Type,Loại phiếu kho
Stock Entry (Outward GIT),Phiếu kho (xuất hàng đang đi đường)
Material Consumption for Manufacture,Tiêu hao nguyên vật liệu cho sản xuất
Repack,Đóng gói lại
Send to Subcontractor,Gửi cho đơn vị gia công
Delivery Note No,Số phiếu giao hàng
Sales Invoice No,Số hóa đơn bán hàng
Purchase Receipt No,Số phiếu nhập mua
Inspection Required,Yêu cầu kiểm tra
From BOM,Từ BOM
For Quantity,Cho số lượng
As per Stock UOM,Theo ĐVT tồn kho
Including items for sub assemblies,Bao gồm các hạng mục cho bán thành phẩm
Default Source Warehouse,Kho nguồn mặc định
Source Warehouse Address,Địa chỉ kho nguồn
Default Target Warehouse,Kho đích mặc định
Target Warehouse Address,Địa chỉ kho đích
Update Rate and Availability,Cập nhật đơn giá và khả dụng
Total Incoming Value,Tổng giá trị vào
Total Outgoing Value,Tổng giá trị ra
Total Value Difference (Out - In),Chênh lệch tổng giá trị (ra – vào)
Additional Costs,Chi phí bổ sung
Total Additional Costs,Tổng chi phí bổ sung
Customer or Supplier Details,Chi tiết khách hàng hoặc nhà cung cấp
Per Transferred,Theo đã chuyển
Stock Entry Detail,Chi tiết phiếu kho
Basic Rate (as per Stock UOM),Đơn giá cơ bản (theo ĐVT tồn kho)
Basic Amount,Thành tiền cơ bản
Additional Cost,Chi phí bổ sung
Serial No / Batch,Số serial / lô
BOM No. for a Finished Good Item,Số BOM cho thành phẩm
Material Request used to make this Stock Entry,Yêu cầu vật tư dùng để tạo phiếu kho này
Subcontracted Item,Mặt hàng gia công
Against Stock Entry,Theo phiếu kho
Stock Entry Child,Dòng con phiếu kho
PO Supplied Item,Mặt hàng do PO cung cấp
Reference Purchase Receipt,Tham chiếu phiếu nhập mua
Stock Ledger Entry,Bút toán sổ kho
Outgoing Rate,Đơn giá xuất
Actual Qty After Transaction,Số lượng thực tế sau giao dịch
Stock Value Difference,Chênh lệch giá trị tồn kho
Stock Queue (FIFO),Hàng tồn theo FIFO
Is Cancelled,Đã hủy
Stock Reconciliation,Đối soát tồn kho
This tool helps you to update or fix the quantity and valuation of stock in the system. It is typically used to synchronise the system values and what actually exists in your warehouses.,Công cụ này giúp cập nhật hoặc sửa số lượng và giá trị tồn kho trong hệ thống. Thường dùng để đồng bộ số liệu hệ thống với tồn kho thực tế.
MAT-RECO-.YYYY.-,MAT-RECO-.YYYY.-
Reconciliation JSON,Dữ liệu đối soát (JSON)
Stock Reconciliation Item,Dòng đối soát tồn kho
Before reconciliation,Trước khi đối soát
Current Serial No,Số serial hiện tại
Current Valuation Rate,Đơn giá định giá hiện tại
Current Amount,Thành tiền hiện tại
Quantity Difference,Chênh lệch số lượng
Amount Difference,Chênh lệch thành tiền
Item Naming By,Đặt tên mặt hàng theo
Default Item Group,Nhóm mặt hàng mặc định
Default Stock UOM,ĐVT tồn kho mặc định
Sample Retention Warehouse,Kho lưu mẫu
Default Valuation Method,Phương pháp định giá mặc định
Show Barcode Field,Hiển thị trường mã vạch
Convert Item Description to Clean HTML,Chuyển mô tả mặt hàng sang HTML sạch
Allow Negative Stock,Cho phép tồn kho âm
Automatically Set Serial Nos based on FIFO,Tự động gán số serial theo FIFO
Auto Material Request,Tự động tạo yêu cầu vật tư
Inter Warehouse Transfer Settings,Thiết lập chuyển kho nội bộ
Freeze Stock Entries,Đóng băng giao dịch kho
Stock Frozen Upto,Đóng băng kho đến
Batch Identification,Nhận diện lô
Use Naming Series,Sử dụng chuỗi đặt tên
Naming Series Prefix,Tiền tố chuỗi đặt tên
UOM Category,Danh mục ĐVT
UOM Conversion Detail,Chi tiết quy đổi ĐVT
Variant Field,Trường biến thể
A logical Warehouse against which stock entries are made.,Kho logic dùng để ghi nhận giao dịch tồn kho
Warehouse Detail,Chi tiết kho
Warehouse Name,Tên kho
Warehouse Contact Info,Thông tin liên hệ kho
PIN,Mã bưu chính
ISS-.YYYY.-,ISS-.YYYY.-
Raised By (Email),Người tạo (Email)
Issue Type,Loại sự cố
Issue Split From,Tách từ sự cố
Service Level,Mức dịch vụ
Response By,Phản hồi trước
Response By Variance,Độ lệch phản hồi
Ongoing,Đang xử lý
Resolution By,Giải quyết trước
Resolution By Variance,Độ lệch giải quyết
Service Level Agreement Creation,Tạo thỏa thuận mức dịch vụ
First Responded On,Thời điểm phản hồi đầu tiên
Resolution Details,Chi tiết giải quyết
Opening Date,Ngày mở
Opening Time,Giờ mở
Resolution Date,Ngày giải quyết
Via Customer Portal,Qua cổng khách hàng
Support Team,Nhóm hỗ trợ
Issue Priority,Mức độ ưu tiên sự cố
Service Day,Ngày dịch vụ
Workday,Ngày làm việc
Default Priority,Ưu tiên mặc định
Priorities,Các mức ưu tiên
Support Hours,Giờ hỗ trợ
Support and Resolution,Hỗ trợ và giải quyết
Default Service Level Agreement,Thỏa thuận mức dịch vụ mặc định
Entity,Thực thể
Agreement Details,Chi tiết thỏa thuận
Response and Resolution Time,Thời gian phản hồi và giải quyết
Service Level Priority,Ưu tiên theo SLA
Resolution Time,Thời gian giải quyết
Support Search Source,Nguồn tìm kiếm hỗ trợ
Source Type,Loại nguồn
Query Route String,Chuỗi định tuyến truy vấn
Search Term Param Name,Tên tham số từ khóa tìm kiếm
Response Options,Tùy chọn phản hồi
Response Result Key Path,Đường dẫn khóa kết quả phản hồi
Post Route String,Chuỗi định tuyến POST
Post Route Key List,Danh sách khóa POST
Post Title Key,Khóa tiêu đề POST
Post Description Key,Khóa mô tả POST
Link Options,Tùy chọn liên kết
Source DocType,Loại chứng từ nguồn
Result Title Field,Trường tiêu đề kết quả
Result Preview Field,Trường xem trước kết quả
Result Route Field,Trường đường dẫn kết quả
Service Level Agreements,Thỏa thuận mức dịch vụ
Track Service Level Agreement,Theo dõi SLA
Allow Resetting Service Level Agreement,Cho phép đặt lại SLA
Close Issue After Days,Đóng sự cố sau số ngày
Auto close Issue after 7 days,Tự động đóng sự cố sau 7 ngày
Support Portal,Cổng hỗ trợ
Get Started Sections,Các mục bắt đầu
Show Latest Forum Posts,Hiển thị bài viết diễn đàn mới nhất
Forum Posts,Bài viết diễn đàn
Forum URL,URL diễn đàn
Get Latest Query,Lấy truy vấn mới nhất
Response Key List,Danh sách khóa phản hồi
Post Route Key,Khóa định tuyến POST
Search APIs,API tìm kiếm
SER-WRN-.YYYY.-,SER-WRN-.YYYY.-
Issue Date,Ngày phát sinh sự cố
Item and Warranty Details,Chi tiết mặt hàng và bảo hành
Warranty / AMC Status,Trạng thái bảo hành / AMC
Resolved By,Người giải quyết
Service Address,Địa chỉ dịch vụ
If different than customer address,Nếu khác địa chỉ khách hàng
Raised By,Người tạo
From Company,Từ công ty
Rename Tool,Công cụ đổi tên
Utilities,Tiện ích
Type of document to rename.,Loại chứng từ cần đổi tên
File to Rename,Tệp cần đổi tên
"Attach .csv file with two columns, one for the old name and one for the new name",Đính kèm tệp .csv với hai cột: tên cũ và tên mới
Rename Log,Nhật ký đổi tên
SMS Log,Nhật ký SMS
Sender Name,Tên người gửi
Sent On,Thời điểm gửi
No of Requested SMS,Số SMS yêu cầu
Requested Numbers,Danh sách số yêu cầu
No of Sent SMS,Số SMS đã gửi
Sent To,Gửi đến
Absent Student Report,Báo cáo học sinh vắng mặt
Assessment Plan Status,Trạng thái kế hoạch đánh giá
Asset Depreciation Ledger,Sổ khấu hao tài sản
Asset Depreciations and Balances,Khấu hao và số dư tài sản
Available Stock for Packing Items,Tồn kho khả dụng cho đóng gói
Bank Clearance Summary,Tổng hợp đối soát ngân hàng
Batch Item Expiry Status,Trạng thái hết hạn lô hàng
Batch-Wise Balance History,Lịch sử số dư theo lô
BOM Explorer,Trình khám phá BOM
BOM Search,Tìm kiếm BOM
BOM Stock Calculated,Tồn kho BOM tính toán
BOM Variance Report,Báo cáo chênh lệch BOM
Campaign Efficiency,Hiệu quả chiến dịch
Cash Flow,Dòng tiền
Completed Work Orders,Lệnh sản xuất hoàn thành
To Produce,Cần sản xuất
Produced,Đã sản xuất
Consolidated Financial Statement,Báo cáo tài chính hợp nhất
Course wise Assessment Report,Báo cáo đánh giá theo khóa học
Customer Acquisition and Loyalty,Thu hút và giữ chân khách hàng
Customer Credit Balance,Số dư tín dụng khách hàng
Customer Ledger Summary,Tổng hợp sổ cái khách hàng
Customer-wise Item Price,Giá mặt hàng theo từng khách hàng
Customers Without Any Sales Transactions,Khách hàng không có giao dịch bán hàng
Daily Timesheet Summary,Tổng hợp chấm công hàng ngày
DATEV,DATEV
Delayed Item Report,Báo cáo mặt hàng giao trễ
Delayed Order Report,Báo cáo đơn hàng trễ
Delivered Items To Be Billed,Các mặt hàng đã giao chờ lập hóa đơn
Delivery Note Trends,Xu hướng phiếu giao hàng
Electronic Invoice Register,Sổ đăng ký hóa đơn điện tử
Employee Billing Summary,Tổng hợp thanh toán nhân viên
Employee Birthday,Sinh nhật nhân viên
Employee Information,Thông tin nhân viên
Employee Leave Balance,Số dư nghỉ phép của nhân viên
Employee Leave Balance Summary,Tổng hợp số dư nghỉ phép của nhân viên
Eway Bill,Hóa đơn vận chuyển điện tử
Expiring Memberships,Hội viên sắp hết hạn
Fichier des Ecritures Comptables [FEC],Tệp dữ liệu kế toán [FEC]
Final Assessment Grades,Kết quả đánh giá cuối kỳ
Fixed Asset Register,Sổ đăng ký tài sản cố định
Gross and Net Profit Report,Báo cáo lợi nhuận gộp và lợi nhuận ròng
GST Itemised Purchase Register,Sổ mua hàng GST theo từng mặt hàng
GST Itemised Sales Register,Sổ bán hàng GST theo từng mặt hàng
GST Purchase Register,Sổ mua hàng GST
GST Sales Register,Sổ bán hàng GST
GSTR-1,GSTR-1
GSTR-2,GSTR-2
Hotel Room Occupancy,Tỷ lệ sử dụng phòng khách sạn
HSN-wise-summary of outward supplies,Tổng hợp cung ứng đầu ra theo HSN
Inactive Customers,Khách hàng không hoạt động
Inactive Sales Items,Mặt hàng bán không hoạt động
IRS 1099,IRS 1099
Issued Items Against Work Order,Vật tư đã cấp theo lệnh công việc
Projected Quantity as Source,Số lượng dự kiến theo nguồn
Item Balance (Simple),Số dư mặt hàng (đơn giản)
Item Price Stock,Giá và tồn kho mặt hàng
Item Prices,Giá mặt hàng
Item Shortage Report,Báo cáo thiếu hụt mặt hàng
Item Variant Details,Chi tiết biến thể mặt hàng
Item-wise Price List Rate,Đơn giá theo danh sách giá từng mặt hàng
Item-wise Purchase History,Lịch sử mua theo mặt hàng
Item-wise Purchase Register,Sổ mua theo mặt hàng
Item-wise Sales History,Lịch sử bán theo mặt hàng
Item-wise Sales Register,Sổ bán theo mặt hàng
Items To Be Requested,Mặt hàng cần yêu cầu
Reserved,Đã giữ chỗ
Itemwise Recommended Reorder Level,Mức đặt hàng lại đề xuất theo mặt hàng
Lead Details,Chi tiết đầu mối
Lead Owner Efficiency,Hiệu quả chủ sở hữu đầu mối
Lost Opportunity,Cơ hội bị mất
Maintenance Schedules,Lịch bảo trì
Material Requests for which Supplier Quotations are not created,Yêu cầu vật tư chưa tạo báo giá nhà cung cấp
Open Work Orders,Lệnh công việc đang mở
Qty to Deliver,Số lượng cần giao
Patient Appointment Analytics,Phân tích lịch hẹn bệnh nhân
Payment Period Based On Invoice Date,Kỳ thanh toán dựa trên ngày hóa đơn
Pending SO Items For Purchase Request,Mặt hàng SO chờ yêu cầu mua
Procurement Tracker,Theo dõi mua sắm
Product Bundle Balance,Số dư gói sản phẩm
Production Analytics,Phân tích sản xuất
Profit and Loss Statement,Báo cáo lãi lỗ
Profitability Analysis,Phân tích lợi nhuận
Project Billing Summary,Tổng hợp thanh toán dự án
Project wise Stock Tracking,Theo dõi tồn kho theo dự án
Project wise Stock Tracking ,Theo dõi tồn kho theo dự án
Prospects Engaged But Not Converted,Khách tiềm năng đã tương tác nhưng chưa chuyển đổi
Purchase Analytics,Phân tích mua hàng
Purchase Invoice Trends,Xu hướng hóa đơn mua
Qty to Receive,Số lượng cần nhận
Received Qty Amount,Số lượng đã nhận
Billed Qty,Số lượng đã lập hóa đơn
Purchase Order Trends,Xu hướng đơn đặt hàng mua
Purchase Receipt Trends,Xu hướng phiếu nhập mua
Purchase Register,Sổ mua hàng
Quotation Trends,Xu hướng báo giá
Received Items To Be Billed,Mặt hàng đã nhận chờ lập hóa đơn
Qty to Order,Số lượng cần đặt
Requested Items To Be Transferred,Mặt hàng yêu cầu chuyển kho
Qty to Transfer,Số lượng cần chuyển
Sales Analytics,Phân tích bán hàng
Sales Invoice Trends,Xu hướng hóa đơn bán
Sales Order Trends,Xu hướng đơn bán hàng
Sales Partner Commission Summary,Tổng hợp hoa hồng đối tác bán hàng
Sales Partner Target Variance based on Item Group,Chênh lệch chỉ tiêu đối tác bán theo nhóm mặt hàng
Sales Partner Transaction Summary,Tổng hợp giao dịch đối tác bán
Sales Partners Commission,Hoa hồng đối tác bán
Invoiced Amount (Exclusive Tax),Giá trị đã lập hóa đơn (chưa thuế)
Average Commission Rate,Tỷ lệ hoa hồng trung bình
Sales Payment Summary,Tổng hợp thanh toán bán hàng
Sales Person Commission Summary,Tổng hợp hoa hồng nhân viên bán hàng
Sales Person Target Variance Based On Item Group,Chênh lệch chỉ tiêu nhân viên bán theo nhóm mặt hàng
Sales Person-wise Transaction Summary,Tổng hợp giao dịch theo nhân viên bán
Sales Register,Sổ bán hàng
Serial No Service Contract Expiry,Hết hạn hợp đồng dịch vụ theo số sê-ri
Serial No Status,Trạng thái số sê-ri
Serial No Warranty Expiry,Hết hạn bảo hành theo số sê-ri
Stock Ageing,Tuổi tồn kho
Stock and Account Value Comparison,So sánh giá trị tồn kho và kế toán
Stock Projected Qty,Số lượng tồn kho dự kiến
Student and Guardian Contact Details,Thông tin liên hệ học sinh và người giám hộ
Student Batch-Wise Attendance,Chuyên cần theo lớp của học sinh
Student Fee Collection,Thu học phí
Student Monthly Attendance Sheet,Bảng chuyên cần tháng của học sinh
Subcontracted Item To Be Received,Mặt hàng gia công cần nhận
Subcontracted Raw Materials To Be Transferred,Nguyên liệu gia công cần chuyển
Supplier Ledger Summary,Tổng hợp sổ cái nhà cung cấp
Supplier-Wise Sales Analytics,Phân tích bán hàng theo nhà cung cấp
Support Hour Distribution,Phân bổ giờ hỗ trợ
TDS Computation Summary,Tổng hợp tính thuế TDS
TDS Payable Monthly,Thuế TDS phải nộp hàng tháng
Territory Target Variance Based On Item Group,Chênh lệch chỉ tiêu theo khu vực và nhóm mặt hàng
Territory-wise Sales,Bán hàng theo khu vực
Total Stock Summary,Tổng hợp tồn kho
Trial Balance,Bảng cân đối thử
Trial Balance (Simple),Bảng cân đối thử (đơn giản)
Trial Balance for Party,Bảng cân đối thử theo đối tượng
Warehouse wise Item Balance Age and Value,Tuổi tồn kho và giá trị theo kho
Work Order Stock Report,Báo cáo tồn kho lệnh công việc
Work Orders in Progress,Lệnh công việc đang thực hiện
Automatically Process Deferred Accounting Entry,Tự động xử lý bút toán kế toán hoãn
Bank Clearance,Đối soát ngân hàng
Bank Clearance Detail,Chi tiết đối soát ngân hàng
Update Cost Center Name / Number,Cập nhật tên / mã trung tâm chi phí
Journal Entry Template,Mẫu bút toán
Template Title,Tiêu đề mẫu
Journal Entry Type,Loại bút toán
Journal Entry Template Account,Tài khoản trong mẫu bút toán
Process Deferred Accounting,Xử lý kế toán hoãn
Manual entry cannot be created! Disable automatic entry for deferred accounting in accounts settings and try again,Không thể tạo bút toán thủ công! Tắt tự động cho kế toán hoãn trong cài đặt và thử lại
End date cannot be before start date,Ngày kết thúc không thể trước ngày bắt đầu
Total Counts Targeted,Tổng số mục tiêu
Total Counts Completed,Tổng số đã hoàn thành
Counts Targeted: {0},Số mục tiêu: {0}
Material Request Warehouse,Kho yêu cầu vật tư
Select warehouse for material requests,Chọn kho cho yêu cầu vật tư
Transfer Materials For Warehouse {0},Chuyển vật tư cho kho {0}
Production Plan Material Request Warehouse,Kho yêu cầu vật tư kế hoạch sản xuất
Sets 'Source Warehouse' in each row of the items table.,Thiết lập “Kho nguồn” cho từng dòng mặt hàng
Sets 'Target Warehouse' in each row of the items table.,Thiết lập “Kho đích” cho từng dòng mặt hàng
Show Cancelled Entries,Hiển thị mục đã hủy
Backdated Stock Entry,Nhập kho lùi ngày
Row #{}: Currency of {} - {} doesn't matches company currency.,Dòng #{}: Tiền tệ của {} - {} không khớp tiền tệ công ty
{} Assets created for {},Đã tạo {} tài sản cho {}
{0} Number {1} is already used in {2} {3},Số {0} {1} đã được dùng trong {2} {3}
Update Bank Clearance Dates,Cập nhật ngày đối soát ngân hàng
Healthcare Practitioner: ,Bác sĩ / nhân viên y tế:
Lab Test Conducted: ,Xét nghiệm đã thực hiện:
Lab Test Event: ,Sự kiện xét nghiệm:
Lab Test Result: ,Kết quả xét nghiệm:
Clinical Procedure conducted: ,Thủ thuật lâm sàng đã thực hiện:
Therapy Session Charges: {0},Phí buổi trị liệu: {0}
Therapy: ,Liệu pháp:
Therapy Plan: ,Kế hoạch trị liệu:
Total Counts Targeted: ,Tổng số mục tiêu:
Total Counts Completed: ,Tổng số đã hoàn thành:
Is Mandatory,Bắt buộc
Service Received But Not Billed,Dịch vụ đã nhận nhưng chưa lập hóa đơn
Deferred Accounting Settings,Cài đặt kế toán hoãn
Book Deferred Entries Based On,Ghi nhận kế toán hoãn dựa trên
Days,Ngày
Months,Tháng
Book Deferred Entries Via Journal Entry,Ghi nhận kế toán hoãn qua bút toán
Submit Journal Entries,Gửi bút toán
If this is unchecked Journal Entries will be saved in a Draft state and will have to be submitted manually,"Nếu không chọn, bút toán sẽ ở trạng thái nháp và phải gửi thủ công"
Enable Distributed Cost Center,Bật trung tâm chi phí phân bổ
Distributed Cost Center,Trung tâm chi phí phân bổ
Dunning,Nhắc nợ
DUNN-.MM.-.YY.-,DUNN-.MM.-.YY.-
Overdue Days,Số ngày quá hạn
Dunning Type,Loại nhắc nợ
Dunning Fee,Phí nhắc nợ
Dunning Amount,Số tiền nhắc nợ
Resolved,Đã xử lý
Unresolved,Chưa xử lý
Printing Setting,Cài đặt in
Body Text,Nội dung thân thư
Closing Text,Nội dung kết thư
Resolve,Xử lý
Dunning Letter Text,Nội dung thư nhắc nợ
Is Default Language,Ngôn ngữ mặc định
Letter or Email Body Text,Nội dung thư hoặc email
Letter or Email Closing Text,Nội dung kết thư hoặc email
Body and Closing Text Help,Trợ giúp nội dung thân và kết
Overdue Interval,Khoảng thời gian quá hạn
Dunning Letter,Thư nhắc nợ
"This section allows the user to set the Body and Closing text of the Dunning Letter for the Dunning Type based on language, which can be used in Print.",Phần này cho phép thiết lập nội dung thân và kết thư nhắc nợ theo ngôn ngữ để in
Reference Detail No,Số chi tiết tham chiếu
Custom Remarks,Ghi chú tùy chỉnh
Please select a Company first.,Vui lòng chọn Công ty trước
"Row #{0}: Reference Document Type must be one of Sales Order, Sales Invoice, Journal Entry or Dunning","Dòng #{0}: Loại chứng từ tham chiếu phải là Đơn bán, Hóa đơn bán, Bút toán hoặc Nhắc nợ"
POS Closing Entry,Bút toán đóng POS
POS Opening Entry,Bút toán mở POS
POS Transactions,Giao dịch POS
POS Closing Entry Detail,Chi tiết bút toán đóng POS
Opening Amount,Số tiền mở
Closing Amount,Số tiền đóng
POS Closing Entry Taxes,Thuế bút toán đóng POS
POS Invoice,Hóa đơn POS
ACC-PSINV-.YYYY.-,ACC-PSINV-.YYYY.-
Consolidated Sales Invoice,Hóa đơn bán gộp
Return Against POS Invoice,Trả hàng theo hóa đơn POS
Consolidated,Gộp
POS Invoice Item,Mặt hàng hóa đơn POS
POS Invoice Merge Log,Nhật ký gộp hóa đơn POS
POS Invoices,Các hóa đơn POS
Consolidated Credit Note,Giấy báo có gộp
POS Invoice Reference,Tham chiếu hóa đơn POS
Set Posting Date,Thiết lập ngày hạch toán
Opening Balance Details,Chi tiết số dư đầu kỳ
POS Opening Entry Detail,Chi tiết bút toán mở POS
POS Payment Method,Phương thức thanh toán POS
Payment Methods,Phương thức thanh toán
Process Statement Of Accounts,Xử lý sao kê tài khoản
General Ledger Filters,Bộ lọc sổ cái tổng hợp
Customers,Khách hàng
Select Customers By,Chọn khách hàng theo
Fetch Customers,Lấy danh sách khách hàng
Send To Primary Contact,Gửi tới liên hệ chính
Print Preferences,Tùy chọn in
Include Ageing Summary,Bao gồm tổng hợp tuổi nợ
Enable Auto Email,Bật gửi email tự động
Filter Duration (Months),Thời gian lọc (tháng)
CC To,CC tới
Help Text,Văn bản trợ giúp
Emails Queued,Email đang chờ
Process Statement Of Accounts Customer,Xử lý sao kê cho khách hàng
Billing Email,Email hóa đơn
Primary Contact Email,Email liên hệ chính
PSOA Cost Center,Trung tâm chi phí PSOA
PSOA Project,Dự án PSOA
ACC-PINV-RET-.YYYY.-,ACC-PINV-RET-.YYYY.-
Supplier GSTIN,Số GSTIN của nhà cung cấp
Place of Supply,Địa điểm cung ứng
Select Billing Address,Chọn địa chỉ thanh toán
GST Details,Chi tiết GST
GST Category,Danh mục GST
Registered Regular,Đăng ký thường
Registered Composition,Đăng ký theo chế độ thành phần
Unregistered,Chưa đăng ký
SEZ,Khu kinh tế đặc biệt (SEZ)
Overseas,Nước ngoài
UIN Holders,Đơn vị có mã UIN
With Payment of Tax,Có thanh toán thuế
Without Payment of Tax,Không thanh toán thuế
Invoice Copy,Bản sao hóa đơn
Original for Recipient,Bản gốc cho người nhận
Duplicate for Transporter,Bản sao cho đơn vị vận chuyển
Duplicate for Supplier,Bản sao cho nhà cung cấp
Triplicate for Supplier,Bản thứ ba cho nhà cung cấp
Reverse Charge,Cơ chế thuế đảo chiều
Y,Có
N,Không
E-commerce GSTIN,GSTIN thương mại điện tử
Reason For Issuing document,Lý do phát hành chứng từ
01-Sales Return,01-Hàng bán bị trả lại
02-Post Sale Discount,02-Chiết khấu sau bán hàng
03-Deficiency in services,03-Thiếu sót trong dịch vụ
04-Correction in Invoice,04-Điều chỉnh hóa đơn
05-Change in POS,05-Thay đổi điểm bán
06-Finalization of Provisional assessment,06-Hoàn tất đánh giá tạm thời
07-Others,07-Khác
Eligibility For ITC,Điều kiện khấu trừ thuế đầu vào (ITC)
Input Service Distributor,Đơn vị phân phối dịch vụ đầu vào
Import Of Service,Nhập khẩu dịch vụ
Import Of Capital Goods,Nhập khẩu hàng hóa tư bản
Ineligible,Không đủ điều kiện
All Other ITC,Tất cả ITC khác
Availed ITC Integrated Tax,ITC đã khấu trừ – Thuế liên bang
Availed ITC Central Tax,ITC đã khấu trừ – Thuế trung ương
Availed ITC State/UT Tax,ITC đã khấu trừ – Thuế bang/UT
Availed ITC Cess,ITC đã khấu trừ – Thuế phụ thu
Is Nil Rated or Exempted,Thuộc diện không chịu thuế hoặc được miễn thuế
Is Non GST,Không thuộc GST
ACC-SINV-RET-.YYYY.-,ACC-SINV-RET-.YYYY.-
E-Way Bill No.,Số E-Way Bill
Is Consolidated,Có phải là chứng từ gộp
Billing Address GSTIN,Mã GST tại địa chỉ xuất hóa đơn
Customer GSTIN,Mã GST của khách hàng
GST Transporter ID,Mã GST của đơn vị vận chuyển
Distance (in km),Khoảng cách (km)
Road,Đường bộ
Air,Đường hàng không
Rail,Đường sắt
Ship,Đường biển
GST Vehicle Type,Loại phương tiện theo GST
Over Dimensional Cargo (ODC),"Hàng quá khổ, quá tải (ODC)"
Consumer,Người tiêu dùng
Deemed Export,Xuất khẩu được coi như xuất khẩu
Port Code,Mã cảng
 Shipping Bill Number,Số vận đơn xuất khẩu
Shipping Bill Date,Ngày vận đơn xuất khẩu
Subscription End Date,Ngày kết thúc thuê bao
Follow Calendar Months,Theo tháng dương lịch
If this is checked subsequent new invoices will be created on calendar  month and quarter start dates irrespective of current invoice start date,"Nếu chọn, các hóa đơn mới tiếp theo sẽ được tạo vào đầu tháng hoặc đầu quý dương lịch, không phụ thuộc ngày bắt đầu của hóa đơn hiện tại"
Generate New Invoices Past Due Date,Cho phép tạo hóa đơn mới sau ngày đến hạn
New invoices will be generated as per schedule even if current invoices are unpaid or past due date,Hóa đơn mới vẫn được tạo theo lịch ngay cả khi hóa đơn hiện tại chưa thanh toán hoặc đã quá hạn
Document Type ,Loại chứng từ
Subscription Price Based On,Giá thuê bao được tính dựa trên
Fixed Rate,Giá cố định
Based On Price List,Dựa trên bảng giá
Monthly Rate,Giá theo tháng
Cancel Subscription After Grace Period,Hủy thuê bao sau thời gian ân hạn
Source State,Tỉnh / bang nguồn
Is Inter State,Giao dịch liên bang
Purchase Details,Thông tin mua hàng
Depreciation Posting Date,Ngày ghi nhận khấu hao
"By default, the Supplier Name is set as per the Supplier Name entered. If you want Suppliers to be named by a  ","Mặc định, tên nhà cung cấp được đặt theo tên nhà cung cấp đã nhập. Nếu muốn đặt tên nhà cung cấp theo quy tắc khác, hãy chọn tùy chọn “Chuỗi đánh số”."
 choose the 'Naming Series' option.,chọn tùy chọn “Chuỗi định danh (Naming Series)”
Configure the default Price List when creating a new Purchase transaction. Item prices will be fetched from this Price List.,Cấu hình bảng giá mặc định khi tạo giao dịch mua mới. Giá mặt hàng sẽ được lấy từ bảng giá này.
"If this option is configured 'Yes', ERPNext will prevent you from creating a Purchase Invoice or Receipt without creating a Purchase Order first. This configuration can be overridden for a particular supplier by enabling the 'Allow Purchase Invoice Creation Without Purchase Order' checkbox in the Supplier master.","Nếu cấu hình là “Có”, ERPNext sẽ không cho phép tạo Hóa đơn mua hoặc Phiếu nhận hàng nếu chưa có Đơn mua. Có thể ghi đè cho từng nhà cung cấp bằng cách bật tùy chọn “Cho phép tạo hóa đơn mua không cần đơn mua” trong hồ sơ nhà cung cấp."
"If this option is configured 'Yes', ERPNext will prevent you from creating a Purchase Invoice without creating a Purchase Receipt first. This configuration can be overridden for a particular supplier by enabling the 'Allow Purchase Invoice Creation Without Purchase Receipt' checkbox in the Supplier master.","Nếu cấu hình là “Có”, ERPNext sẽ không cho phép tạo Hóa đơn mua nếu chưa có Phiếu nhận hàng. Có thể ghi đè cho từng nhà cung cấp bằng cách bật tùy chọn “Cho phép tạo hóa đơn mua không cần phiếu nhận hàng” trong hồ sơ nhà cung cấp."
Quantity & Stock,Số lượng & Tồn kho
Call Details,Thông tin cuộc gọi
Authorised By,Người phê duyệt
Signee (Company),Người ký (Công ty)
Signed By (Company),Được ký bởi (Công ty)
First Response Time,Thời gian phản hồi đầu tiên
Opportunity Lost Reason Detail,Chi tiết lý do mất cơ hội
Access Token Secret,Mã bí mật truy cập
Add to Topics,Thêm vào chủ đề
...Adding Article to Topics,…Đang thêm bài viết vào chủ đề
Add Article to Topics,Thêm bài viết vào chủ đề
This article is already added to the existing topics,Bài viết này đã tồn tại trong các chủ đề
Add to Programs,Thêm vào chương trình
Programs,Chương trình
...Adding Course to Programs,…Đang thêm khóa học vào chương trình
Add Course to Programs,Thêm khóa học vào chương trình
This course is already added to the existing programs,Khóa học này đã tồn tại trong các chương trình
Learning Management System Settings,Cài đặt hệ thống quản lý học tập
Enable Learning Management System,Kích hoạt hệ thống quản lý học tập
Learning Management System Title,Tên hệ thống quản lý học tập
...Adding Quiz to Topics,…Đang thêm bài kiểm tra vào chủ đề
Add Quiz to Topics,Thêm bài kiểm tra vào chủ đề
This quiz is already added to the existing topics,Bài kiểm tra này đã tồn tại trong các chủ đề
Enable Admission Application,Kích hoạt đăng ký tuyển sinh
EDU-ATT-.YYYY.-,EDU-ATT-.YYYY.-
Marking attendance,Đánh dấu điểm danh
Add Guardians to Email Group,Thêm người giám hộ vào nhóm email
Attendance Based On,Điểm danh dựa trên
Check this to mark the student as present in case the student is not attending the institute to participate or represent the institute in any event.\n\n,Chọn mục này để đánh dấu học viên là có mặt trong trường hợp học viên không tham gia học tập tại cơ sở mà tham gia hoặc đại diện cho cơ sở trong một sự kiện nào đó.\n\n
Add to Courses,Thêm vào khóa học
...Adding Topic to Courses,...Đang thêm chủ đề vào khóa học
Add Topic to Courses,Thêm chủ đề vào khóa học
This topic is already added to the existing courses,Chủ đề này đã được thêm vào các khóa học hiện có
"If Shopify does not have a customer in the order, then while syncing the orders, the system will consider the default customer for the order","Nếu Shopify không có khách hàng trong đơn hàng, thì khi đồng bộ đơn hàng, hệ thống sẽ sử dụng khách hàng mặc định cho đơn hàng"
The accounts are set by the system automatically but do confirm these defaults,"Các tài khoản được hệ thống tự động thiết lập, nhưng bạn cần xác nhận lại các giá trị mặc định này"
Default Round Off Account,Tài khoản làm tròn mặc định
Failed Import Log,Nhật ký nhập dữ liệu thất bại
Fixed Error Log,Nhật ký lỗi đã được sửa
Company {0} already exists. Continuing will overwrite the Company and Chart of Accounts,Công ty {0} đã tồn tại. Nếu tiếp tục sẽ ghi đè Công ty và Hệ thống tài khoản
Meta Data,Siêu dữ liệu
Unresolve,Chưa xử lý
Create Document,Tạo tài liệu
Mark as unresolved,Đánh dấu là chưa xử lý
TaxJar Settings,Cài đặt TaxJar
Sandbox Mode,Chế độ Sandbox
Enable Tax Calculation,Bật tính thuế
Create TaxJar Transaction,Tạo giao dịch TaxJar
Credentials,Thông tin xác thực
Live API Key,Khóa API thực
Sandbox API Key,Khóa API Sandbox
Configuration,Cấu hình
Tax Account Head,Tài khoản thuế
Shipping Account Head,Tài khoản phí vận chuyển
Practitioner Name,Tên bác sĩ / nhân viên y tế
Enter a name for the Clinical Procedure Template,Nhập tên cho mẫu thủ thuật lâm sàng
Set the Item Code which will be used for billing the Clinical Procedure.,Thiết lập mã mặt hàng sẽ được dùng để lập hóa đơn cho thủ thuật lâm sàng
Select an Item Group for the Clinical Procedure Item.,Chọn nhóm mặt hàng cho mặt hàng thủ thuật lâm sàng
Clinical Procedure Rate,Đơn giá thủ thuật lâm sàng
Check this if the Clinical Procedure is billable and also set the rate.,Chọn mục này nếu thủ thuật lâm sàng có tính phí và đồng thời thiết lập mức phí
Check this if the Clinical Procedure utilises consumables. Click ,Chọn mục này nếu Thủ thuật Lâm sàng có sử dụng vật tư tiêu hao
 to know more,Nhấn vào đây để biết thêm thông tin
"You can also set the Medical Department for the template. After saving the document, an Item will automatically be created for billing this Clinical Procedure. You can then use this template while creating Clinical Procedures for Patients. Templates save you from filling up redundant data every single time. You can also create templates for other operations like Lab Tests, Therapy Sessions, etc.","Bạn cũng có thể thiết lập Khoa/Phòng y tế cho mẫu này. Sau khi lưu tài liệu, một Mặt hàng sẽ được tự động tạo để phục vụ việc tính phí cho Thủ thuật lâm sàng này. Sau đó bạn có thể sử dụng mẫu này khi tạo Thủ thuật lâm sàng cho Bệnh nhân. Các mẫu giúp bạn không phải nhập lại dữ liệu trùng lặp mỗi lần. Bạn cũng có thể tạo mẫu cho các nghiệp vụ khác như Xét nghiệm, Buổi trị liệu, v.v."
Descriptive Test Result,Kết quả xét nghiệm mô tả
Allow Blank,Cho phép để trống
Descriptive Test Template,Mẫu xét nghiệm mô tả
"If you want to track Payroll and other HRMS operations for a Practitoner, create an Employee and link it here.","Nếu bạn muốn theo dõi Bảng lương và các nghiệp vụ HRMS khác cho Bác sĩ/Chuyên viên, hãy tạo một Nhân viên và liên kết tại đây."
Set the Practitioner Schedule you just created. This will be used while booking appointments.,Thiết lập Lịch làm việc của Bác sĩ/Chuyên viên mà bạn vừa tạo. Lịch này sẽ được sử dụng khi đặt lịch hẹn.
Create a service item for Out Patient Consulting.,Tạo một mặt hàng dịch vụ cho Khám ngoại trú.
"If this Healthcare Practitioner works for the In-Patient Department, create a service item for Inpatient Visits.","Nếu Nhân viên y tế này làm việc cho Khoa nội trú, hãy tạo một mặt hàng dịch vụ cho Lượt thăm nội trú."
Set the Out Patient Consulting Charge for this Practitioner.,Thiết lập phí khám ngoại trú cho Nhân viên y tế này.
"If this Healthcare Practitioner also works for the In-Patient Department, set the inpatient visit charge for this Practitioner.","Nếu Nhân viên y tế này cũng làm việc cho Khoa nội trú, hãy thiết lập phí thăm nội trú cho Nhân viên y tế này."
"If checked, a customer will be created for every Patient. Patient Invoices will be created against this Customer. You can also select existing Customer while creating a Patient. This field is checked by default.","Nếu được chọn, một Khách hàng sẽ được tạo cho mỗi Bệnh nhân. Hóa đơn của Bệnh nhân sẽ được lập theo Khách hàng này. Bạn cũng có thể chọn Khách hàng hiện có khi tạo Bệnh nhân. Trường này được chọn theo mặc định."
Collect Registration Fee,Thu phí đăng ký
"If your Healthcare facility bills registrations of Patients, you can check this and set the Registration Fee in the field below. Checking this will create new Patients with a Disabled status by default and will only be enabled after invoicing the Registration Fee.","Nếu cơ sở y tế của bạn thu phí đăng ký Bệnh nhân, bạn có thể chọn mục này và thiết lập Phí đăng ký ở trường bên dưới. Việc chọn mục này sẽ tạo Bệnh nhân mới ở trạng thái Bị vô hiệu hóa theo mặc định và chỉ được kích hoạt sau khi lập hóa đơn phí đăng ký."
Checking this will automatically create a Sales Invoice whenever an appointment is booked for a Patient.,Việc chọn mục này sẽ tự động tạo Hóa đơn bán hàng mỗi khi một lịch hẹn được đặt cho Bệnh nhân.
Healthcare Service Items,Các mặt hàng dịch vụ y tế
"You can create a service item for Inpatient Visit Charge and set it here. Similarly, you can set up other Healthcare Service Items for billing in this section. Click ","Bạn có thể tạo một mặt hàng dịch vụ cho Phí thăm nội trú và thiết lập tại đây. Tương tự, bạn có thể thiết lập các Mặt hàng dịch vụ y tế khác để tính phí trong phần này. Nhấp"
Set up default Accounts for the Healthcare Facility,Thiết lập các Tài khoản mặc định cho Cơ sở y tế
"If you wish to override default accounts settings and configure the Income and Receivable accounts for Healthcare, you can do so here.","Nếu bạn muốn ghi đè cài đặt tài khoản mặc định và cấu hình các tài khoản Doanh thu và Phải thu cho Y tế, bạn có thể thực hiện tại đây."
"If you want to send SMS alert on Patient Registration, you can enable this option. Similary, you can set up Out Patient SMS alerts for other functionalities in this section. Click ","Nếu bạn muốn gửi cảnh báo SMS khi đăng ký Bệnh nhân, bạn có thể bật tùy chọn này. Tương tự, bạn có thể thiết lập cảnh báo SMS ngoại trú cho các chức năng khác trong phần này. Nhấp"
Admission Order Details,Chi tiết lệnh nhập viện
Admission Ordered For,Nhập viện theo chỉ định cho
Expected Length of Stay,Thời gian nằm viện dự kiến
Admission Service Unit Type,Loại đơn vị dịch vụ nhập viện
Healthcare Practitioner (Primary),Nhân viên y tế (Chính)
Healthcare Practitioner (Secondary),Nhân viên y tế (Phụ)
Admission Instruction,Hướng dẫn nhập viện
Chief Complaint,Lý do khám chính
Medications,Thuốc
Investigations,Chỉ định cận lâm sàng
Discharge Detials,Chi tiết xuất viện
Discharge Ordered Date,Ngày chỉ định xuất viện
Discharge Instructions,Hướng dẫn xuất viện
Follow Up Date,Ngày tái khám
Discharge Notes,Ghi chú xuất viện
Processing Inpatient Discharge,Xử lý xuất viện nội trú
Processing Patient Admission,Xử lý nhập viện
Check-in time cannot be greater than the current time,Thời gian check-in không được lớn hơn thời gian hiện tại
Process Transfer,Xử lý chuyển khoa/phòng
HLC-LAB-.YYYY.-,HLC-LAB-.YYYY.-
Expected Result Date,Ngày dự kiến có kết quả
Expected Result Time,Thời gian dự kiến có kết quả
Printed on,In vào ngày
Requesting Practitioner,Nhân viên y tế yêu cầu
Requesting Department,Khoa/phòng yêu cầu
Employee (Lab Technician),Nhân viên (Kỹ thuật viên xét nghiệm)
Lab Technician Name,Tên kỹ thuật viên xét nghiệm
Lab Technician Designation,Chức danh kỹ thuật viên xét nghiệm
Compound Test Result,Kết quả xét nghiệm tổng hợp
Organism Test Result,Kết quả xét nghiệm vi sinh
Sensitivity Test Result,Kết quả xét nghiệm độ nhạy
Worksheet Print,In phiếu làm việc
Worksheet Instructions,Hướng dẫn phiếu làm việc
Result Legend Print,In chú giải kết quả
Print Position,Vị trí in
Both,Cả hai
Result Legend,Chú giải kết quả
Lab Tests,Xét nghiệm
No Lab Tests found for the Patient {0},Không tìm thấy xét nghiệm cho Bệnh nhân {0}
"Did not send SMS, missing patient mobile number or message content.",Không gửi SMS do thiếu số điện thoại bệnh nhân hoặc nội dung tin nhắn
No Lab Tests created,Chưa tạo xét nghiệm nào
Creating Lab Tests...,Đang tạo xét nghiệm...
Lab Test Group Template,Mẫu nhóm xét nghiệm
Add New Line,Thêm dòng mới
Secondary UOM,Đơn vị đo lường phụ
"<b>Single</b>: Results which require only a single input.\n<br>\n<b>Compound</b>: Results which require multiple event inputs.\n<br>\n<b>Descriptive</b>: Tests which have multiple result components with manual result entry.\n<br>\n<b>Grouped</b>: Test templates which are a group of other test templates.\n<br>\n<b>No Result</b>: Tests with no results, can be ordered and billed but no Lab Test will be created. e.g.. Sub Tests for Grouped results","<b>Đơn</b>: Kết quả chỉ yêu cầu một giá trị nhập.\n<br>\n<b>Tổng hợp</b>: Kết quả yêu cầu nhiều giá trị nhập theo sự kiện.\n<br>\n<b>Mô tả</b>: Xét nghiệm có nhiều thành phần kết quả với nhập liệu thủ công.\n<br>\n<b>Nhóm</b>: Mẫu xét nghiệm là tập hợp của các mẫu xét nghiệm khác.\n<br>\n<b>Không có kết quả</b>: Xét nghiệm không có kết quả, có thể chỉ định và tính phí nhưng sẽ không tạo bản ghi Xét nghiệm. Ví dụ: các xét nghiệm con của kết quả dạng nhóm"
"If unchecked, the item will not be available in Sales Invoices for billing but can be used in group test creation. ","Nếu không chọn, mặt hàng sẽ không khả dụng trên Hóa đơn bán hàng để tính phí nhưng vẫn có thể dùng khi tạo nhóm xét nghiệm"
Description ,Mô tả
Descriptive Test,Xét nghiệm mô tả
Group Tests,Nhóm xét nghiệm
Instructions to be printed on the worksheet,Hướng dẫn sẽ được in trên phiếu làm việc
"Information to help easily interpret the test report, will be printed as part of the Lab Test result.","Thông tin giúp dễ dàng diễn giải báo cáo xét nghiệm, sẽ được in kèm như một phần của kết quả xét nghiệm"
Normal Test Result,Kết quả xét nghiệm bình thường
Secondary UOM Result,Kết quả đơn vị đo lường phụ
Italic,In nghiêng
Underline,Gạch chân
Organism,Vi sinh vật
Organism Test Item,Mặt hàng xét nghiệm vi sinh
Colony Population,Mật độ khuẩn lạc
Colony UOM,Đơn vị đo khuẩn lạc
Tobacco Consumption (Past),Sử dụng thuốc lá (Trước đây)
Tobacco Consumption (Present),Sử dụng thuốc lá (Hiện tại)
Alcohol Consumption (Past),Sử dụng rượu bia (Trước đây)
Alcohol Consumption (Present),Sử dụng rượu bia (Hiện tại)
Billing Item,Mặt hàng tính phí
Medical Codes,Mã y tế
Clinical Procedures,Thủ thuật lâm sàng
Order Admission,Chỉ định nhập viện
Scheduling Patient Admission,Lập lịch nhập viện cho bệnh nhân
Order Discharge,Chỉ định xuất viện
Sample Details,Chi tiết mẫu
Collected On,Thời điểm lấy mẫu
No. of prints,Số bản in
Number of prints required for labelling the samples,Số lượng bản in cần thiết để dán nhãn mẫu
HLC-VTS-.YYYY.-,HLC-VTS-.YYYY.-
Payroll Cost Center,Trung tâm chi phí tiền lương
Approvers,Người phê duyệt
The first Approver in the list will be set as the default Approver.,Người phê duyệt đầu tiên trong danh sách sẽ được đặt làm người phê duyệt mặc định
Shift Request Approver,Người phê duyệt yêu cầu ca làm việc
Provident Fund Account,Tài khoản quỹ dự phòng
MICR Code,Mã MICR
Repay unclaimed amount from salary,Hoàn trả khoản tiền chưa nhận từ lương
Deduction from salary,Khấu trừ từ lương
If this is not checked the loan by default will be considered as a Demand Loan,"Nếu không chọn, khoản vay mặc định sẽ được xem là khoản vay theo yêu cầu"
This account is used for booking loan repayments from the borrower and also disbursing loans to the borrower,Tài khoản này được dùng để hạch toán các khoản hoàn trả khoản vay từ người vay và đồng thời giải ngân khoản vay cho người vay
This account is capital account which is used to allocate capital for loan disbursal account ,"Tài khoản này là tài khoản vốn, được dùng để phân bổ vốn cho tài khoản giải ngân khoản vay"
This account will be used for booking loan interest accruals,Tài khoản này được dùng để hạch toán lãi vay phải thu
This account will be used for booking penalties levied due to delayed repayments,Tài khoản này được dùng để hạch toán các khoản phạt do trả chậm
Variant BOM,BOM biến thể
Template Item,Mặt hàng mẫu
Select template item,Chọn mặt hàng mẫu
Select variant item code for the template item {0},Chọn mã mặt hàng biến thể cho mặt hàng mẫu {0}
Downtime Entry,Ghi nhận thời gian dừng máy
DT-,DT-
Workstation / Machine,Trạm làm việc / Máy móc
Operator,Người vận hành
In Mins,Tính bằng phút
Downtime Reason,Lý do dừng máy
Stop Reason,Lý do dừng
Excessive machine set up time,Thời gian thiết lập máy quá lâu
Unplanned machine maintenance,Bảo trì máy đột xuất
On-machine press checks,Kiểm tra máy trong quá trình vận hành
Machine operator errors,Lỗi do người vận hành máy
Machine malfunction,Máy móc gặp sự cố
Electricity down,Mất điện
Operation Row Number,Số dòng công đoạn
Operation {0} added multiple times in the work order {1},Công đoạn {0} được thêm nhiều lần trong lệnh sản xuất {1}
"If ticked, multiple materials can be used for a single Work Order. This is useful if one or more time consuming products are being manufactured.","Nếu được chọn, nhiều nguyên vật liệu có thể được sử dụng cho một Lệnh sản xuất. Điều này hữu ích khi sản xuất một hoặc nhiều sản phẩm tốn nhiều thời gian"
Backflush Raw Materials,Tự động xuất kho nguyên vật liệu
"The Stock Entry of type 'Manufacture' is known as backflush. Raw materials being consumed to manufacture finished goods is known as backflushing. <br><br> When creating Manufacture Entry, raw-material items are backflushed based on BOM of production item. If you want raw-material items to be backflushed based on Material Transfer entry made against that Work Order instead, then you can set it under this field.","Phiếu xuất kho loại “Sản xuất” được gọi là backflush. Việc tiêu thụ nguyên vật liệu để sản xuất thành phẩm được gọi là backflushing. <br><br> Khi tạo Phiếu sản xuất, nguyên vật liệu sẽ được backflush dựa trên BOM của mặt hàng sản xuất. Nếu bạn muốn nguyên vật liệu được backflush dựa trên Phiếu chuyển nguyên vật liệu đã tạo cho Lệnh sản xuất đó, bạn có thể thiết lập tại trường này"
Work In Progress Warehouse,Kho sản phẩm đang sản xuất
This Warehouse will be auto-updated in the Work In Progress Warehouse field of Work Orders.,Kho này sẽ được tự động cập nhật vào trường Kho sản phẩm đang sản xuất của Lệnh sản xuất
Finished Goods Warehouse,Kho thành phẩm
This Warehouse will be auto-updated in the Target Warehouse field of Work Order.,Kho này sẽ được tự động cập nhật vào trường Kho đích của Lệnh sản xuất
"If ticked, the BOM cost will be automatically updated based on Valuation Rate / Price List Rate / last purchase rate of raw materials.","Nếu được chọn, chi phí BOM sẽ được tự động cập nhật dựa trên Giá trị định giá / Giá bảng giá / Giá mua gần nhất của nguyên vật liệu"
Source Warehouses (Optional),Kho nguồn (Tùy chọn)
"System will pickup the materials from the selected warehouses. If not specified, system will create material request for purchase.","Hệ thống sẽ lấy nguyên vật liệu từ các kho đã chọn. Nếu không chỉ định, hệ thống sẽ tạo yêu cầu mua hàng"
Lead Time,Thời gian dẫn
PAN Details,Thông tin PAN
Create Customer,Tạo khách hàng
Invoicing,Lập hóa đơn
Enable Auto Invoicing,Kích hoạt lập hóa đơn tự động
Send Membership Acknowledgement,Gửi xác nhận tư cách thành viên
Send Invoice with Email,Gửi hóa đơn qua email
Membership Print Format,Định dạng in thẻ thành viên
Invoice Print Format,Định dạng in hóa đơn
Revoke <Key></Key>,Thu hồi <Key></Key>
You can learn more about memberships in the manual. ,Bạn có thể tìm hiểu thêm về tư cách thành viên trong tài liệu hướng dẫn
ERPNext Docs,Tài liệu ERPNext
Regenerate Webhook Secret,Tạo lại Webhook Secret
Generate Webhook Secret,Tạo Webhook Secret
Copy Webhook URL,Sao chép URL Webhook
Linked Item,Mặt hàng liên kết
Feedback By,Phản hồi bởi
Manufacturing Section,Phần sản xuất
"By default, the Customer Name is set as per the Full Name entered. If you want Customers to be named by a ","Theo mặc định, tên Khách hàng được đặt theo Họ tên đầy đủ đã nhập. Nếu bạn muốn Khách hàng được đặt tên theo"
Configure the default Price List when creating a new Sales transaction. Item prices will be fetched from this Price List.,Cấu hình bảng giá mặc định khi tạo giao dịch bán hàng mới. Giá mặt hàng sẽ được lấy từ bảng giá này
"If this option is configured 'Yes', ERPNext will prevent you from creating a Sales Invoice or Delivery Note without creating a Sales Order first. This configuration can be overridden for a particular Customer by enabling the 'Allow Sales Invoice Creation Without Sales Order' checkbox in the Customer master.","Nếu tùy chọn này được cấu hình là “Yes”, ERPNext sẽ không cho phép bạn tạo Hóa đơn bán hàng hoặc Phiếu giao hàng nếu chưa tạo Đơn bán hàng. Cấu hình này có thể được ghi đè cho từng Khách hàng bằng cách bật tùy chọn “Cho phép tạo Hóa đơn bán hàng không cần Đơn bán hàng” trong hồ sơ Khách hàng"
"If this option is configured 'Yes', ERPNext will prevent you from creating a Sales Invoice without creating a Delivery Note first. This configuration can be overridden for a particular Customer by enabling the 'Allow Sales Invoice Creation Without Delivery Note' checkbox in the Customer master.","Nếu tùy chọn này được cấu hình là “Yes”, ERPNext sẽ không cho phép bạn tạo Hóa đơn bán hàng nếu chưa tạo Phiếu giao hàng. Cấu hình này có thể được ghi đè cho từng Khách hàng bằng cách bật tùy chọn “Cho phép tạo Hóa đơn bán hàng không cần Phiếu giao hàng” trong hồ sơ Khách hàng"
Default Warehouse for Sales Return,Kho mặc định cho hàng bán trả lại
Default In Transit Warehouse,Kho trung chuyển mặc định
Enable Perpetual Inventory For Non Stock Items,Kích hoạt tồn kho thường xuyên cho mặt hàng không quản lý tồn kho
HRA Settings,Cài đặt HRA
Basic Component,Thành phần cơ bản
HRA Component,Thành phần HRA
Arrear Component,Thành phần truy lĩnh
Please enter the company name to confirm,Vui lòng nhập tên công ty để xác nhận
Quotation Lost Reason Detail,Chi tiết lý do mất báo giá
Enable Variants,Kích hoạt biến thể
Save Quotations as Draft,Lưu báo giá dưới dạng bản nháp
MAT-DN-RET-.YYYY.-,MAT-DN-RET-.YYYY.-
Against Delivery Note Item,Theo mặt hàng trong Phiếu giao hàng
Is Non GST ,Không thuộc phạm vi GST
Image Description,Mô tả hình ảnh
Transfer Status,Trạng thái chuyển kho
MAT-PR-RET-.YYYY.-,MAT-PR-RET-.YYYY.-
Track this Purchase Receipt against any Project,Theo dõi phiếu nhập hàng này theo dự án
Please Select a Supplier,Vui lòng chọn nhà cung cấp
Add to Transit,Thêm vào vận chuyển
Set Basic Rate Manually,Đặt giá cơ bản thủ công
"By default, the Item Name is set as per the Item Code entered. If you want Items to be named by a ","Theo mặc định, tên mặt hàng được đặt theo mã mặt hàng. Nếu muốn đặt tên mặt hàng theo chuỗi, hãy cấu hình tại đây"
Set a Default Warehouse for Inventory Transactions. This will be fetched into the Default Warehouse in the Item master.,Đặt kho mặc định cho các giao dịch tồn kho. Kho này sẽ được lấy vào kho mặc định trong hồ sơ mặt hàng
"This will allow stock items to be displayed in negative values. Using this option depends on your use case. With this option unchecked, the system warns before obstructing a transaction that is causing negative stock.","Cho phép hiển thị tồn kho âm. Việc bật tùy chọn này tùy thuộc vào quy trình của bạn. Nếu không bật, hệ thống sẽ cảnh báo khi giao dịch làm tồn kho âm"
Choose between FIFO and Moving Average Valuation Methods. ,Chọn giữa phương pháp định giá FIFO hoặc Bình quân gia quyền
 Click to know more about them.,Click để biết thêm thông tin
Show 'Scan Barcode' field above every child table to insert Items with ease.,Hiển thị trường “Quét mã vạch” trên mỗi bảng con để dễ thêm hàng hóa
"Serial numbers for stock will be set automatically based on the Items entered based on first in first out in transactions like Purchase/Sales Invoices, Delivery Notes, etc.","Số sê-ri sẽ được tự động gán theo nguyên tắc nhập trước xuất trước trong các giao dịch như Hóa đơn mua/bán, Phiếu giao hàng.."
"If blank, parent Warehouse Account or company default will be considered in transactions","Nếu để trống, hệ thống sẽ dùng tài khoản kho hoặc mặc định của công ty"
Service Level Agreement Details,Chi tiết thỏa thuận SLA (Cam kết mức dịch vụ)
Service Level Agreement Status,Trạng thái SLA
On Hold Since,Đang tạm dừng từ
Total Hold Time,Tổng thời gian tạm dừng
Response Details,Chi tiết phản hồi
Average Response Time,Thời gian phản hồi trung bình
User Resolution Time,Thời gian xử lý của người dùng
SLA is on hold since {0},SLA đang tạm dừng từ {0}
Pause SLA On Status,Tạm dừng SLA khi ở trạng thái
Pause SLA On,Tạm dừng SLA tại
Greetings Section,Phần chào mừng
Greeting Title,Tiêu đề chào mừng
Greeting Subtitle,Phụ đề chào mừng
Youtube ID,Mã YouTube
Youtube Statistics,Thống kê YouTube
Views,Lượt xem
Dislikes,Không thích
Video Settings,Cài đặt video
Enable YouTube Tracking,Bật theo dõi YouTube
30 mins,30 phút
1 hr,1 giờ
6 hrs,6 giờ
Patient Progress,Tiến triển bệnh nhân
Targetted,Mục tiêu
Score Obtained,Điểm đạt được
Sessions,Buổi điều trị
Average Score,Điểm trung bình
Select Assessment Template,Chọn mẫu đánh giá
 out of ,trên tổng số
Select Assessment Parameter,Chọn tham số đánh giá
Gender: ,Giới tính:
Contact: ,Liên hệ:
Total Therapy Sessions: ,Tổng số buổi điều trị:
Monthly Therapy Sessions: ,Buổi điều trị hàng tháng:
Patient Profile,Hồ sơ bệnh nhân
Email sent successfully.,Email đã được gửi thành công
Search by invoice id or customer name,Tìm kiếm theo mã hóa đơn hoặc tên khách hàng
Invoice Status,Trạng thái hóa đơn
Filter by invoice status,Lọc theo trạng thái hóa đơn
Select item group,Chọn nhóm hàng
No items found. Scan barcode again.,Không tìm thấy hàng. Hãy quét mã vạch lại
"Search by customer name, phone, email.","Tìm theo tên, số điện thoại hoặc email khách hàng"
Enter discount percentage.,Nhập phần trăm chiết khấu
Discount cannot be greater than 100%,Chiết khấu không được vượt quá 100%
Enter customer's email,Nhập email khách hàng
Enter customer's phone number,Nhập số điện thoại khách hàng
Customer contact updated successfully.,Cập nhật thông tin liên hệ khách hàng thành công
Item will be removed since no serial / batch no selected.,Hàng sẽ bị xóa vì chưa chọn số lô hoặc số sê-ri
Discount (%),Chiết khấu (%)
You cannot submit the order without payment.,Không thể gửi đơn hàng nếu chưa thanh toán
You cannot submit empty order.,Không thể gửi đơn hàng trống
To Be Paid,Cần thanh toán
Create POS Opening Entry,Tạo phiếu mở ca POS
Please add Mode of payments and opening balance details.,Vui lòng thêm phương thức thanh toán và số dư mở đầu
Toggle Recent Orders,Chuyển đổi đơn hàng gần đây
Save as Draft,Lưu dưới dạng nháp
You must add atleast one item to save it as draft.,Phải thêm ít nhất một mặt hàng để lưu nháp
There was an error saving the document.,Đã xảy ra lỗi khi lưu chứng từ
You must select a customer before adding an item.,Phải chọn khách hàng trước khi thêm mặt hàng
Active Leads,Khách hàng tiềm năng đang hoạt động
Please Select a Company.,Vui lòng chọn công ty
BOM Operations Time,Thời gian thao tác BOM
BOM ID,Mã BOM
BOM Item Code,Mã sản phẩm BOM
Time (In Mins),Thời gian (phút)
Sub-assembly BOM Count,Số lượng BOM bán thành phẩm
View Type,Kiểu hiển thị
Total Delivered Amount,Tổng giá trị đã giao
Downtime Analysis,Phân tích thời gian ngừng máy
Machine,Máy móc
Downtime (In Hours),Thời gian ngừng máy (giờ)
Employee Analytics,Phân tích nhân viên
"""From date"" can not be greater than or equal to ""To date""",&quot;Từ ngày&quot; không thể lớn hơn hoặc bằng &quot;Đến ngày&quot;
Exponential Smoothing Forecasting,Dự báo làm mượt theo hàm mũ
First Response Time for Issues,Thời gian phản hồi đầu tiên cho sự cố
First Response Time for Opportunity,Thời gian phản hồi đầu tiên cho cơ hội
Depreciatied Amount,Giá trị khấu hao
Date Based On,Dựa trên ngày
{0} and {1} are mandatory,{0} và {1} là bắt buộc
Consider Accounting Dimensions,Cân nhắc các chiều hạch toán kế toán
Reserved Quantity for Production,Số lượng dành riêng cho sản xuất
Projected Quantity,Số lượng dự kiến
 Total Sales Amount,Tổng doanh thu
Job Card Summary,Tổng hợp thẻ công việc
Time Required (In Mins),Thời gian cần thiết (phút)
From Posting Date,Từ ngày hạch toán
To Posting Date,Đến ngày hạch toán
No records found,Không tìm thấy bản ghi
Customer/Lead Name,Tên khách hàng / khách tiềm năng
Production Planning Report,Báo cáo kế hoạch sản xuất
Order Qty,Số lượng đặt
Raw Material Code,Mã nguyên liệu
Raw Material Name,Tên nguyên liệu
Allotted Qty,Số lượng được cấp
Expected Arrival Date,Ngày đến dự kiến
Arrival Quantity,Số lượng nhận
Raw Material Warehouse,Kho nguyên liệu
Order By,Sắp xếp theo
Include Sub-assembly Raw Materials,Bao gồm nguyên liệu phụ trợ
Program wise Fee Collection,Thu học phí theo chương trình
Fees Collected,Phí đã thu
Project Summary,Tổng quan dự án
Total Tasks,Tổng số công việc
Tasks Completed,Công việc đã hoàn thành
Tasks Overdue,Công việc quá hạn
Completion,Hoàn thành
Purchase Order Analysis,Phân tích đơn mua hàng
From and To Dates are required.,Bắt buộc nhập Từ ngày và Đến ngày
To Date cannot be before From Date.,Đến ngày không được trước Từ ngày
Qty to Bill,Số lượng cần xuất hóa đơn
Group by Purchase Order,Nhóm theo đơn mua hàng
 Purchase Value,Giá trị mua hàng
Total Received Amount,Tổng số tiền đã nhận
Quality Inspection Summary,Tổng hợp kiểm tra chất lượng
 Quoted Amount,Giá trị báo giá
Lead Time (Days),Thời gian giao hàng (ngày)
Include Expired,Bao gồm hàng hết hạn
Requested Items to Order and Receive,Các mặt hàng đã yêu cầu cần đặt và nhận
Sales Order Analysis,Phân tích đơn bán hàng
Amount Delivered,Giá trị đã giao
Delay (in Days),Độ trễ (ngày)
Group by Sales Order,Nhóm theo đơn bán hàng
 Sales Value,Giá trị bán hàng
Stock Qty vs Serial No Count,Số lượng tồn kho so với số sê-ri
Serial No Count,Số sê-ri đếm được
Work Order Summary,Tổng hợp lệnh sản xuất
Produce Qty,Số lượng sản xuất
Lead Time (in mins),Thời gian chờ (phút)
Charts Based On,Biểu đồ dựa trên
YouTube Interactions,Tương tác YouTube
Published Date,Ngày xuất bản
Barnch,Chi nhánh
Opportunity {0} created,Cơ hội {0} đã được tạo
Kindly select the company first,Vui lòng chọn công ty trước
Please enter From Date and To Date to generate JSON,Vui lòng nhập Từ ngày và Đến ngày để tạo tệp JSON
Download DATEV File,Tải xuống tệp DATEV
Numero has not set in the XML file,Thiếu số hóa đơn trong tệp XML
Inward Supplies(liable to reverse charge),Hàng nhập khẩu chịu thuế nghịch đảo
This is based on the course schedules of this Instructor,Dựa trên lịch học của giảng viên này
Course and Assessment,Khóa học và đánh giá
Course {0} has been added to all the selected programs successfully.,Khóa học {0} đã được thêm vào tất cả các chương trình đã chọn thành công
Programs updated,Chương trình đã được cập nhật
Program and Course,Chương trình và khóa học
{0} or {1} is mandatory,{0} hoặc {1} là bắt buộc
Mandatory Fields,Trường bắt buộc
Student {0}: {1} does not belong to Student Group {2},Học sinh {0}: {1} không thuộc nhóm học sinh {2}
Student Attendance record {0} already exists against the Student {1},Bản ghi điểm danh {0} đã tồn tại cho học sinh {1}
Course and Fee,Khóa học và học phí
Not eligible for the admission in this program as per Date Of Birth,Không đủ điều kiện nhập học chương trình này theo ngày sinh
Topic {0} has been added to all the selected courses successfully.,Chủ đề {0} đã được thêm vào tất cả các khóa học đã chọn thành công
Courses updated,Khóa học đã được cập nhật
{0} {1} has been added to all the selected topics successfully.,{0} {1} đã được thêm vào tất cả các chủ đề đã chọn thành công
Topics updated,Chủ đề đã được cập nhật
Academic Term and Program,Học kỳ và chương trình
Please remove this item and try to submit again or update the posting time.,Vui lòng xóa mục này và thử gửi lại hoặc cập nhật thời gian hạch toán
Failed to Authenticate the API key.,Không xác thực được khóa API
URL can only be a string,URL chỉ có thể là chuỗi ký tự
"Here is your webhook secret, this will be shown to you only once.","Đây là khóa Webhook của bạn, chỉ hiển thị một lần"
The payment for this membership is not paid. To generate invoice fill the payment details,"Thanh toán cho hội viên này chưa hoàn tất. Để tạo hóa đơn, hãy điền thông tin thanh toán"
An invoice is already linked to this document,Đã có hóa đơn liên kết với chứng từ này
No customer linked to member {},Chưa có khách hàng nào được liên kết với hội viên {}
You need to set <b>Debit Account</b> in Membership Settings,Bạn cần thiết lập <b>Tài khoản ghi nợ</b> trong Cài đặt hội viên
You need to set <b>Default Company</b> for invoicing in Membership Settings,Bạn cần thiết lập <b>Công ty mặc định</b> để lập hóa đơn trong Cài đặt hội viên
You need to enable <b>Send Acknowledge Email</b> in Membership Settings,Bạn cần bật <b>Gửi email xác nhận</b> trong Cài đặt hội viên
Error creating membership entry for {0},Lỗi khi tạo hội viên {0}
A customer is already linked to this Member,Khách hàng đã được liên kết với hội viên này
End Date must not be lesser than Start Date,Ngày kết thúc không được nhỏ hơn ngày bắt đầu
Employee {0} already has Active Shift {1}: {2},Nhân viên {0} đã có ca làm việc đang hoạt động {1}: {2}
 from {0},Từ {0}
 to {0},Đến {0}
Please set {0} for the Employee or for Department: {1},Vui lòng đặt {0} cho nhân viên hoặc phòng ban: {1}
Employee Onboarding: {0} is already for Job Applicant: {1},Quy trình tiếp nhận nhân viên: {0} đã thuộc ứng viên: {1}
Asset Value Analytics,Phân tích giá trị tài sản
Category-wise Asset Value,Giá trị tài sản theo nhóm
Total Assets,Tổng tài sản
New Assets (This Year),Tài sản mới (năm nay)
Row #{}: Depreciation Posting Date should not be equal to Available for Use Date.,Dòng #{}: Ngày hạch toán khấu hao không được trùng với Ngày sẵn sàng sử dụng
Incorrect Date,Ngày không hợp lệ
Invalid Gross Purchase Amount,Giá trị mua tài sản không hợp lệ
There are active maintenance or repairs against the asset. You must complete all of them before cancelling the asset.,Tài sản đang có bảo trì hoặc sửa chữa. Phải hoàn tất trước khi hủy tài sản
% Complete,% Hoàn thành
Back to Course,Quay lại khóa học
Finish Topic,Hoàn thành chủ đề
Mins,Phút
by,bởi
Back to,Quay lại
Enrolling...,Đang ghi danh...
You have successfully enrolled for the program ,Bạn đã đăng ký chương trình thành công
Enrolled,Đã ghi danh
Watch Intro,Xem giới thiệu
We're here to help!,Chúng tôi luôn sẵn sàng hỗ trợ!
Frequently Read Articles,Các bài viết được đọc nhiều
Please set a default company address,Vui lòng thiết lập địa chỉ công ty mặc định
{0} is not a valid state! Check for typos or enter the ISO code for your state.,{0} không phải là bang/tỉnh hợp lệ! Vui lòng kiểm tra lỗi chính tả hoặc nhập mã ISO cho bang/tỉnh của bạn.
Error occured while parsing Chart of Accounts: Please make sure that no two accounts have the same name,Đã xảy ra lỗi khi phân tích Hệ thống tài khoản: Vui lòng đảm bảo không có hai tài khoản trùng tên
Plaid invalid request error,Yêu cầu Plaid không hợp lệ
Please check your Plaid client ID and secret values,Vui lòng kiểm tra Client ID và Secret của Plaid
Bank transaction creation error,Lỗi tạo giao dịch ngân hàng
Unit of Measurement,Đơn vị đo lường
Row # {0}: Returned Item {1} does not exist in {2} {3},Dòng # {0}: Hàng trả lại {1} không tồn tại trong {2} {3}
Valuation type charges can not be marked as Inclusive,Chi phí theo loại định giá không thể được đánh dấu là Bao gồm
You do not have permissions to {} items in a {}.,Bạn không có quyền đối với các mặt hàng {} trong {}.
Insufficient Permissions,Không đủ quyền
You are not allowed to update as per the conditions set in {} Workflow.,Bạn không được phép cập nhật theo các điều kiện được thiết lập trong quy trình {}.
Expense Account Missing,Thiếu tài khoản chi phí
{0} is not a valid Value for Attribute {1} of Item {2}.,{0} không phải là giá trị hợp lệ cho thuộc tính {1} của mặt hàng {2}.
Invalid Value,Giá trị không hợp lệ
The value {0} is already assigned to an existing Item {1}.,Giá trị {0} đã được gán cho mặt hàng hiện có {1}.
"To still proceed with editing this Attribute Value, enable {0} in Item Variant Settings.","Để tiếp tục chỉnh sửa giá trị thuộc tính này, hãy bật {0} trong Cài đặt biến thể mặt hàng."
Edit Not Allowed,Không được phép chỉnh sửa
Row #{0}: Item {1} is already fully received in Purchase Order {2},Dòng #{0}: Mặt hàng {1} đã được nhận đủ trong Đơn mua hàng {2}
You cannot create or cancel any accounting entries with in the closed Accounting Period {0},Bạn không thể tạo hoặc hủy bất kỳ bút toán kế toán nào trong Kỳ kế toán đã đóng {0}
POS Invoice should have {} field checked.,Hóa đơn POS phải được chọn trường {}.
Invalid Item,Mặt hàng không hợp lệ
Row #{}: You cannot add postive quantities in a return invoice. Please remove item {} to complete the return.,Dòng #{}: Bạn không thể thêm số lượng dương trong hóa đơn trả hàng. Vui lòng xóa mặt hàng {} để hoàn tất việc trả hàng.
The selected change account {} doesn't belongs to Company {}.,Tài khoản tiền thừa {} được chọn không thuộc Công ty {}.
Atleast one invoice has to be selected.,Phải chọn ít nhất một hóa đơn.
Payment methods are mandatory. Please add at least one payment method.,Phương thức thanh toán là bắt buộc. Vui lòng thêm ít nhất một phương thức thanh toán.
Please select a default mode of payment,Vui lòng chọn phương thức thanh toán mặc định
You can only select one mode of payment as default,Bạn chỉ có thể chọn một phương thức thanh toán làm mặc định
Missing Account,Thiếu tài khoản
Customers not selected.,Chưa chọn khách hàng.
Statement of Accounts,Báo cáo sao kê tài khoản
Ageing Report Based On ,Báo cáo tuổi nợ dựa trên
Please enter distributed cost center,Vui lòng nhập trung tâm chi phí phân bổ
Total percentage allocation for distributed cost center should be equal to 100,Tổng tỷ lệ phân bổ cho trung tâm chi phí phân bổ phải bằng 100
Cannot enable Distributed Cost Center for a Cost Center already allocated in another Distributed Cost Center,Không thể bật Trung tâm chi phí phân bổ cho Trung tâm chi phí đã được phân bổ trong một Trung tâm chi phí phân bổ khác
Parent Cost Center cannot be added in Distributed Cost Center,Không thể thêm Trung tâm chi phí cha vào Trung tâm chi phí phân bổ
A Distributed Cost Center cannot be added in the Distributed Cost Center allocation table.,Không thể thêm một Trung tâm chi phí phân bổ vào bảng phân bổ Trung tâm chi phí phân bổ
Cost Center with enabled distributed cost center can not be converted to group,Trung tâm chi phí đã bật phân bổ không thể chuyển thành nhóm
Cost Center Already Allocated in a Distributed Cost Center cannot be converted to group,Trung tâm chi phí đã được phân bổ trong Trung tâm chi phí phân bổ không thể chuyển thành nhóm
Trial Period Start date cannot be after Subscription Start Date,Ngày bắt đầu dùng thử không được sau Ngày bắt đầu đăng ký
Subscription End Date must be after {0} as per the subscription plan,Ngày kết thúc đăng ký phải sau {0} theo gói đăng ký
Subscription End Date is mandatory to follow calendar months,Ngày kết thúc đăng ký là bắt buộc để theo tháng dương lịch
Row #{}: POS Invoice {} is not against customer {},Dòng #{}: Hóa đơn POS {} không thuộc về khách hàng {}
Row #{}: POS Invoice {} is not submitted yet,Dòng #{}: Hóa đơn POS {} chưa được nộp
Row #{}: POS Invoice {} has been {},Dòng #{}: Hóa đơn POS {} đã {}
No Supplier found for Inter Company Transactions which represents company {0},Không tìm thấy Nhà cung cấp cho Giao dịch nội bộ đại diện cho công ty {0}
No Customer found for Inter Company Transactions which represents company {0},Không tìm thấy Khách hàng cho Giao dịch nội bộ đại diện cho công ty {0}
Invalid Period,Kỳ không hợp lệ
Selected POS Opening Entry should be open.,Mục mở POS được chọn phải đang mở.
Invalid Opening Entry,Mục mở không hợp lệ
Please set a Company,Vui lòng thiết lập Công ty
"Sorry, this coupon code's validity has not started","Xin lỗi, mã khuyến mãi này chưa đến thời gian hiệu lực"
"Sorry, this coupon code's validity has expired","Xin lỗi, mã khuyến mãi này đã hết hạn"
"Sorry, this coupon code is no longer valid","Xin lỗi, mã khuyến mãi này không còn hiệu lực"
For the 'Apply Rule On Other' condition the field {0} is mandatory,"Với điều kiện “Áp dụng quy tắc cho khác”, trường {0} là bắt buộc"
{1} Not in Stock,{1} không có trong kho
Only {0} in Stock for item {1},Chỉ còn {0} trong kho cho mặt hàng {1}
Please enter a coupon code,Vui lòng nhập mã khuyến mãi
Please enter a valid coupon code,Vui lòng nhập mã khuyến mãi hợp lệ
Invalid Child Procedure,Thủ tục con không hợp lệ
Import Italian Supplier Invoice.,Nhập hóa đơn nhà cung cấp Ý.
"Valuation Rate for the Item {0}, is required to do accounting entries for {1} {2}.",Tỷ lệ định giá cho mặt hàng {0} là bắt buộc để thực hiện bút toán kế toán cho {1} {2}.
 Here are the options to proceed:,Dưới đây là các tùy chọn để tiếp tục:
"If the item is transacting as a Zero Valuation Rate item in this entry, please enable 'Allow Zero Valuation Rate' in the {0} Item table.","Nếu mặt hàng được giao dịch với tỷ lệ định giá bằng 0 trong chứng từ này, vui lòng bật “Cho phép tỷ lệ định giá bằng 0” trong bảng Mặt hàng {0}."
"If not, you can Cancel / Submit this entry ","Nếu không, bạn có thể Hủy / Gửi chứng từ này"
 performing either one below:,bằng cách thực hiện một trong các bước sau:
Create an incoming stock transaction for the Item.,Tạo giao dịch nhập kho cho mặt hàng.
Mention Valuation Rate in the Item master.,Khai báo Tỷ lệ định giá trong danh mục Mặt hàng.
Valuation Rate Missing,Thiếu tỷ lệ định giá
Serial Nos Required,Yêu cầu số sê-ri
Quantity Mismatch,Số lượng không khớp
"Please Restock Items and Update the Pick List to continue. To discontinue, cancel the Pick List.","Vui lòng bổ sung hàng và cập nhật Phiếu lấy hàng để tiếp tục. Để dừng lại, hãy hủy Phiếu lấy hàng."
Out of Stock,Hết hàng
{0} units of Item {1} is not available.,{0} đơn vị của mặt hàng {1} không khả dụng.
Item for row {0} does not match Material Request,Mặt hàng tại dòng {0} không khớp với Yêu cầu vật tư
Warehouse for row {0} does not match Material Request,Kho tại dòng {0} không khớp với Yêu cầu vật tư
Accounting Entry for Service,Bút toán kế toán cho dịch vụ
All items have already been Invoiced/Returned,Tất cả các mặt hàng đã được lập hóa đơn/đã trả
All these items have already been Invoiced/Returned,Tất cả các mặt hàng này đã được lập hóa đơn/đã trả
Stock Reconciliations,Đối chiếu tồn kho
Merge not allowed,Không cho phép gộp
The following deleted attributes exist in Variants but not in the Template. You can either delete the Variants or keep the attribute(s) in template.,Các thuộc tính đã bị xóa sau đây tồn tại trong Biến thể nhưng không có trong Mẫu. Bạn có thể xóa các Biến thể hoặc giữ thuộc tính trong mẫu.
Variant Items,Mặt hàng biến thể
Variant Attribute Error,Lỗi thuộc tính biến thể
The serial no {0} does not belong to item {1},Số sê-ri {0} không thuộc về mặt hàng {1}
There is no batch found against the {0}: {1},Không tìm thấy lô nào cho {0}: {1}
Completed Operation,Hoàn thành thao tác
Work Order Analysis,Phân tích lệnh sản xuất
Quality Inspection Analysis,Phân tích kiểm tra chất lượng
Pending Work Order,Lệnh sản xuất đang chờ
Last Month Downtime Analysis,Phân tích thời gian ngừng hoạt động tháng trước
Work Order Qty Analysis,Phân tích số lượng lệnh sản xuất
Job Card Analysis,Phân tích thẻ công việc
Monthly Total Work Orders,Tổng lệnh sản xuất theo tháng
Monthly Completed Work Orders,Lệnh sản xuất hoàn thành theo tháng
Ongoing Job Cards,Thẻ công việc đang thực hiện
Monthly Quality Inspections,Kiểm tra chất lượng theo tháng
(Forecast),(Dự báo)
Total Demand (Past Data),Tổng nhu cầu (Dữ liệu quá khứ)
Total Forecast (Past Data),Tổng dự báo (Dữ liệu quá khứ)
Total Forecast (Future Data),Tổng dự báo (Dữ liệu tương lai)
Based On Document,Dựa trên chứng từ
Based On Data ( in years ),Dựa trên dữ liệu (theo năm)
Smoothing Constant,Hằng số làm mượt
Please fill the Sales Orders table,Vui lòng điền bảng Đơn bán hàng
Sales Orders Required,Yêu cầu Đơn bán hàng
Please fill the Material Requests table,Vui lòng điền bảng Yêu cầu vật tư
Material Requests Required,Yêu cầu Yêu cầu vật tư
Items to Manufacture are required to pull the Raw Materials associated with it.,Cần có Mặt hàng cần sản xuất để lấy Nguyên vật liệu liên quan.
Items Required,Yêu cầu mặt hàng
Operation {0} does not belong to the work order {1},Công đoạn {0} không thuộc về lệnh sản xuất {1}
Print UOM after Quantity,In đơn vị tính sau số lượng
Set default {0} account for perpetual inventory for non stock items,Thiết lập tài khoản {0} mặc định cho tồn kho thường xuyên đối với mặt hàng không tồn kho
Row #{0}: Child Item should not be a Product Bundle. Please remove Item {1} and Save,Dòng #{0}: Mặt hàng con không được là Gói sản phẩm. Vui lòng xóa mặt hàng {1} và Lưu
Credit limit reached for customer {0},Đã đạt giới hạn tín dụng cho khách hàng {0}
Could not auto create Customer due to the following missing mandatory field(s):,Không thể tự động tạo Khách hàng do thiếu các trường bắt buộc sau:
Please create Customer from Lead {0}.,Vui lòng tạo Khách hàng từ Khách tiềm năng {0}.
Mandatory Missing,Thiếu bắt buộc
From Date can not be greater than To Date.,Từ ngày không được lớn hơn Đến ngày.
Row #{0}: Please enter the result value for {1},Dòng #{0}: Vui lòng nhập giá trị kết quả cho {1}
Mandatory Results,Kết quả bắt buộc
Sales Invoice or Patient Encounter is required to create Lab Tests,Cần có Hóa đơn bán hàng hoặc Lần khám bệnh để tạo Xét nghiệm
Insufficient Data,Không đủ dữ liệu
Lab Test(s) {0} created successfully,Đã tạo thành công Xét nghiệm {0}
Test :,Xét nghiệm:
Sample Collection {0} has been created,Đã tạo Thu thập mẫu {0}
Normal Range: ,Khoảng bình thường:
Row #{0}: Check Out datetime cannot be less than Check In datetime,Dòng #{0}: Thời gian Check Out không được sớm hơn thời gian Check In
"Missing required details, did not create Inpatient Record","Thiếu thông tin bắt buộc, không tạo Hồ sơ nội trú"
Unbilled Invoices,Hóa đơn chưa lập hóa đơn
Standard Selling Rate should be greater than zero.,Giá bán tiêu chuẩn phải lớn hơn 0.
Conversion Factor is mandatory,Hệ số quy đổi là bắt buộc
Row #{0}: Conversion Factor is mandatory,Dòng #{0}: Hệ số quy đổi là bắt buộc
Sample Quantity cannot be negative or 0,Số lượng mẫu không được âm hoặc bằng 0
Invalid Quantity,Số lượng không hợp lệ
"Please set defaults for Customer Group, Territory and Selling Price List in Selling Settings","Vui lòng thiết lập mặc định cho Nhóm khách hàng, Khu vực và Bảng giá bán trong Cài đặt bán hàng"
{0} on {1},{0} trên {1}
{0} with {1},{0} với {1}
Appointment Confirmation Message Not Sent,Tin nhắn xác nhận lịch hẹn chưa được gửi
"SMS not sent, please check SMS Settings","SMS chưa được gửi, vui lòng kiểm tra Cài đặt SMS"
Healthcare Service Unit Type cannot have both {0} and {1},Loại Đơn vị Dịch vụ Y tế không thể có cả {0} và {1}
Healthcare Service Unit Type must allow atleast one among {0} and {1},Loại Đơn vị Dịch vụ Y tế phải cho phép ít nhất một trong {0} và {1}
Set Response Time and Resolution Time for Priority {0} in row {1}.,Thiết lập Thời gian phản hồi và Thời gian xử lý cho Mức ưu tiên {0} tại dòng {1}.
Response Time for {0} priority in row {1} can't be greater than Resolution Time.,Thời gian phản hồi cho mức ưu tiên {0} tại dòng {1} không được lớn hơn Thời gian xử lý.
{0} is not enabled in {1},{0} chưa được bật trong {1}
Group by Material Request,Nhóm theo Yêu cầu vật tư
Email Sent to Supplier {0},Email đã gửi tới Nhà cung cấp {0}
"The Access to Request for Quotation From Portal is Disabled. To Allow Access, Enable it in Portal Settings.","Quyền truy cập Yêu cầu báo giá từ Cổng thông tin đang bị tắt. Để cho phép truy cập, hãy bật trong Cài đặt Cổng thông tin."
Supplier Quotation {0} Created,Đã tạo Báo giá nhà cung cấp {0}
Unlink Advance Payment on Cancellation of Order,Hủy liên kết thanh toán trước khi hủy đơn hàng
"Simple Python Expression, Example: territory != 'All Territories'","Biểu thức Python đơn giản, ví dụ: territory != 'All Territories'"
Sales Contributions and Incentives,Đóng góp bán hàng và khuyến khích
Sourced by Supplier,Nguồn từ Nhà cung cấp
Total weightage assigned should be 100%.<br>It is {0},Tổng trọng số được phân bổ phải là 100%.<br>Hiện tại là {0}
Account {0} exists in parent company {1}.,Tài khoản {0} tồn tại trong công ty mẹ {1}.
"To overrule this, enable '{0}' in company {1}","Để ghi đè, hãy bật '{0}' trong công ty {1}"
Invalid condition expression,Biểu thức điều kiện không hợp lệ
Please Select a Company First,Vui lòng chọn Công ty trước
Please Select Both Company and Party Type First,Vui lòng chọn cả Công ty và Loại đối tượng trước
Provide the invoice portion in percent,Cung cấp tỷ lệ phần trăm của hóa đơn
Give number of days according to prior selection,Cung cấp số ngày theo lựa chọn trước
Email Details,Chi tiết email
"Select a greeting for the receiver. E.g. Mr., Ms., etc.","Chọn lời chào cho người nhận. Ví dụ: Ông, Bà, v.v."
Preview Email,Xem trước email
Supplier Lead Time (days),Thời gian giao hàng của Nhà cung cấp (ngày)
"Home, Work, etc.","Nhà riêng, Công việc, v.v."
Exit Interview Held On,Ngày thực hiện phỏng vấn nghỉ việc
POS Register,Sổ POS
"Can not filter based on POS Profile, if grouped by POS Profile",Không thể lọc theo Hồ sơ POS nếu được nhóm theo Hồ sơ POS
"Can not filter based on Customer, if grouped by Customer",Không thể lọc theo Khách hàng nếu được nhóm theo Khách hàng
"Can not filter based on Cashier, if grouped by Cashier",Không thể lọc theo Thu ngân nếu được nhóm theo Thu ngân
Payment Method,Phương thức thanh toán
"Can not filter based on Payment Method, if grouped by Payment Method",Không thể lọc theo Phương thức thanh toán nếu được nhóm theo Phương thức thanh toán
Supplier Quotation Comparison,So sánh báo giá nhà cung cấp
Price per Unit (Stock UOM),Giá mỗi đơn vị (ĐVT tồn kho)
Group by Item,Nhóm theo Mặt hàng
Remember to set {field_label}. It is required by {regulation}.,Nhớ thiết lập {field_label}. Trường này được yêu cầu bởi {regulation}.
Enrollment Date cannot be before the Start Date of the Academic Year {0},Ngày ghi danh không được trước Ngày bắt đầu Năm học {0}
Enrollment Date cannot be after the End Date of the Academic Term {0},Ngày ghi danh không được sau Ngày kết thúc Học kỳ {0}
Enrollment Date cannot be before the Start Date of the Academic Term {0},Ngày ghi danh không được trước Ngày bắt đầu Học kỳ {0}
Future Posting Not Allowed,Không cho phép hạch toán trong tương lai
"To enable Capital Work in Progress Accounting, ","Để bật hạch toán Chi phí xây dựng dở dang,"
you must select Capital Work in Progress Account in accounts table,bạn phải chọn Tài khoản Chi phí xây dựng dở dang trong bảng tài khoản
You can also set default CWIP account in Company {},Bạn cũng có thể thiết lập tài khoản CWIP mặc định trong Công ty {}
The Request for Quotation can be accessed by clicking on the following button,Yêu cầu báo giá có thể được truy cập bằng cách nhấp vào nút sau
Regards,Trân trọng
Please click on the following button to set your new password,Vui lòng nhấp vào nút sau để thiết lập mật khẩu mới
Update Password,Cập nhật mật khẩu
Row #{}: Selling rate for item {} is lower than its {}. Selling {} should be atleast {},Dòng #{}: Giá bán của mặt hàng {} thấp hơn {} của nó. Giá bán {} phải ít nhất là {}
You can alternatively disable selling price validation in {} to bypass this validation.,Bạn cũng có thể tắt kiểm tra giá bán trong {} để bỏ qua kiểm tra này.
Invalid Selling Price,Giá bán không hợp lệ
Address needs to be linked to a Company. Please add a row for Company in the Links table.,Địa chỉ cần được liên kết với một Công ty. Vui lòng thêm một dòng cho Công ty trong bảng Liên kết.
Company Not Linked,Công ty chưa được liên kết
Import Chart of Accounts from CSV / Excel files,Nhập Hệ thống tài khoản từ tệp CSV / Excel
Completed Qty cannot be greater than 'Qty to Manufacture',Số lượng hoàn thành không được lớn hơn “Số lượng cần sản xuất”
"Row {0}: For Supplier {1}, Email Address is Required to send an email","Dòng {0}: Với Nhà cung cấp {1}, cần có Địa chỉ Email để gửi email"
"If enabled, the system will post accounting entries for inventory automatically","Nếu được bật, hệ thống sẽ tự động hạch toán tồn kho"
Accounts Frozen Till Date,Khóa sổ kế toán đến ngày
Accounting entries are frozen up to this date. Nobody can create or modify entries except users with the role specified below,Các bút toán kế toán bị khóa đến ngày này. Không ai có thể tạo hoặc chỉnh sửa bút toán ngoại trừ người dùng có vai trò được chỉ định bên dưới
Role Allowed to Set Frozen Accounts and Edit Frozen Entries,Vai trò được phép thiết lập khóa sổ và chỉnh sửa bút toán bị khóa
Address used to determine Tax Category in transactions,Địa chỉ dùng để xác định Loại thuế trong giao dịch
"The percentage you are allowed to bill more against the amount ordered. For example, if the order value is $100 for an item and tolerance is set as 10%, then you are allowed to bill up to $110 ","Tỷ lệ phần trăm cho phép xuất hóa đơn vượt so với giá trị đã đặt. Ví dụ: nếu giá trị đơn hàng là $100 và dung sai là 10%, thì bạn được phép xuất hóa đơn tối đa $110"
This role is allowed to submit transactions that exceed credit limits,Vai trò này được phép gửi chứng từ vượt hạn mức tín dụng
"If ""Months"" is selected, a fixed amount will be booked as deferred revenue or expense for each month irrespective of the number of days in a month. It will be prorated if deferred revenue or expense is not booked for an entire month","Nếu chọn “Tháng”, một khoản cố định sẽ được ghi nhận là doanh thu hoặc chi phí hoãn lại cho mỗi tháng bất kể số ngày trong tháng. Sẽ được phân bổ theo tỷ lệ nếu không ghi nhận đủ cả tháng"
"If this is unchecked, direct GL entries will be created to book deferred revenue or expense","Nếu không chọn, các bút toán GL trực tiếp sẽ được tạo để ghi nhận doanh thu hoặc chi phí hoãn lại"
Show Inclusive Tax in Print,Hiển thị thuế bao gồm khi in
Only select this if you have set up the Cash Flow Mapper documents,Chỉ chọn tùy chọn này nếu bạn đã thiết lập các tài liệu Ánh xạ dòng tiền
Payment Channel,Kênh thanh toán
Is Purchase Order Required for Purchase Invoice & Receipt Creation?,Có bắt buộc Đơn mua hàng để tạo Hóa đơn mua & Phiếu nhập không?
Is Purchase Receipt Required for Purchase Invoice Creation?,Có bắt buộc Phiếu nhập để tạo Hóa đơn mua không?
Maintain Same Rate Throughout the Purchase Cycle,Duy trì cùng một đơn giá trong suốt chu kỳ mua hàng
Allow Item To Be Added Multiple Times in a Transaction,Cho phép thêm cùng một mặt hàng nhiều lần trong một giao dịch
Suppliers,Nhà cung cấp
Send Emails to Suppliers,Gửi email cho Nhà cung cấp
Select a Supplier,Chọn Nhà cung cấp
Cannot mark attendance for future dates.,Không thể chấm công cho ngày trong tương lai.
Do you want to update attendance? <br> Present: {0} <br> Absent: {1},Bạn có muốn cập nhật chấm công không? <br> Có mặt: {0} <br> Vắng mặt: {1}
Mpesa Settings,Cài đặt Mpesa
Initiator Name,Tên người khởi tạo
Till Number,Số Till
 Online PassKey,Khóa Pass trực tuyến
Security Credential,Thông tin bảo mật
Get Account Balance,Lấy số dư tài khoản
Please set the initiator name and the security credential,Vui lòng thiết lập tên người khởi tạo và thông tin bảo mật
Inpatient Medication Entry,Ghi nhận thuốc nội trú
HLC-IME-.YYYY.-,HLC-IME-.YYYY.-
Item Code (Drug),Mã mặt hàng (Thuốc)
Medication Orders,Y lệnh thuốc
Get Pending Medication Orders,Lấy y lệnh thuốc đang chờ
Inpatient Medication Orders,Y lệnh thuốc nội trú
Medication Warehouse,Kho thuốc
Warehouse from where medication stock should be consumed,Kho dùng để xuất tồn thuốc
Fetching Pending Medication Orders,Đang lấy y lệnh thuốc đang chờ
Inpatient Medication Entry Detail,Chi tiết ghi nhận thuốc nội trú
Medication Details,Chi tiết thuốc
Drug Code,Mã thuốc
Drug Name,Tên thuốc
Against Inpatient Medication Order,Theo y lệnh thuốc nội trú
Against Inpatient Medication Order Entry,Theo phiếu y lệnh thuốc nội trú
Inpatient Medication Order,Y lệnh thuốc nội trú
HLC-IMO-.YYYY.-,HLC-IMO-.YYYY.-
Total Orders,Tổng số y lệnh
Completed Orders,Y lệnh đã hoàn thành
Add Medication Orders,Thêm y lệnh thuốc
Adding Order Entries,Đang thêm các dòng y lệnh
{0} medication orders completed,{0} y lệnh thuốc đã hoàn thành
{0} medication order completed,{0} y lệnh thuốc đã hoàn thành
Inpatient Medication Order Entry,Dòng y lệnh thuốc nội trú
Is Order Completed,Đã hoàn thành y lệnh
Employee Records to Be Created By,Hồ sơ nhân viên được tạo bởi
Employee records are created using the selected field,Hồ sơ nhân viên được tạo bằng trường được chọn
Don't send employee birthday reminders,Không gửi nhắc sinh nhật nhân viên
Restrict Backdated Leave Applications,Hạn chế đơn xin nghỉ phép lùi ngày
Sequence ID,Mã trình tự
Allow multiple material consumptions against a Work Order,Cho phép tiêu thụ nhiều nguyên vật liệu cho một Lệnh sản xuất
Plan time logs outside Workstation working hours,Lập kế hoạch ghi nhận thời gian ngoài giờ làm việc của Trạm làm việc
Plan operations X days in advance,Lập kế hoạch công đoạn trước X ngày
Time Between Operations (Mins),Thời gian giữa các công đoạn (phút)
Default: 10 mins,Mặc định: 10 phút
Overproduction for Sales and Work Order,Cho phép sản xuất vượt cho Bán hàng và Lệnh sản xuất
"Update BOM cost automatically via scheduler, based on the latest Valuation Rate/Price List Rate/Last Purchase Rate of raw materials","Tự động cập nhật chi phí BOM theo lịch, dựa trên Tỷ lệ định giá/Bảng giá/Tỷ lệ mua gần nhất của nguyên vật liệu"
Purchase Order already created for all Sales Order items,Đã tạo Đơn mua hàng cho tất cả các mặt hàng trong Đơn bán hàng
Select Items,Chọn mặt hàng
Against Default Supplier,Theo Nhà cung cấp mặc định
Auto close Opportunity after the no. of days mentioned above,Tự động đóng Cơ hội sau số ngày nêu trên
Is Sales Order Required for Sales Invoice & Delivery Note Creation?,Có bắt buộc Đơn bán hàng để tạo Hóa đơn bán & Phiếu giao hàng không?
Is Delivery Note Required for Sales Invoice Creation?,Có bắt buộc Phiếu giao hàng để tạo Hóa đơn bán không?
How often should Project and Company be updated based on Sales Transactions?,Tần suất cập nhật Dự án và Công ty dựa trên Giao dịch bán hàng là bao lâu?
Allow User to Edit Price List Rate in Transactions,Cho phép người dùng chỉnh sửa đơn giá trong giao dịch
Allow Multiple Sales Orders Against a Customer's Purchase Order,Cho phép nhiều Đơn bán hàng theo Đơn mua của Khách hàng
Validate Selling Price for Item Against Purchase Rate or Valuation Rate,Kiểm tra giá bán của mặt hàng so với giá mua hoặc tỷ lệ định giá
Hide Customer's Tax ID from Sales Transactions,Ẩn Mã số thuế của Khách hàng trong giao dịch bán hàng
"The percentage you are allowed to receive or deliver more against the quantity ordered. For example, if you have ordered 100 units, and your Allowance is 10%, then you are allowed to receive 110 units.",Tỷ lệ phần trăm cho phép nhận hoặc giao vượt so với số lượng đã đặt. Ví dụ: nếu bạn đặt 100 đơn vị và dung sai là 10% thì được phép nhận 110 đơn vị.
Action If Quality Inspection Is Not Submitted,Hành động khi Kiểm tra chất lượng chưa được nộp
Auto Insert Price List Rate If Missing,Tự động chèn đơn giá từ Bảng giá nếu bị thiếu
Set Qty in Transactions Based on Serial No Input,Thiết lập số lượng trong giao dịch dựa trên nhập Số sê-ri
Raise Material Request When Stock Reaches Re-order Level,Tạo Yêu cầu vật tư khi tồn kho chạm mức đặt hàng lại
Notify by Email on Creation of Automatic Material Request,Thông báo qua email khi tạo Yêu cầu vật tư tự động
Allow Material Transfer from Delivery Note to Sales Invoice,Cho phép chuyển vật tư từ Phiếu giao hàng sang Hóa đơn bán
Allow Material Transfer from Purchase Receipt to Purchase Invoice,Cho phép chuyển vật tư từ Phiếu nhập sang Hóa đơn mua
Freeze Stocks Older Than (Days),Đóng băng tồn kho cũ hơn (ngày)
Role Allowed to Edit Frozen Stock,Vai trò được phép chỉnh sửa tồn kho bị đóng băng
The unallocated amount of Payment Entry {0} is greater than the Bank Transaction's unallocated amount,Số tiền chưa phân bổ của Phiếu thanh toán {0} lớn hơn số tiền chưa phân bổ của Giao dịch ngân hàng
Payment Received,Đã nhận thanh toán
Attendance cannot be marked outside of Academic Year {0},Không thể chấm công ngoài Năm học {0}
Student is already enrolled via Course Enrollment {0},Sinh viên đã được ghi danh thông qua Ghi danh khóa học {0}
Attendance cannot be marked for future dates.,Không thể chấm công cho ngày trong tương lai.
Please add programs to enable admission application.,Vui lòng thêm chương trình để bật đơn đăng ký tuyển sinh.
The following employees are currently still reporting to {0}:,Các nhân viên sau hiện vẫn đang báo cáo cho {0}:
Please make sure the employees above report to another Active employee.,Vui lòng đảm bảo các nhân viên trên báo cáo cho một nhân viên đang hoạt động khác.
Cannot Relieve Employee,Không thể cho nghỉ việc nhân viên
Please enter {0},Vui lòng nhập {0}
Please select another payment method. Mpesa does not support transactions in currency '{0}',Vui lòng chọn phương thức thanh toán khác. Mpesa không hỗ trợ giao dịch với tiền tệ ‘{0}’
Transaction Error,Lỗi giao dịch
Mpesa Express Transaction Error,Lỗi giao dịch Mpesa Express
"Issue detected with Mpesa configuration, check the error logs for more details","Phát hiện sự cố với cấu hình Mpesa, vui lòng kiểm tra nhật ký lỗi để biết thêm chi tiết"
Mpesa Express Error,Lỗi Mpesa Express
Account Balance Processing Error,Lỗi xử lý số dư tài khoản
Please check your configuration and try again,Vui lòng kiểm tra cấu hình và thử lại
Mpesa Account Balance Processing Error,Lỗi xử lý số dư tài khoản Mpesa
Balance Details,Chi tiết số dư
Current Balance,Số dư hiện tại
Available Balance,Số dư khả dụng
Reserved Balance,Số dư đã giữ
Uncleared Balance,Số dư chưa đối soát
Payment related to {0} is not completed,Khoản thanh toán liên quan đến {0} chưa hoàn tất
Row #{}: Item Code: {} is not available under warehouse {}.,Dòng #{}: Mã mặt hàng {} không khả dụng trong kho {}.
Row #{}: Stock quantity not enough for Item Code: {} under warehouse {}. Available quantity {}.,Dòng #{}: Tồn kho không đủ cho Mã mặt hàng {} tại kho {}. Số lượng khả dụng {}.
Row #{}: Please select a serial no and batch against item: {} or remove it to complete transaction.,Dòng #{}: Vui lòng chọn số sê-ri và lô cho mặt hàng {} hoặc xóa để hoàn tất giao dịch.
Row #{}: No serial number selected against item: {}. Please select one or remove it to complete transaction.,Dòng #{}: Chưa chọn số sê-ri cho mặt hàng {}. Vui lòng chọn hoặc xóa để hoàn tất giao dịch.
Row #{}: No batch selected against item: {}. Please select a batch or remove it to complete transaction.,Dòng #{}: Chưa chọn lô cho mặt hàng {}. Vui lòng chọn lô hoặc xóa để hoàn tất giao dịch.
Payment amount cannot be less than or equal to 0,Số tiền thanh toán không được nhỏ hơn hoặc bằng 0
Please enter the phone number first,Vui lòng nhập số điện thoại trước
Row #{}: {} {} does not exist.,Dòng #{}: {} {} không tồn tại.
Row #{0}: {1} is required to create the Opening {2} Invoices,Dòng #{0}: Cần có {1} để tạo Hóa đơn mở đầu {2}
You had {} errors while creating opening invoices. Check {} for more details,Bạn gặp {} lỗi khi tạo hóa đơn mở đầu. Kiểm tra {} để biết thêm chi tiết
Error Occured,Đã xảy ra lỗi
Opening Invoice Creation In Progress,Đang tạo hóa đơn mở đầu
Creating {} out of {} {},Đang tạo {} trên tổng {} {}
(Serial No: {0}) cannot be consumed as it's reserverd to fullfill Sales Order {1}.,(Số sê-ri: {0}) không thể xuất dùng vì đã được giữ để đáp ứng Đơn bán hàng {1}.
Item {0} {1},Mặt hàng {0} {1}
Last Stock Transaction for item {0} under warehouse {1} was on {2}.,Giao dịch tồn kho gần nhất của mặt hàng {0} tại kho {1} là vào {2}.
Stock Transactions for Item {0} under warehouse {1} cannot be posted before this time.,Không thể ghi nhận giao dịch tồn kho cho mặt hàng {0} tại kho {1} trước thời điểm này.
Posting future stock transactions are not allowed due to Immutable Ledger,Không cho phép ghi nhận giao dịch tồn kho trong tương lai do Sổ cái bất biến
A BOM with name {0} already exists for item {1}.,Đã tồn tại BOM tên {0} cho mặt hàng {1}.
{0}{1} Did you rename the item? Please contact Administrator / Tech support,{0}{1} Bạn có đổi tên mặt hàng không? Vui lòng liên hệ Quản trị viên / Hỗ trợ kỹ thuật
At row #{0}: the sequence id {1} cannot be less than previous row sequence id {2},Tại dòng #{0}: mã trình tự {1} không được nhỏ hơn mã trình tự của dòng trước {2}
The {0} ({1}) must be equal to {2} ({3}),{0} ({1}) phải bằng {2} ({3})
"{0}, complete the operation {1} before the operation {2}.","{0}, hãy hoàn tất công đoạn {1} trước công đoạn {2}."
Cannot ensure delivery by Serial No as Item {0} is added with and without Ensure Delivery by Serial No.,Không thể đảm bảo giao hàng theo Số sê-ri vì mặt hàng {0} được thêm cả có và không có đảm bảo giao theo Số sê-ri.
Item {0} has no Serial No. Only serilialized items can have delivery based on Serial No,Mặt hàng {0} không có Số sê-ri. Chỉ mặt hàng được quản lý theo Số sê-ri mới có thể giao theo Số sê-ri
No active BOM found for item {0}. Delivery by Serial No cannot be ensured,Không tìm thấy BOM đang hoạt động cho mặt hàng {0}. Không thể đảm bảo giao theo Số sê-ri
No pending medication orders found for selected criteria,Không tìm thấy y lệnh thuốc đang chờ theo tiêu chí đã chọn
From Date cannot be after the current date.,Từ ngày không được sau ngày hiện tại.
To Date cannot be after the current date.,Đến ngày không được sau ngày hiện tại.
From Time cannot be after the current time.,Từ giờ không được sau thời điểm hiện tại.
To Time cannot be after the current time.,Đến giờ không được sau thời điểm hiện tại.
Stock Entry {0} created and ,Phiếu nhập kho {0} đã được tạo và
Inpatient Medication Orders updated successfully,Y lệnh thuốc nội trú đã được cập nhật thành công
Row {0}: Cannot create Inpatient Medication Entry against cancelled Inpatient Medication Order {1},Dòng {0}: Không thể tạo Ghi nhận thuốc nội trú cho Y lệnh thuốc nội trú đã hủy {1}
Row {0}: This Medication Order is already marked as completed,Dòng {0}: Y lệnh thuốc này đã được đánh dấu hoàn thành
Quantity not available for {0} in warehouse {1},Không đủ số lượng cho {0} tại kho {1}
Please enable Allow Negative Stock in Stock Settings or create Stock Entry to proceed.,Vui lòng bật Cho phép tồn kho âm trong Cài đặt tồn kho hoặc tạo Phiếu nhập/xuất để tiếp tục.
No Inpatient Record found against patient {0},Không tìm thấy Hồ sơ nội trú cho bệnh nhân {0}
An Inpatient Medication Order {0} against Patient Encounter {1} already exists.,Y lệnh thuốc nội trú {0} theo Lần khám {1} đã tồn tại.
Allow In Returns,Cho phép trong trả hàng
Hide Unavailable Items,Ẩn mặt hàng không khả dụng
Apply Discount on Discounted Rate,Áp dụng chiết khấu trên đơn giá đã chiết khấu
Therapy Plan Template,Mẫu kế hoạch điều trị
Fetching Template Details,Đang lấy chi tiết mẫu
Linked Item Details,Chi tiết mặt hàng liên kết
Therapy Types,Loại điều trị
Therapy Plan Template Detail,Chi tiết mẫu kế hoạch điều trị
Non Conformance,Không phù hợp
Process Owner,Chủ quy trình
Corrective Action,Hành động khắc phục
Preventive Action,Hành động phòng ngừa
Problem,Vấn đề
Responsible,Người chịu trách nhiệm
Completion By,Hoàn thành trước
Process Owner Full Name,Họ tên đầy đủ của Chủ quy trình
Right Index,Ngón trỏ phải
Left Index,Ngón trỏ trái
Sub Procedure,Thủ tục con
Passed,Đạt
Print Receipt,In biên lai
Edit Receipt,Sửa biên lai
Focus on search input,Tập trung vào ô tìm kiếm
Focus on Item Group filter,Tập trung vào bộ lọc Nhóm mặt hàng
Checkout Order / Submit Order / New Order,Thanh toán đơn / Gửi đơn / Đơn mới
Add Order Discount,Thêm chiết khấu đơn hàng
Item Code: {0} is not available under warehouse {1}.,Mã mặt hàng {0} không khả dụng trong kho {1}.
Serial numbers unavailable for Item {0} under warehouse {1}. Please try changing warehouse.,Không có số sê-ri cho mặt hàng {0} tại kho {1}. Vui lòng thử đổi kho.
Fetched only {0} available serial numbers.,Chỉ lấy được {0} số sê-ri khả dụng.
Switch Between Payment Modes,Chuyển đổi giữa các phương thức thanh toán
Enter {0} amount.,Nhập số tiền {0}.
You don't have enough points to redeem.,Bạn không đủ điểm để đổi.
You can redeem upto {0}.,Bạn có thể đổi tối đa {0}.
Enter amount to be redeemed.,Nhập số tiền cần đổi.
You cannot redeem more than {0}.,Bạn không thể đổi nhiều hơn {0}.
Open Form View,Mở chế độ xem biểu mẫu
POS invoice {0} created succesfully,Hóa đơn POS {0} đã được tạo thành công
Stock quantity not enough for Item Code: {0} under warehouse {1}. Available quantity {2}.,Tồn kho không đủ cho Mã mặt hàng {0} tại kho {1}. Số lượng khả dụng {2}.
Serial No: {0} has already been transacted into another POS Invoice.,Số sê-ri {0} đã được giao dịch trong một Hóa đơn POS khác.
Balance Serial No,Số sê-ri còn lại
Warehouse: {0} does not belong to {1},Kho {0} không thuộc {1}
Please select batches for batched item {0},Vui lòng chọn lô cho mặt hàng theo lô {0}
Please select quantity on row {0},Vui lòng chọn số lượng tại dòng {0}
Please enter serial numbers for serialized item {0},Vui lòng nhập số sê-ri cho mặt hàng quản lý theo sê-ri {0}
Batch {0} already selected.,Lô {0} đã được chọn.
Please select a warehouse to get available quantities,Vui lòng chọn kho để lấy số lượng khả dụng
"For transfer from source, selected quantity cannot be greater than available quantity","Khi chuyển từ kho nguồn, số lượng chọn không được lớn hơn số lượng khả dụng"
Cannot find Item with this Barcode,Không tìm thấy Mặt hàng với mã vạch này
{0} is mandatory. Maybe Currency Exchange record is not created for {1} to {2},{0} là bắt buộc. Có thể chưa tạo bản ghi Tỷ giá cho {1} sang {2}
{} has submitted assets linked to it. You need to cancel the assets to create purchase return.,{} có tài sản đã nộp được liên kết. Bạn cần hủy các tài sản để tạo trả hàng mua.
Cannot cancel this document as it is linked with submitted asset {0}. Please cancel it to continue.,Không thể hủy chứng từ này vì đang liên kết với tài sản đã nộp {0}. Vui lòng hủy để tiếp tục.
Row #{}: Serial No. {} has already been transacted into another POS Invoice. Please select valid serial no.,Dòng #{}: Số sê-ri {} đã được giao dịch trong một Hóa đơn POS khác. Vui lòng chọn số sê-ri hợp lệ.
Row #{}: Serial Nos. {} has already been transacted into another POS Invoice. Please select valid serial no.,Dòng #{}: Các số sê-ri {} đã được giao dịch trong một Hóa đơn POS khác. Vui lòng chọn số sê-ri hợp lệ.
Item Unavailable,Mặt hàng không khả dụng
Tax Masters,Danh mục thuế
Items & Pricing,Hàng hóa & định giá
Bank Reconciliation Tool ,Công cụ đối soát ngân hàng
Learn Sales Management,Tìm hiểu quản lý bán hàng
Mã coupon,Mã khuyến mãi
Quick Access,Truy cập nhanh
Items Catalogue,Danh mục hàng hóa
Warehouse Wise Stock Balance,Tồn kho theo kho
Reports & Masters,Báo cáo & Danh mục
Roster,Danh sách ca trực
Shift Schedule,Lịch ca làm việc
Shift Schedule Assignment,Phân công lịch ca làm việc
Shift Assignment Tool,Công cụ phân công ca làm việc
Shift Attendance,Chấm công ca
Employee Hours Utilization Based On Timesheet,Hiệu suất giờ làm của nhân viên theo bảng chấm công
Project Profitability,Lợi nhuận dự án
Masters & Reports,Báo cáo & Danh mục
Application,Ứng dụng
Leave Policy Assignment,Phân công chính sách nghỉ phép
Claims,Yêu cầu bồi hoàn
Accounting Reports,Báo cáo kế toán
Vehicle Service Item,Hạng mục dịch vụ xe
Permission Manager,Quản lý phân quyền
Module Profile ,Hồ sơ mô-đun
Inpatient,Nội trú
Rehabilitation and Physiotherapy,Phục hồi chức năng và vật lý trị liệu
Diagnostic Module,Phân hệ chẩn đoán
Diagnostic Report,Báo cáo chẩn đoán
Observation,Quan sát
Observation Template,Mẫu quan sát
Nursing,Điều dưỡng
Service Units,Đơn vị dịch vụ
Terminology Mapping,Ánh xạ thuật ngữ
Code Value,Giá trị mã
Code System,Hệ thống mã
Treatment Plan Template,Mẫu kế hoạch điều trị
Patient History Settings,Cài đặt tiền sử bệnh nhân
0 Active,0 đang hoạt động
Script website,Website script
Blog,Blog
Blogger,Blogger
Meta tuyến đường website,Meta tuyến đường website
Sales Pipeline Analytics,Phân tích phễu bán hàng
Opportunity Summary by Sales Stage,Tổng hợp cơ hội theo giai đoạn bán hàng
CRM Settings,Cài đặt CRM
Alerts and Notifications,Cảnh báo và thông báo
Print Format Builder (New),Trình tạo mẫu in (mới)
Cài đặt LDAP ,Cài đặt LDAP
Ứng dụng khách OAuth ,Ứng dụng khách OAuth
Cài đặt nhà cung cấp OAuth ,Cài đặt nhà cung cấp OAuth
Push Notifications,Thông báo đẩy
Cài đặt SMS ,Cài đặt SMS
Push Notification Settings ,Cài đặt thông báo đẩy
Communication Channels,Kênh truyền thông
Webhook ,Webhook
URL Webhook Slack ,URL Webhook Slack
Go to Drive,Đi tới Drive
Manage Drive,Quản lý Drive
Manage Disk Settings,Cài đặt quản lý đĩa
Teams,Nhóm
Get started,Bắt đầu
Script phía khách hàng,Script phía khách hàng
Components to build your app,Thành phần xây dựng ứng dụng
Models,Mô hình
Workspace ,Không gian làm việc
Custom Translation,Dịch tuỳ chỉnh
Scripting,Lập trình
Script máy chủ,Script phía máy chủ
Onboarding mô-đun,Onboarding mô-đun
Packages,Gói
Package ,Gói
Package Import ,Nhập gói
System Logs,Nhật ký hệ thống
Scheduled Jobs Logs ,Nhật ký tác vụ định kỳ
Error Logs ,Nhật ký lỗi
Communication Logs ,Nhật ký truyền thông
List View,Chế độ xem danh sách
Report View,Chế độ xem báo cáo
Dashboad View,Chế độ xem bảng điều khiển
Kanban View,Chế độ xem Kanban
Created By,Được tạo bởi
Rank,Xếp hạng
Switch to Frappe CRM for smarter sales →,Chuyển sang Frappe CRM để quản lý bán hàng thông minh hơn →
Learn Inventory Management,Tìm hiểu quản lý kho
Segregate Serial / Batch Bundle,Phân tách bó Serial / Batch
View Stock Balance,Xem tồn kho
Show Dimension Wise Stock,Hiển thị tồn kho theo chiều phân tích
View Stock Ledger,Xem sổ kho
Total Active Items,Tổng số mặt hàng đang hoạt động
Total Warehouses,Tổng số kho
Total Stock Value,Tổng giá trị tồn kho
Warehouse wise Stock Value,Giá trị tồn kho theo kho
Delivery Trends,Xu hướng giao hàng
Oldest Items,Hàng tồn lâu nhất
Item Shortage Summary,Tổng hợp thiếu hụt hàng hóa
Minimum Net Rate,Giá thuần tối thiểu
Maximum Net Rate,Giá thuần tối đa
No.,STT
Total Slaes Amount,Tổng doanh thu bán hàng
Total Qty Sold,Tổng số lượng đã bán
Total Purchase Amount,Tổng giá trị mua hàng
Total Qty Purchased,Tổng số lượng đã mua
Available  Stock Qty,Số lượng tồn khả dụng
Available Stock Value,Giá trị tồn khả dụng
Internal Customer ,Khách hàng nội bộ
Customer Portal Users,Người dùng cổng thông tin khách hàng
Is Cash or Non Trade Discount,Là chiết khấu tiền mặt hoặc phi thương mại
Buying and Selling,Mua & Bán
HR & Payroll,Nhân sự & tiền lương
Stock and Manufacturing,Kho & sản xuất
Buying & Selling Settings,Cài đặt mua & bán
Default Sales Contact,Liên hệ bán hàng mặc định
All Companies,Tất cả công ty
 Internal Supplier,Nhà cung cấp nội bộ
Supplier Portal Users,Người dùng cổng thông tin nhà cung cấp
Inventory Settings,Cài đặt kho
Allow Purchase,Cho phép mua hàng
Transit ,Trung chuyển
Begin typing for results.,Bắt đầu nhập để tìm kiếm
Default In-Transit Warehouse,Kho trung chuyển mặc định
Edit Full Form,Chỉnh sửa tên đầy đủ
Disables auto-fetching of existing quantity,Tắt tự động lấy số lượng hiện có
No of Employees,Số lượng nhân viên
Unqualified,Không đạt
Qualified,Đạt
,
"Use different Email ID""",Sử dụng email khác
Awaiting password,Đang chờ mật khẩu
Incoming (POP/IMAP) Settings,Cài đặt thư đến (POP/IMAP)
Document Linking,Liên kết tài liệu
"For more information, click here.","Để biết thêm thông tin, bấm vào đây"
Always BCC Address,Địa chỉ BCC luôn luôn
"Use this, for example, if all sent emails should also be send to an archive.",Dùng khi muốn tất cả email gửi đi cũng được gửi tới hộp lưu trữ
Footer Content,Nội dung chân trang
Brand Logo,Logo thương hiệu
Total Outgoing Bills,Tổng hóa đơn chi
Total Incoming Bills,Tổng hóa đơn thu
Total Incoming Payment,Tổng tiền thu vào
Total Outgoing Payment,Tổng tiền chi ra
Incoming Bills (Purchase Invoice),Hóa đơn thu (hóa đơn mua)
Outgoing Bills (Sales Invoice),Hóa đơn chi (hóa đơn bán)
Accounts Receivable Ageing,Tuổi nợ phải thu
Accounts Payable Ageing,Tuổi nợ phải trả
Budget Variance,Sai lệch ngân sách
Is Rate Adjustment Entry (Debit Note),Là bút toán điều chỉnh giá (ghi nợ)
Issue a debit note with 0 qty against an existing Sales Invoice,Phát hành debit note với số lượng 0 cho hóa đơn bán hàng hiện có
Use Company default Cost Center for Round off,Dùng trung tâm chi phí mặc định của công ty để làm tròn
Difference Posting Date,Ngày hạch toán chênh lệch
Dispatch Address Name,Tên địa chỉ giao hàng
Company Contact Person,Người liên hệ công ty
Amount Eligible for Commission,Số tiền đủ điều kiện nhận hoa hồng
Accounting Dimensions ,Chiều phân tích kế toán
With Period Closing Entry For Opening Balances,Có bút toán khoá kỳ cho số dư đầu kỳ
Period Closing Entry For Current Period,Bút toán khoá kỳ cho kỳ hiện tại
Show net values in opening and closing columns,Hiển thị giá trị thuần ở cột đầu kỳ và cuối kỳ
Default Payment Discount Account,Tài khoản chiết khấu thanh toán mặc định
Exchange Gain / Loss,Lãi / lỗ tỷ giá
Round Off for Opening,Làm tròn cho số dư đầu kỳ
Book Advance Payments in Separate Party Account,Hạch toán tiền ứng trước vào tài khoản đối tác riêng
Enabling this option will allow you to record -,Bật tùy chọn này cho phép ghi nhận
Advances Received in a Liability Account instead of the Asset Account,Tiền nhận trước vào tài khoản nợ phải trả thay vì tài khoản tài sản
Advances Paid in an Asset Account instead of the Liability Account,Tiền trả trước vào tài khoản tài sản thay vì tài khoản nợ phải trả
Reconciliation Takes Effect On,Đối soát có hiệu lực từ
Exchange Rate Revaluation Settings,Cài đặt đánh giá lại tỷ giá
Auto Create Exchange Rate Revaluation,Tự động tạo bút toán đánh giá lại tỷ giá
Submit ERR Journals?,Gửi bút toán ERR?
"Upon enabling this, the JV will be submitted for a different exchange rate.","Khi bật, bút toán JV sẽ được gửi với tỷ giá khác"
Fixed Asset Defaults,Mặc định tài sản cố định
HR & Payroll Settings,Cài đặt nhân sự & tiền lương
Default Operating Cost Account,Tài khoản chi phí hoạt động mặc định
Invoice Cancellation,Hủy hóa đơn
Delete Accounting and Stock Ledger Entries on deletion of Transaction,Xóa bút toán kế toán và sổ kho khi xóa giao dịch
Enable Immutable Ledger,Bật sổ cái bất biến
On enabling this cancellation entries will be posted on the actual cancellation date and reports will consider cancelled entries as well,"Khi bật, các bút toán hủy sẽ được ghi nhận theo ngày hủy thực tế và báo cáo sẽ tính cả các bút toán đã hủy"
Invoicing Features,Tính năng lập hóa đơn
Enabling this ensures each Purchase Invoice has a unique value in Supplier Invoice No. field within a particular fiscal year,Bật tùy chọn này đảm bảo mỗi hóa đơn mua có giá trị duy nhất ở trường Số hóa đơn nhà cung cấp trong từng năm tài chính
Automatically Fetch Payment Terms from Order,Tự động lấy điều khoản thanh toán từ đơn hàng
Payment Terms from orders will be fetched into the invoices as is,Điều khoản thanh toán từ đơn hàng sẽ được lấy nguyên vào hóa đơn
Enable Common Party Accounting,Bật kế toán đối tác chung
Learn about Common Party,Tìm hiểu về đối tác chung
Allow multi-currency invoices against single party account,Cho phép lập hóa đơn đa tiền tệ cho cùng một tài khoản đối tượng
Enabling this will allow creation of multi-currency invoices against single party account in company currency,Bật tùy chọn này cho phép tạo hóa đơn đa tiền tệ cho cùng một tài khoản đối tác bằng tiền tệ công ty
Journals,Bút toán
Merge Similar Account Heads,Gộp các dòng có cùng tài khoản
Rows with Same Account heads will be merged on Ledger,Các dòng có cùng tài khoản sẽ được gộp trong sổ cái
 Automatically Add Taxes from Taxes and Charges Template,Tự động thêm thuế từ Mẫu thuế và phụ phí
"If no taxes are set, and Taxes and Charges Template is selected, the system will automatically apply the taxes from the chosen template.","Nếu chưa thiết lập thuế và có chọn mẫu thuế và phí, hệ thống sẽ tự động áp dụng thuế từ mẫu đã chọn"
Book Tax Loss on Early Payment Discount,Ghi nhận lỗ thuế do chiết khấu thanh toán sớm
Split Early Payment Discount Loss into Income and Tax Loss,Tách lỗ chiết khấu thanh toán sớm thành lỗ thu nhập và lỗ thuế
Round Tax Amount Row-wise,Làm tròn tiền thuế theo từng dòng
Tax Amount will be rounded on a row(items) level,Tiền thuế sẽ được làm tròn theo từng dòng (từng mặt hàng)
Item Price Settings,Thiết lập giá mặt hàng
Maintain Same Rate Throughout Internal Transaction,Giữ nguyên đơn giá trong suốt giao dịch nội bộ
Fetch Valuation Rate for Internal Transaction,Lấy giá trị định giá cho giao dịch nội bộ
Allow Implicit Pegged Currency Conversion,Cho phép chuyển đổi tiền tệ neo ngầm
System will do an implicit conversion using the pegged currency.,Hệ thống sẽ tự động chuyển đổi thông qua tiền tệ neo
"Ex: Instead of AED -> INR, system will do AED -> USD -> INR using the pegged exchange rate of AED against USD.","Ví dụ: thay vì AED sang INR, hệ thống sẽ chuyển AED sang USD rồi sang INR theo tỷ giá neo AED–USD"
Payment Reconciliation Settings,Thiết lập đối soát thanh toán
Auto Reconcile Payments,Tự động đối soát thanh toán
Auto Reconciliation Job Trigger,Kích hoạt tác vụ đối soát tự động
Posting Date Inheritance for Exchange Gain / Loss,Kế thừa ngày hạch toán cho lãi/lỗ tỷ giá
Only applies for Normal Payments,Chỉ áp dụng cho thanh toán thông thường
Interval should be between 1 to 59 MInutes,Khoảng thời gian từ 1 đến 59 phút
Reconciliation Queue Size,Kích thước hàng đợi đối soát
Documents Processed on each trigger. Queue Size should be between 5 and 100,"Số chứng từ xử lý mỗi lần kích hoạt, từ 5 đến 100"
Payment Entry Settings,Thiết lập phiếu thanh toán
Show Account Balance,Hiển thị số dư tài khoản
Show Party Balance,Hiển thị số dư đối tác
Credit Limit Settings,Thiết lập hạn mức tín dụng
Role Allowed to Over Bill,Vai trò được phép xuất hóa đơn vượt mức
Users with this role are allowed to over bill above the allowance percentage,Người dùng có vai trò này được phép xuất hóa đơn vượt tỷ lệ cho phép
Role allowed to bypass Credit Limit,Vai trò được phép bỏ qua hạn mức tín dụng
POS Setting,Thiết lập POS
Create Ledger Entries for Change Amount,Tạo bút toán cho tiền thối lại
"If enabled, ledger entries will be posted for change amount in POS transactions","Nếu bật, hệ thống sẽ ghi nhận bút toán cho tiền thối trong giao dịch POS"
Asset Settings,Thiết lập tài sản
Calculate daily depreciation using total days in depreciation period,Tính khấu hao hàng ngày dựa trên tổng số ngày trong kỳ khấu hao
"Enable this option to calculate daily depreciation by considering the total number of days in the entire depreciation period, (including leap years) while using daily pro-rata based depreciation",Bật để tính khấu hao hàng ngày theo tổng số ngày của toàn bộ kỳ khấu hao (bao gồm năm nhuận)
Ignore Account Closing Balance,Bỏ qua số dư khóa sổ
Period Closing Settings,Thiết lập khóa sổ kỳ kế toán
Financial reports will be generated using GL Entry doctypes (should be enabled if Period Closing Voucher is not posted for all years sequentially or missing),Báo cáo tài chính sẽ được tạo dựa trên các chứng từ GL Entry (nên bật tùy chọn này nếu Period Closing Voucher chưa được ghi nhận đầy đủ cho tất cả các năm theo thứ tự hoặc bị thiếu)
Use Legacy Controller For Period Closing Voucher,Sử dụng bộ điều khiển cũ cho chứng từ khóa sổ
Invoice and Billing,Hóa đơn và thanh toán
Accounts Closing,Khóa sổ kế toán
Show Balances in Chart Of Accounts,Hiển thị số dư trong hệ thống tài khoản
Is Short/Long Year,Năm ngắn hoặc năm dài
More/Less than 12 months.,Ít hơn hoặc nhiều hơn 12 tháng
Advance Taxes and Charges,Thuế và phí tạm ứng
Category Details,Chi tiết danh mục
Consider Entire Party Ledger Amount,Xem xét toàn bộ số dư sổ cái đối tác
Only payment entries with apply tax withholding unchecked will be considered for checking cumulative threshold breach,Chỉ các phiếu thanh toán chưa chọn khấu trừ thuế mới được tính vào ngưỡng cộng dồn
Only Deduct Tax On Excess Amount,Chỉ khấu trừ thuế trên phần vượt mức
Tax will be withheld only for amount exceeding the cumulative threshold,Thuế chỉ được khấu trừ trên phần vượt ngưỡng cộng dồn
Cost Center Allocation ,Phân bổ trung tâm chi phí
Main Cost Center,Trung tâm chi phí chính
Cost Center Allocation Percentages,Tỷ lệ phân bổ trung tâm chi phí
Percentage (%),Tỷ lệ phần trăm
Show Currency Symbol on Right Side,Hiển thị ký hiệu tiền tệ bên phải
"Only values between [0,1) are allowed. Like {0.00, 0.04, 0.09, ...} Ex: If allowance is set at 0.07, accounts that have balance of 0.07 in either of the currencies will be considered as zero balance account","Chỉ cho phép giá trị trong khoảng [0,1)"
Mã SWIFT,Mã SWIFT
Setting the account as a Company Account is necessary for Bank Reconciliation,Cần đặt tài khoản là tài khoản công ty để đối soát ngân hàng
Bank Reconciliation Tool,Công cụ đối soát ngân hàng
Filter by Reference Date,Lọc theo ngày tham chiếu
Custom delimiters,Ký tự phân tách tùy chỉnh
Bank Statement Import,Nhập sao kê ngân hàng
Auto Reconcile ,Tự động đối chiếu
Product Price ID,Mã giá sản phẩm
Generate Invoice At,Tạo hóa đơn tại
Type of Chart,Loại biểu đồ
Annual Purchase,Mua hàng hằng năm
Active Suppliers,Nhà cung cấp đang hoạt động
Material Request Analysis,Phân tích yêu cầu vật tư
Top Suppliers,Nhà cung cấp hàng đầu
Dispatch Address,Địa chỉ giao hàng
Supplier Contact,Liên hệ nhà cung cấp
Company Billing Address,Địa chỉ thanh toán công ty
Supplier Invoice ,Hóa đơn nhà cung cấp
"Use Transaction Date Exchange Rate""",Sử dụng tỷ giá theo ngày giao dịch
Incoterm,Điều kiện Incoterm
Deferred Accounting,Kế toán dồn tích
Grant Commission,Hoa hồng
Allow Sales,Cho phép bán hàng
"Example: If you are selling Laptops and Backpacks separately and have a special price if the customer buys both, then the Laptop + Backpack will be a new Product Bundle Item.","Ví dụ: Nếu bạn bán Laptop và Ba lô riêng lẻ và có giá đặc biệt khi khách hàng mua cả hai, thì “Laptop + Ba lô” sẽ là một Mặt hàng Gói Sản phẩm (Product Bundle) mới."
Dynamic Condition,Điều kiện động
Validate Pricing Rule,Xác thực quy tắc giá
"If enabled, then system will only validate the pricing rule and not apply automatically. User has to manually set the discount percentage / margin / free items to validate the pricing rule","Nếu bật, hệ thống chỉ kiểm tra (xác thực) quy tắc giá và không tự động áp dụng. Người dùng phải tự nhập % chiết khấu / biên lợi nhuận / mặt hàng tặng để xác thực quy tắc giá."
Threshold for Suggestion (In Percentage),Ngưỡng gợi ý (theo phần trăm)
Has Priority,Có ưu tiên
Enable this checkbox even if you want to set the zero priority,Bật ô này ngay cả khi bạn muốn đặt mức ưu tiên bằng 0
Naming Series and Price Defaults,Chuỗi đánh số và mặc định giá
Action If Same Rate is Not Maintained,Hành động nếu không giữ nguyên cùng mức giá
Configure the action to stop the transaction or just warn if the same rate is not maintained.,Cấu hình hành động để dừng giao dịch hoặc chỉ cảnh báo nếu không duy trì cùng mức giá.
Role Allowed to Override Stop Action,Vai trò được phép ghi đè hành động dừng
Blanket Order Allowance (%),Dung sai Đơn hàng khung (%)
Update frequency of Project,Tần suất cập nhật Dự án
Percentage you are allowed to order beyond the Blanket Order quantity.,Tỷ lệ bạn được phép đặt hàng vượt quá số lượng của Đơn hàng khung.
How often should Project be updated of Total Purchase Cost ?,Dự án nên được cập nhật Tổng chi phí mua hàng thường xuyên đến mức nào?
Transaction Settings,Thiết lập giao dịch
Allow Supplier Quotation with Zero Quantity,Cho phép Báo giá Nhà cung cấp với số lượng bằng 0
Allows users to submit Supplier Quotations with zero quantity. Useful when rates are fixed but the quantities are not. Eg. Rate Contracts.,Cho phép người dùng gửi Báo giá Nhà cung cấp với số lượng bằng 0. Hữu ích khi giá đã cố định nhưng số lượng không cố định. Ví dụ: Hợp đồng đơn giá.
Use Transaction Date Exchange Rate,Dùng tỷ giá theo ngày giao dịch
"While making Purchase Invoice from Purchase Order, use Exchange Rate on Invoice's transaction date rather than inheriting it from Purchase Order. Only applies for Purchase Invoice.","Khi lập Hóa đơn mua từ Đơn mua, dùng tỷ giá theo ngày giao dịch của Hóa đơn thay vì kế thừa từ Đơn mua. Chỉ áp dụng cho Hóa đơn mua."
Allow Request for Quotation with Zero Quantity,Cho phép Yêu cầu Báo giá với số lượng bằng 0
Allows users to submit Request for Quotations with zero quantity. Useful when rates are fixed but the quantities are not. Eg. Rate Contracts.,Cho phép người dùng gửi Yêu cầu Báo giá với số lượng bằng 0. Hữu ích khi giá đã cố định nhưng số lượng không cố định. Ví dụ: Hợp đồng đơn giá.
Bill for Rejected Quantity in Purchase Invoice,Tính phí số lượng bị từ chối trong Hóa đơn mua
"If checked, Rejected Quantity will be included while making Purchase Invoice from Purchase Receipt.","Nếu chọn, Số lượng bị từ chối sẽ được tính khi lập Hóa đơn mua từ Phiếu nhập."
Set Valuation Rate for Rejected Materials,Đặt giá trị định giá cho vật tư bị từ chối
"If enabled, the system will generate an accounting entry for materials rejected in the Purchase Receipt.","Nếu bật, hệ thống sẽ tạo bút toán kế toán cho vật tư bị từ chối trong Phiếu nhập."
Disable Last Purchase Rate,Tắt giá mua gần nhất
Allow Purchase Order with Zero Quantity,Cho phép Đơn mua với số lượng bằng 0
Allows users to submit Purchase Orders with zero quantity. Useful when rates are fixed but the quantities are not. Eg. Rate Contracts.,Cho phép người dùng gửi Đơn mua với số lượng bằng 0. Hữu ích khi giá đã cố định nhưng số lượng không cố định. Ví dụ: Hợp đồng đơn giá.
Subcontracting Settings,Thiết lập gia công
Auto Create Subcontracting Order,Tự động tạo Đơn gia công
Subcontracting Order (Draft) will be auto-created on submission of Purchase Order.,Đơn gia công (Nháp) sẽ được tự động tạo khi gửi Đơn mua.
Auto Create Purchase Receipt,Tự động tạo Phiếu nhập
Purchase Receipt (Draft) will be auto-created on submission of Subcontracting Receipt.,Phiếu nhập (Nháp) sẽ được tự động tạo khi gửi Phiếu nhận gia công.
Fixed Outgoing Email Account,Tài khoản email gửi đi cố định
"If set, the system does not use the user's Email or the standard outgoing Email account for sending request for quotations.","Nếu đặt, hệ thống không dùng email của người dùng hoặc tài khoản email gửi đi tiêu chuẩn để gửi yêu cầu báo giá."
Standard Terms and Conditions Example,Ví dụ Điều khoản và Điều kiện tiêu chuẩn
Delivery Terms for Order number {{ name }},Điều khoản giao hàng cho Đơn hàng số {{ name }}
-Order Date : {{ transaction_date }} ,-Ngày đặt hàng : {{ transaction_date }}
-Expected Delivery Date : {{ delivery_date }},-Ngày giao hàng dự kiến : {{ delivery_date }}
How to get fieldnames,Cách lấy tên trường
The fieldnames you can use in your email template are the fields in the document from which you are sending the email. You can find out the fields of any documents via Setup > Customize Form View and selecting the document type (e.g. Sales Invoice),Các tên trường bạn có thể dùng trong mẫu email là các trường trong chứng từ mà bạn dùng để gửi email. Bạn có thể xem các trường của bất kỳ chứng từ nào qua Setup > Customize Form View và chọn loại chứng từ (ví dụ: Hóa đơn bán hàng).
Templating,Mẫu hóa
"Templates are compiled using the Jinja Templating Language. To learn more about Jinja, read this documentation.","Các mẫu được biên dịch bằng ngôn ngữ mẫu Jinja. Để tìm hiểu thêm về Jinja, hãy đọc tài liệu này."
Internal Supplier,Nhà cung cấp nội bộ
Supplier Primary Address,Địa chỉ chính của Nhà cung cấp
Supplier Primary Contact,Liên hệ chính của Nhà cung cấp
Portal Users,Người dùng Cổng thông tin
Đồng bộ với Google Contacts,Đồng bộ với Google Contacts
ID Email,Email ID
Items to Order and Receive,Mặt hàng để đặt và nhận
Include Closed Orders,Bao gồm đơn đã đóng
Subcontracting Oder,Đơn gia công
Categorize by Supplier,Phân loại theo Nhà cung cấp
Categorize by Item,Phân loại theo Mặt hàng
Terms & Conditions,Điều khoản & điều kiện
Additional Info,Thông tin bổ sung
Internal Customer,Khách hàng nội bộ
From Opportunity,Từ Cơ hội
From Prospect,Từ Khách tiềm năng
Competitors,Đối thủ
Hide Images,Ẩn hình ảnh
Automatically Add Filtered Item To Cart,Tự động thêm mặt hàng đã lọc vào giỏ
Validate Stock on Save,Xác thực tồn kho khi lưu
Print Receipt on Order Complete,In biên nhận khi hoàn tất đặt hàng
Allow User to Edit Rate,Cho phép người dùng sửa giá
Allow User to Edit Discount,Cho phép người dùng sửa chiết khấu
Disable auto setting Grand Total to default Payment Mode,Tắt tự động đặt Tổng cộng thành phương thức thanh toán mặc định
Allow Partial Payment,Cho phép thanh toán một phần
Write Off Limit,Giới hạn xóa nợ
Auto write off precision loss while consolidation,Tự động xóa chênh lệch làm tròn khi gộp
"If enabled, the consolidated invoices will have rounded total disabled","Nếu bật, các hóa đơn gộp sẽ không làm tròn tổng tiền"
About Product Bundle,Giới thiệu về Gói Sản phẩm
Aggregate group of Items into another Item. This is useful if you are bundling a certain Items into a package and you maintain stock of the packed Items and not the aggregate Item.,
The package Item will have Is Stock Item as No and Is Sales Item as Yes.,Mặt hàng gói sẽ có Is Stock Item = No và Is Sales Item = Yes.
"If you are selling Laptops and Backpacks separately and have a special price if the customer buys both, then the Laptop + Backpack will be a new Product Bundle Item.","Nếu bạn bán Laptop và Ba lô riêng lẻ và có giá đặc biệt khi khách hàng mua cả hai, thì “Laptop + Ba lô” sẽ là một Mặt hàng Gói Sản phẩm (Product Bundle) mới."
Customer Defaults,Mặc định khách hàng
Use Prices from Default Price List as Fallback,Dùng giá từ Bảng giá mặc định làm dự phòng
Calculate Product Bundle Price based on Child Items' Rates,Tính giá Gói Sản phẩm dựa trên giá các mặt hàng con
Allow Negative rates for Items,Cho phép giá âm cho Mặt hàng
Allow Sales Order Creation For Expired Quotation,Cho phép tạo Đơn bán hàng từ Báo giá hết hạn
Don't Reserve Sales Order Qty on Sales Return,Không giữ lại số lượng Đơn bán hàng khi trả hàng bán
Enable Discount Accounting for Selling,Bật kế toán chiết khấu khi bán
"If enabled, additional ledger entries will be made for discounts in a separate Discount Account","Nếu bật, sẽ tạo thêm bút toán sổ cái cho chiết khấu trong một Tài khoản Chiết khấu riêng"
Allow Quotation with Zero Quantity,Cho phép Báo giá với số lượng bằng 0
Allows users to submit Quotations with zero quantity. Useful when rates are fixed but the quantities are not. Eg. Rate Contracts.,Cho phép người dùng gửi Báo giá với số lượng bằng 0. Hữu ích khi giá đã cố định nhưng số lượng không cố định. Ví dụ: Hợp đồng đơn giá.
Allow Sales Order with Zero Quantity,Cho phép Đơn bán hàng với số lượng bằng 0
Allows users to submit Sales Orders with zero quantity. Useful when rates are fixed but the quantities are not. Eg. Rate Contracts.,Cho phép người dùng gửi Đơn bán hàng với số lượng bằng 0. Hữu ích khi giá đã cố định nhưng số lượng không cố định. Ví dụ: Hợp đồng đơn giá.
Percentage you are allowed to sell beyond the Blanket Order quantity.,Tỷ lệ bạn được phép bán vượt quá số lượng của Đơn hàng khung.
Show Aggregate Value from Subsidiary Companies,Hiển thị giá trị tổng hợp từ các công ty con
Item ,Mặt hàng
Sort Ascending,Sắp xếp tăng dần
Sort Descending,Sắp xếp giảm dần
Reset sorting,Đặt lại sắp xếp
Remove colum,Xóa cột
Consider Rejected Warehouses,Xem xét kho hàng bị từ chối
Enable it if users want to consider rejected materials to dispatch.,Bật nếu người dùng muốn xem vật tư bị từ chối để xuất kho.
Pick Manually,Chọn thủ công
If enabled then system won't override the picked qty / batches / serial numbers / warehouse.,"Nếu bật, hệ thống sẽ không ghi đè số lượng đã chọn / lô / số seri / kho."
If enabled then system won't apply the pricing rule on the delivery note which will be create from the pick list,"Nếu bật, hệ thống sẽ không áp dụng quy tắc giá trên phiếu giao hàng được tạo từ phiếu soạn hàng"
Scan Mode,Chế độ quét
"If checked, picked qty won't automatically be fulfilled on submit of pick list.","Nếu chọn, số lượng đã chọn sẽ không tự động được hoàn thành khi gửi phiếu soạn hàng."
Prompt Qty,Nhắc nhập số lượng
Include Zero Stock Items,Bao gồm mặt hàng tồn kho bằng 0
No Stock Available Currently,Hiện không có tồn kho
Price List Defaults,Mặc định bảng giá
Auto Insert Item Price If Missing,Tự động chèn Giá mặt hàng nếu thiếu
Update Price List Based On,Cập nhật Bảng giá dựa trên
Update Existing Price List Rate,Cập nhật giá Bảng giá hiện có
Stock UOM Quantity,Số lượng ĐVT tồn kho
Allow to Edit Stock UOM Qty for Sales Documents,Cho phép sửa Số lượng ĐVT tồn kho cho chứng từ bán
Allow UOM with Conversion Rate Defined in Item,Cho phép ĐVT có tỷ lệ quy đổi được khai báo trong Mặt hàng
Allow to Edit Stock UOM Qty for Purchase Documents,Cho phép sửa Số lượng ĐVT tồn kho cho chứng từ mua
"If enabled, the system will allow selecting UOMs in sales and purchase transactions only if the conversion rate is set in the item master.","Nếu bật, hệ thống chỉ cho phép chọn ĐVT trong giao dịch bán và mua khi tỷ lệ quy đổi được thiết lập trong danh mục mặt hàng."
Stock Validations,Xác thực tồn kho
Stock Transactions Settings,Thiết lập giao dịch tồn kho
Over Transfer Allowance,Dung sai chuyển kho
"The percentage you are allowed to transfer more against the quantity ordered. For example, if you have ordered 100 units, and your Allowance is 10%, then you are allowed transfer 110 units.","Tỷ lệ bạn được phép chuyển nhiều hơn so với số lượng đã đặt. Ví dụ, nếu bạn đặt 100 đơn vị và dung sai là 10% thì bạn được phép chuyển 110 đơn vị."
Over Picking Allowance,Dung sai soạn hàng
The percentage you are allowed to pick more items in the pick list than the ordered quantity.,Tỷ lệ bạn được phép soạn nhiều hơn số lượng đã đặt trong phiếu soạn hàng.
Role Allowed to Over Deliver/Receive,Vai trò được phép giao/nhận vượt mức
Users with this role are allowed to over deliver/receive against orders above the allowance percentage,Người dùng có vai trò này được phép giao/nhận vượt mức so với đơn hàng cao hơn tỷ lệ dung sai
Show Barcode Field in Stock Transactions,Hiển thị trường Mã vạch trong giao dịch tồn kho
Convert Item Description to Clean HTML in Transactions,Chuyển mô tả Mặt hàng thành HTML sạch trong giao dịch
Allow Internal Transfers at Arm's Length Price,Cho phép chuyển nội bộ theo giá thị trường
"If enabled, the item rate won't adjust to the valuation rate during internal transfers, but accounting will still use the valuation rate.","Nếu bật, đơn giá mặt hàng sẽ không điều chỉnh theo giá trị định giá khi chuyển nội bộ, nhưng kế toán vẫn dùng giá trị định giá."
Validate Material Transfer Warehouses,Xác thực kho khi chuyển vật tư
"If enabled, the source and target warehouse in the Material Transfer Stock Entry must be different else an error will be thrown. If inventory dimensions are present, same source and target warehouse can be allowed but atleast any one of the inventory dimension fields must be different.","Nếu bật, kho nguồn và kho đích trong Bút toán kho Chuyển vật tư phải khác nhau, nếu không sẽ báo lỗi. Nếu có kích thước tồn kho, có thể cho phép cùng kho nguồn và kho đích nhưng ít nhất một trường kích thước tồn kho phải khác."
Serial & Batch Item,Mặt hàng Số seri & Lô
Serial & Batch Item Settings,Thiết lập Mặt hàng Số seri & Lô
Allow existing Serial No to be Manufactured/Received again,Cho phép Số seri đã tồn tại được Sản xuất/Nhập lại
Do Not Use Batch-wise Valuation,Không dùng định giá theo lô
"If enabled, the system will use the moving average valuation method to calculate the valuation rate for the batched items and will not consider the individual batch-wise incoming rate.","Nếu bật, hệ thống sẽ dùng phương pháp định giá bình quân động để tính giá trị cho mặt hàng theo lô và không xét đơn giá nhập riêng theo từng lô."
Auto Create Serial and Batch Bundle For Outward,Tự động tạo Gói Số seri và Lô cho xuất kho
Pick Serial / Batch Based On,Chọn Số seri / Lô dựa trên
Serial and Batch Bundle,Đào tạo trong tháng
Set Serial and Batch Bundle Naming Based on Naming Series,Đặt cách đặt tên cho Serial và Batch Bundle dựa trên Series
Have Default Naming Series for Batch ID?,Có Series mặc định cho Batch ID không?
Disable Serial No And Batch Selector,Vô hiệu hóa bộ chọn Số Serial và Batch
Use Serial / Batch Fields,Sử dụng trường Serial / Batch
"On submission of the stock transaction, system will auto create the Serial and Batch Bundle based on the Serial No / Batch fields.","Khi gửi (submit) giao dịch kho, hệ thống sẽ tự động tạo Serial và Batch Bundle dựa trên trường Serial / Batch"
Do Not Update Serial / Batch on Creation of Auto Bundle,Không cập nhật Serial / Batch khi tạo Bundle tự động
"If enabled, do not update serial / batch values in the stock transactions on creation of auto Serial / Batch Bundle.","Nếu bật, sẽ không cập nhật giá trị serial / batch trong giao dịch kho khi tạo Serial / Batch Bundle tự động"
Stock Reservation,Dự trữ tồn kho
Enable Stock Reservation,Bật dự trữ tồn kho
Allows to keep aside a specific quantity of inventory for a particular order.,Cho phép giữ lại một số lượng tồn kho cụ thể cho một đơn hàng
Quality Inspection Settings,Cài đặt kiểm tra chất lượng
Action If Quality Inspection Is Rejected,Hành động khi kiểm tra chất lượng bị từ chối
Allow to Make Quality Inspection after Purchase / Delivery,Cho phép thực hiện kiểm tra chất lượng sau khi mua / giao hàng
Stock Planning,Hoạch định tồn kho
Stock Closing,Chốt tồn kho
Control Historical Stock Transactions,Kiểm soát giao dịch tồn kho lịch sử
Role Allowed to Create/Edit Back-dated Transactions,Vai trò được phép tạo/chỉnh sửa giao dịch back-date
"If mentioned, the system will allow only the users with this Role to create or modify any stock transaction earlier than the latest stock transaction for a specific item and warehouse. If set as blank, it allows all users to create/edit back-dated transactions.","Nếu thiết lập, chỉ người dùng có vai trò này mới được tạo hoặc chỉnh sửa giao dịch kho trước giao dịch kho mới nhất của một mặt hàng và kho cụ thể. Nếu để trống, tất cả người dùng đều có thể tạo/chỉnh sửa giao dịch back-date"
No stock transactions can be created or modified before this date.,Không thể tạo hoặc chỉnh sửa giao dịch kho trước ngày này
Stock transactions that are older than the mentioned days cannot be modified.,Không thể chỉnh sửa các giao dịch kho cũ hơn số ngày đã chỉ định
You created this ·,Bạn đã tạo mục này ·
"You changed the value of Kho mặc định from """" to Stores - M, ĐVT tồn kho mặc định from """" to Nos, Auto Insert Item Price If Missing from 0 to 1 ","Bạn đã thay đổi giá trị Kho mặc định từ """" thành Stores - M, ĐVT tồn kho mặc định từ """" thành Nos, Tự động thêm giá nếu thiếu từ 0 thành 1"
You last edited this,Lần chỉnh sửa gần nhất
Is Group Warehouse,Là kho nhóm
Is Rejected Warehouse,Là kho hàng bị loại
"If yes, then this warehouse will be used to store rejected materials","Nếu có, kho này sẽ được dùng để lưu vật tư bị loại"
Transit,Trung chuyển
Use Batch-wise Valuation,Sử dụng định giá theo lô (Batch-wise)
Only existing assets,Chỉ tài sản đã tồn tại
In Location,Đang sử dụng
Disposed,Đã thanh lý
Non Depreciable Category,Nhóm không khấu hao
Maintenance Details,Chi tiết bảo trì
Consumed Assets,Tài sản đã tiêu hao
Service Expenses,Chi phí dịch vụ
Include Default FB Assets,Bao gồm tài sản FB mặc định
Shift Details,Chi tiết ca làm việc
Shift Location,Địa điểm ca làm việc
Shift Status,Trạng thái ca làm việc
Select this if you want shift assignments to be automatically created indefinitely.,Chọn nếu muốn phân ca được tạo tự động vô thời hạn
Create Shifts After,Tạo ca làm việc sau ngày
New shift assignments will be created after this date.,Các phân công ca mới sẽ được tạo sau ngày này
Shift Assignment Details,Chi tiết phân công ca
"When set to 'Inactive', employees with conflicting active shifts will not be excluded.","Khi đặt là “Không hoạt động”, nhân viên có ca trùng đang hoạt động sẽ không bị loại trừ"
Quick Filters,Bộ lọc nhanh
Advanced Filters ,Bộ lọc nâng cao
Please select Shift Type and assignment date(s).,Vui lòng chọn Loại ca và ngày phân công
Set filters to fetch employees,Thiết lập bộ lọc để lấy danh sách nhân viên
Drag and drop files here or upload from,Kéo và thả tệp vào đây hoặc tải lên từ máy
Consider Grace Period,Xem xét thời gian ân hạn
The metrics for this report are calculated based on Standard Working Hours.,Các chỉ số của báo cáo này được tính dựa trên Giờ làm việc tiêu chuẩn
 Please set Standard Working Hours in HR Settings.,Vui lòng thiết lập Giờ làm việc tiêu chuẩn trong Cài đặt HR
Maximum Leave Allocation Allowed per Leave Period,Số ngày nghỉ tối đa được phân bổ cho mỗi kỳ
Allow Leave Application After (Working Days),Cho phép nộp đơn nghỉ sau (số ngày làm việc)
Minimum working days required since Date of Joining to apply for this leave,Số ngày làm việc tối thiểu kể từ ngày vào làm để được xin nghỉ
Maximum Consecutive Leaves Allowed,Số ngày nghỉ liên tiếp tối đa
Is Partially Paid Leave,Là nghỉ hưởng lương một phần
"These leaves are holidays permitted by the company however, availing it is optional for an Employee.","Các ngày nghỉ này là ngày nghỉ do công ty cho phép, việc sử dụng là tùy chọn đối với nhân viên"
Allow Over Allocation,Cho phép phân bổ vượt
Allows allocating more leaves than the number of days in the allocation period.,Cho phép phân bổ số ngày nghỉ nhiều hơn số ngày trong kỳ phân bổ
Add Day-wise Dates,Thêm theo từng ngày
Assignment based on,Phân bổ dựa trên
Effective From,Hiệu lực từ
Effective To,Hiệu lực đến
Allocate Based On Leave Policy,Phân bổ dựa trên chính sách nghỉ
Add unused leaves from previous leave period's allocation to this allocation,Cộng số ngày nghỉ chưa sử dụng từ kỳ trước sang kỳ này
No filters selected,Không có bộ lọc nào được chọn
Mandatory fields required for this action:,Các trường bắt buộc cho thao tác này:
Leave Policy,Chính sách nghỉ
Allocate Leave,Phân bổ nghỉ
Bulk Leave Policy Assignment,Phân bổ chính sách nghỉ hàng loạt
Encashment Days,Số ngày quy đổi tiền
Pay Via Payment Entry,Chi trả qua phiếu thanh toán
Process leave encashment via a separate Payment Entry instead of Salary Slip,Xử lý quy đổi nghỉ phép bằng một phiếu thanh toán riêng thay vì phiếu lương
Dates & Reason,Ngày & lý do
Approval,Phê duyệt
Consolidate Leave Types,Gộp các loại nghỉ
New Leave(s) Allocated,Số ngày nghỉ mới được phân bổ
Leave(s) Taken,Số ngày nghỉ đã sử dụng
Leave(s) Expried,Số ngày nghỉ đã hết hạn
Taxes & Charges ,Thuế & phí
Amount of expense,Số tiền chi phí
The date on which Salary Component with Amount will contribute for Earnings/Deduction in Salary Slip.,Ngày mà thành phần lương với số tiền sẽ được tính vào Thu nhập/Khấu trừ trong bảng lương.
Revaluation Journals,Bút toán đánh giá lại
In Party Currency,Theo tiền tệ của đối tượng
Show Remarks,Hiển thị ghi chú
Handle Employee Advances,Xử lý tạm ứng nhân viên
Show Credit / Debit in Company Currency,Hiển thị Nợ / Có theo tiền tệ công ty
Ignore Exchange Rate Revaluation and Gain / Loss Journals,Bỏ qua bút toán đánh giá lại tỷ giá và lãi/lỗ
Ignore System Generated Credit / Debit Notes,Bỏ qua các ghi chú Nợ / Có do hệ thống sinh ra
Add Columns in Transaction Currency,Thêm cột theo tiền tệ giao dịch
Show Net Values in Party Account,Hiển thị giá trị thuần trong tài khoản đối tượng
Voucher Subtype,Loại phụ chứng từ
Onboardings (This Month),Onboarding (tháng này)
Separations (This Month),Nghỉ việc (tháng này)
Promotions (This Month),Thăng chức (tháng này)
Transfers (This Month),Thuyên chuyển (tháng này)
Trainings (This Month),Đào tạo (tháng này)
Training Type,Loại đào tạo
Y-O-Y Transfers,Thuyên chuyển theo năm (YoY)
Y-O-Y Promotions,Thăng chức theo năm (YoY)
Total Present (This Month),Tổng số đi làm (tháng này)
Total Absent (This Month),Tổng số vắng mặt (tháng này)
Late Entry (This Month),Vào muộn (tháng này)
Early Exit (This Month),Ra sớm (tháng này)
Timesheet Activity Breakup,Phân tích hoạt động bảng chấm công
Shift Assignment Breakup,Phân tích phân công ca
Department wise Timesheet Hours,Giờ chấm công theo phòng ban
Total Employees,Tổng số nhân viên
New Hires (This Year),Nhân viên mới (năm nay)
Employee Exits (This Year),Nhân viên nghỉ việc (năm nay)
Employees Joining (This Quarter),Nhân viên gia nhập (quý này)
Employees Relieving (This Quarter),Nhân viên nghỉ việc (quý này)
Hiring vs Attrition Count,So sánh tuyển dụng và nghỉ việc
Hiring Count,Số lượng tuyển dụng
Attrition Count,Số lượng nghỉ việc
Employees by Age,Nhân viên theo độ tuổi
Gender Diversity Ratio,Tỷ lệ đa dạng giới tính
Employees by Type,Nhân viên theo loại
Employees by Grade,Nhân viên theo cấp bậc
Employees by Branch,Nhân viên theo chi nhánh
Designation Wise Employee Count,Số lượng nhân viên theo chức danh
Department Wise Employee Count,Số lượng nhân viên theo phòng ban
Expense Claims (This Month),Yêu cầu chi phí (tháng này)
Approved Claims (This Month),Yêu cầu đã duyệt (tháng này)
Rejected Claims (This Month),Yêu cầu bị từ chối (tháng này)
Claims by Type,Yêu cầu theo loại
Employee Advance Status,Trạng thái tạm ứng nhân viên
Department wise Expense Claims,Yêu cầu chi phí theo phòng ban
Job Openings,Vị trí tuyển dụng
Total Applicants (This month),Tổng số ứng viên (tháng này)
Accepted Job Applicants,Ứng viên được chấp nhận
Rejected Job Applicants,Ứng viên bị từ chối
Job Offers (This Month,Thư mời nhận việc (tháng này)
Applicant-to-Hire Percentage,Tỷ lệ ứng viên được tuyển
Job Offer Acceptance Rate,Tỷ lệ chấp nhận thư mời
Time to Fill,Thời gian tuyển dụng
Job Applicant Pipeline,Pipeline ứng viên
Job Applicants by Country,Ứng viên theo quốc gia
Job Application Status,Trạng thái hồ sơ ứng viên
Job Offer Status,Trạng thái thư mời
Interview Status,Trạng thái phỏng vấn
Job Application Frequency,Tần suất nộp hồ sơ
Department Wise Openings,Vị trí mở theo phòng ban
Designation Wise Openings,Vị trí mở theo chức danh
Overview,Tổng quan
Joining,Gia nhập
Company Details,Thông tin công ty
Attendance & Leaves,Chấm công & nghỉ phép
Cost to Company (CTC),Tổng chi phí nhân sự (CTC)
Salary Currency,Tiền tệ lương
Passport Details,Thông tin hộ chiếu
Employee Exit,Nghỉ việc nhân viên
Employee Naming By,Cách đặt tên nhân viên
Retirement Age (In Years),Tuổi nghỉ hưu (năm)
Employee records are created using the selected option,Hồ sơ nhân viên được tạo theo tùy chọn đã chọn
Standard Working Hours,Giờ làm việc tiêu chuẩn
Work Anniversaries,Kỷ niệm ngày vào làm
There's some additional configuration for this notification in 'HR Addon Settings' please check.,"Có thêm cấu hình cho thông báo này trong “HR Addon Settings”, vui lòng kiểm tra"
Birthdays,Sinh nhật
Set the frequency for holiday reminders,Thiết lập tần suất nhắc nhở ngày lễ
Leave and Expense Claim Settings,Cài đặt nghỉ phép và yêu cầu chi phí
Send Leave Notification,Gửi thông báo nghỉ phép
Restrict Backdated Leave Application,Hạn chế nộp đơn nghỉ lùi ngày
Prevent self approval for leaves even if user has permissions,Ngăn nhân viên tự phê duyệt nghỉ dù có quyền
Prevent self approval for expense claims even if user has permissions,Ngăn nhân viên tự phê duyệt chi phí dù có quyền
Shift Settings,Cài đặt ca làm việc
Allow Multiple Shift Assignments for Same Date,Cho phép nhiều phân công ca trong cùng một ngày
Send Interview Reminder,Gửi nhắc lịch phỏng vấn
Send Interview Feedback Reminder,Gửi nhắc phản hồi phỏng vấn
Employee Exit Settings,Cài đặt nghỉ việc
Exit Questionnaire Web Form,Biểu mẫu khảo sát nghỉ việc
Exit Questionnaire Notification Template,Mẫu thông báo khảo sát nghỉ việc
Attendance Settings,Cài đặt chấm công
Allow Employee Checkin from Mobile App,Cho phép nhân viên check-in từ ứng dụng di động
Allow Geolocation Tracking,Cho phép theo dõi vị trí địa lý
Unlink Payment,Hủy liên kết thanh toán
Unlink Payment on Cancellation of Employee Advance,Hủy liên kết thanh toán khi hủy tạm ứng nhân viên
What did you work on today?,Bạn đã làm những công việc gì hôm nay?
"Please share what did you do today. If you reply by midnight, your response will be recorded!","Vui lòng chia sẻ những gì bạn đã làm hôm nay. Nếu bạn phản hồi trước nửa đêm, nội dung sẽ được ghi nhận."
Include Holidays,Bao gồm cả ngày nghỉ lễ
Note: Shift will not be overwritten in existing attendance records,Lưu ý: Ca làm việc sẽ không bị ghi đè trong các bản ghi chấm công hiện có
Expenses & Advances,Chi phí và tạm ứng
Taxes & Charges,Thuế và các khoản phí
Sanctioned Amount,Số tiền được phê duyệt
Purpose & Amount,Mục đích và số tiền
Exit Interview Pending,Phỏng vấn nghỉ việc đang chờ xử lý
Exit Questionnaire Pending,Bảng câu hỏi nghỉ việc đang chờ xử lý
FnF Pending,Quyết toán cuối cùng đang chờ xử lý
New Hires (This Month),Nhân sự mới (tháng này)
Exits (This Month),Nhân sự nghỉ việc (tháng này)
Trainings (This Week),Đào tạo (tuần này)
Employee Grievance,Khiếu nại nhân viên
Grievance Details,Chi tiết khiếu nại
Grievance Against Party,Bên bị khiếu nại
Grievance Against,Đối tượng bị khiếu nại
Grievance Type,Loại khiếu nại
Date ,Ngày
Associated Document Type,Loại tài liệu liên quan
Associated Document,Tài liệu liên quan
Investigation Details,Chi tiết điều tra
Cause of Grievance,Nguyên nhân khiếu nại
Employee Responsible,Nhân viên phụ trách
Separation Activities,Hoạt động nghỉ việc
Separation Begins On,Ngày bắt đầu nghỉ việc
Onboarding Activities,Hoạt động hội nhập nhân viên mới
You haven't created a Tổng hợp công việc hằng ngày yet,Bạn chưa tạo tổng hợp công việc hằng ngày
Job Opening Template,Mẫu vị trí tuyển dụng
Closes On,Ngày đóng
"If set, the job opening will be closed automatically after this date","Nếu thiết lập, vị trí tuyển dụng sẽ tự động đóng sau ngày này"
Lower Range,Mức thấp nhất
Upper Range,Mức cao nhất
Salary Paid Per,Công bố khoảng lương
Publish Salary Range,Công bố khoảng lương
Job Requisition,Yêu cầu tuyển dụng
Requested By,Người yêu cầu
Staffing Details,Chi tiết nhân sự
No of. Positions,Số lượng vị trí
Expected Compensation,Mức lương kỳ vọng
Timelines,Mốc thời gian
Expected By,Kỳ vọng trước ngày
You haven't created a Job Requisition yet,Bạn chưa tạo Yêu cầu tuyển dụng
No Interview has been scheduled.,Chưa có lịch phỏng vấn nào
Applicant Name,Tên ứng viên
Source and Rating,Nguồn và đánh giá
Applicant Rating,Đánh giá ứng viên
Resume Link,Liên kết CV
Salary Expectation,Kỳ vọng lương
Job Offer Term Template,Mẫu điều khoản Thư mời nhận việc
For Designation,Cho chức danh
Referral Details,Chi tiết giới thiệu
Current Employer,Công ty hiện tại
Current Job Title,Chức danh công việc hiện tại
Is Applicable for Referral Bonus,Có áp dụng thưởng giới thiệu không
Why is this Candidate Qualified for this Position?,Vì sao ứng viên phù hợp với vị trí này?
Work References,Tham chiếu công việc
Round Name,Tên vòng
Interview Type,Loại phỏng vấn
Interviewers,Người phỏng vấn
Expected Skillset,Bộ kỹ năng kỳ vọng
Expected Average Rating,Điểm đánh giá trung bình kỳ vọng
Scheduled On,Lịch vào ngày
Interview Summary ,Tóm tắt phỏng vấn
Interviewer,Người phỏng vấn
Skill Assessment,Đánh giá kỹ năng
Appicant Name,Tên ứng viên
Rating Criteria,Tiêu chí đánh giá
Criteria based on which employee should be rated in Performance Feedback and Self Appraisal,Tiêu chí dùng để đánh giá nhân viên trong Phản hồi hiệu suất và Tự đánh giá
Cycle Name,Tên chu kỳ
KRA Evaluation Method,Phương pháp đánh giá KRA
Calculate Final Score based on Formula,Tính điểm cuối dựa trên công thức
"By default, the Final Score is calculated as the average of Goal Score, Feedback Score, and Self Appraisal Score. Enable this to set a different formula","Mặc định, điểm cuối được tính bằng trung bình của Điểm mục tiêu, Điểm phản hồi và Điểm tự đánh giá. Bật để đặt công thức khác"
 Enable this to set a different formula,Bật để đặt công thức khác
Set the properties that should be updated in the Employee master on promotion submission,Đặt các thuộc tính sẽ được cập nhật vào hồ sơ Nhân viên khi gửi thăng chức
Current CTC,CTC hiện tại
Cost Configuration ,Cấu hình chi phí
Floor Name,Tên tầng
Assembly Items,Hạng mục lắp ráp
Sub Assembly Items,Hạng mục bán thành phẩm
Consolidate Sub Assembly Items,Gộp hạng mục bán thành phẩm
Sub Assembly Warehouse,Kho bán thành phẩm
"When a parent warehouse is chosen, the system conducts stock checks against the associated child warehouses","Khi chọn kho cha, hệ thống sẽ kiểm tra tồn kho theo các kho con liên quan"
Skip Available Sub Assembly Items,Bỏ qua bán thành phẩm sẵn có
"If this checkbox is enabled, then the system won’t run the MRP for the available sub-assembly items.","Nếu bật, hệ thống sẽ không chạy MRP cho các bán thành phẩm đang có sẵn"
Row #1: Please select Item Code in Assembly Items,Dòng #1: Vui lòng chọn Mã mặt hàng trong Hạng mục lắp ráp
Consider Minimum Order Qty,Xem xét số lượng đặt tối thiểu
Include Safety Stock in Required Qty Calculation,Bao gồm tồn kho an toàn trong tính toán số lượng cần
Ignore Available Stock,Bỏ qua tồn kho hiện có
"If enabled, the system will create material requests even if the stock exists in the 'Raw Materials Warehouse'.","Nếu bật, hệ thống sẽ tạo Yêu cầu vật tư ngay cả khi còn tồn kho trong “Kho nguyên vật liệu”"
Raw Materials Warehouse,Kho nguyên vật liệu
Select the Warehouse,Chọn kho
Manufacturing Type,Loại hình sản xuất
Process Loss Qty,Số lượng hao hụt quy trình
BOM Info ,Thông tin BOM
Cost Configuration,Cấu hình chi phí
Finished Goods based Operating Cost,Chi phí vận hành theo thành phẩm
Scrap & Process Loss,Phế liệu & hao hụt quy trình
Process Loss,Hao hụt quy trình
% Process Loss,% hao hụt quy trình
Job Capacity,Công suất công việc
Run parallel job cards in a workstation,Chạy thẻ công việc song song trong một trạm làm việc
Workstation Status,Trạng thái trạm làm việc
Status Illustration,Minh họa trạng thái
Active Status,Trạng thái hoạt động
Inactive Status,Trạng thái không hoạt động
Is Corrective Operation,Là công đoạn khắc phục
Create Job Card based on Batch Size,Tạo thẻ công việc theo kích thước lô
Sub Operations,Công đoạn con
Fixed Time,Thời gian cố định
Workstation Type,Loại trạm làm việc
Excess Materials Consumed,Tiêu hao vật tư vượt mức
BOM Update Log,Nhật ký cập nhật BOM
Note: Automatic log deletion only applies to logs of type Update Cost,Lưu ý: Xóa nhật ký tự động chỉ áp dụng cho nhật ký loại Cập nhật chi phí
BOM Update Log records are not automatically deleted. You can change the retention policy from Cài đặt nhật ký.,Bản ghi Nhật ký cập nhật BOM không tự động bị xóa. Bạn có thể thay đổi chính sách lưu giữ trong Cài đặt nhật ký
BOM Update Tool Log with job status maintained,Nhật ký công cụ cập nhật BOM có lưu trạng thái job
BOM and Production,BOM và sản xuất
Allow Continuous Material Consumption,Cho phép tiêu thụ vật tư liên tục
Allow material consumptions without immediately manufacturing finished goods against a Work Order,Cho phép tiêu thụ vật tư mà không cần sản xuất ngay thành phẩm theo Lệnh sản xuất
Validate Components and Quantities Per BOM,Xác thực linh kiện và số lượng theo từng BOM
Job Card and Capacity Planning,Thẻ công việc và lập kế hoạch công suất
Add Corrective Operation Cost in Finished Good Valuation,Cộng chi phí công đoạn khắc phục vào định giá thành phẩm
Enforce Time Logs,Bắt buộc nhật ký thời gian
Enabling this checkbox will force each Job Card Time Log to have From Time and To Time,Bật tùy chọn này sẽ bắt buộc mỗi Nhật ký thời gian của Thẻ công việc phải có Từ giờ và Đến giờ
Allow Excess Material Transfer,Cho phép chuyển vật tư vượt mức
Allow transferring raw materials even after the Required Quantity is fulfilled,Cho phép chuyển nguyên vật liệu ngay cả sau khi đã đủ số lượng yêu cầu
Set Operating Cost / Scrap Items From Sub-assemblies,Lấy chi phí vận hành / phế liệu từ các bán thành phẩm
"To include sub-assembly costs and scrap items in Finished Goods on a work order without using a job card, when the 'Use Multi-Level BOM' option is enabled.","Để đưa chi phí bán thành phẩm và phế liệu vào Thành phẩm trên lệnh sản xuất mà không dùng thẻ công việc, khi bật tùy chọn “Use Multi-Level BOM”"
Make Serial No / Batch from Work Order,Tạo số Serial / Lô từ Lệnh sản xuất
System will automatically create the serial numbers / batch for the Finished Good on submission of work order,Hệ thống sẽ tự động tạo số serial / lô cho Thành phẩm khi gửi lệnh sản xuất
Manual Inspection,Kiểm tra thủ công
Numeric,Số
Reading Value,Giá trị đo
Relations,Quan hệ
Is Time-Bound,Có giới hạn thời gian
No. of Meetings Attended by Parents,Số buổi họp phụ huynh tham dự
Please fill in all the mandatory fields.,Vui lòng điền đầy đủ các trường bắt buộc
Is Template,Là mẫu
Include Timesheets in Draft Status,Bao gồm bảng chấm công ở trạng thái Nháp
Fetch Timesheet in Sales Invoice,Lấy bảng chấm công vào Hóa đơn bán hàng
Response and Resolution,Phản hồi và xử lý
Apply SLA for Resolution Time,Áp dụng SLA cho thời gian xử lý
Service Level Name,Tên mức dịch vụ
Browse help topics,Duyệt chủ đề trợ giúp
We're here to help,Chúng tôi luôn sẵn sàng hỗ trợ
Module Profile,Hồ sơ mô-đun
Desk Settings ,Cài đặt Desk
Desk Theme,Giao diện Desk
Navigation Settings ,Cài đặt điều hướng
Search Bar,Thanh tìm kiếm
Bulk Actions,Thao tác hàng loạt
View Switcher,Chuyển đổi chế độ xem
Sidebar,Thanh bên
Workspace,Không gian làm việc
Default Workspace,Không gian làm việc mặc định
"If left empty, the default workspace will be the last visited workspace","Nếu để trống, không gian làm việc mặc định sẽ là không gian làm việc truy cập gần nhất"
Default App,Ứng dụng mặc định
Redirect to the selected app after login,Chuyển hướng đến ứng dụng đã chọn sau khi đăng nhập
API Access,Truy cập API
Click here to learn about token-based authentication,Nhấn để tìm hiểu về xác thực dựa trên token
"Route: Example ""/app""",Tuyến đường: Ví dụ “/app”
Is Custom,Là tùy chỉnh
Allows the user to search and see records.,Cho phép người dùng tìm kiếm và xem bản ghi
The user can select a Customer in Sales Order but cannot open the Customer master.,Người dùng có thể chọn Khách hàng trong Đơn bán hàng nhưng không thể mở danh mục Khách hàng
Allows the user to view the document.,Cho phép người dùng xem chứng từ
The user can view Sales Invoices but cannot modify any field values in them.,Người dùng có thể xem Hóa đơn bán hàng nhưng không thể sửa bất kỳ giá trị trường nào
Allows the user to edit existing records they have access to.,Cho phép người dùng sửa các bản ghi hiện có mà họ có quyền truy cập
The user can update a customer or any other fields in an existing Sales Order but cannot create a new Sales Order.,Người dùng có thể cập nhật khách hàng hoặc trường khác trong một Đơn bán hàng hiện có nhưng không thể tạo Đơn bán hàng mới
Allows the user to create new documents.,Cho phép người dùng tạo chứng từ mới
The user can create a new Item but cannot edit existing items.,Người dùng có thể tạo Mặt hàng mới nhưng không thể sửa các mặt hàng hiện có
Allows the user to delete documents.,Cho phép người dùng xóa chứng từ
The user can delete Draft / Cancelled documents.,Người dùng có thể xóa chứng từ Nháp / Đã hủy
Allows printing or PDF download of documents.,Cho phép in hoặc tải PDF của chứng từ
The print button is enabled for the user in the document.,Nút in được bật cho người dùng trong chứng từ
Allows the user to email from the document.,Cho phép người dùng gửi email từ chứng từ
The email button is enabled for the user in the document.,Nút email được bật cho người dùng trong chứng từ
Allows the user to access reports related to the document.,Cho phép người dùng truy cập báo cáo liên quan đến chứng từ
"If the user has access to Employee and Report is enabled, they can view Employee-based reports.","Nếu người dùng có quyền truy cập Nhân viên và bật Báo cáo, họ có thể xem báo cáo theo Nhân viên"
Allows the user to export data from the Report view.,Cho phép người dùng xuất dữ liệu từ màn hình Báo cáo
The user can export report data.,Người dùng có thể xuất dữ liệu báo cáo
Allows the user to use Data Import tool to create / update records.,Cho phép người dùng dùng công cụ Nhập dữ liệu để tạo / cập nhật bản ghi
The user can import new records or update existing data for the document.,Người dùng có thể nhập bản ghi mới hoặc cập nhật dữ liệu hiện có cho chứng từ
Allows sharing document access with other users.,Cho phép chia sẻ quyền truy cập chứng từ với người dùng khác
The user can share document access with another user.,Người dùng có thể chia sẻ quyền truy cập chứng từ với người dùng khác
Allows users to enable the mask property for any field of the respective doctype.,Cho phép người dùng bật thuộc tính che (mask) cho bất kỳ trường nào của doctype tương ứng
"If the user enables the mask property for the phone number field, the value will be displayed in a masked format (e.g., 811XXXXXXX).","Nếu người dùng bật che cho trường số điện thoại, giá trị sẽ hiển thị dạng che (ví dụ: 811XXXXXXX)"
Module Profile Name,Tên hồ sơ mô-đun
Practitioner Type,Loại bác sĩ
Allow Video Conferencing,Cho phép họp video
Patient Care Type,Loại chăm sóc bệnh nhân
Appointment Based On Check In,Cuộc hẹn dựa trên Check In
Code System,Hệ thống mã
Code Value,Giá trị mã
Definition,Định nghĩa
Order Date,Ngày đặt
Order Time,Giờ đặt
Order Source ,Nguồn đơn hàng
Ordered by Practitioner,Được chỉ định bởi bác sĩ
Referred to Practitioner,Chuyển đến bác sĩ
Source Doc,Chứng từ nguồn
Order Group,Nhóm chỉ định
Staff Role,Vai trò nhân sự
The role responsible for performing the service,Vai trò chịu trách nhiệm thực hiện dịch vụ
Intent,Mục đích
Order Specifications,Thông số chỉ định
Occurrence As Needed,Khi cần thiết
Order Description,Mô tả chỉ định
"Perform the service only if there is a need. For example ""pain"", ""on flare-up"", etc.","Thực hiện dịch vụ chỉ khi có nhu cầu. Ví dụ “đau”, “tái phát”, v.v."
Occurrence Date,Ngày xảy ra
Occurrence Time,Giờ xảy ra
Patient Instructions,Hướng dẫn cho bệnh nhân
Order Template Type,Loại mẫu chỉ định
Order Template,Mẫu chỉ định
Sample Collection Required,Yêu cầu lấy mẫu
Quantity Invoiced,Số lượng đã xuất hóa đơn
Order Group (Encounter),Nhóm chỉ định (lượt khám)
Medication Item,Mặt hàng thuốc
Practitioner Email,Email bác sĩ
Ordered by Practitione,Được chỉ định bởi bác sĩ
Request Details,Chi tiết yêu cầu
Admission Nursing Checklist Template,Mẫu checklist điều dưỡng nhập viện
Discharge Nursing Checklist Template,Mẫu checklist điều dưỡng xuất viện
Admission Instructions,Hướng dẫn nhập viện
Link existing Item,Liên kết mặt hàng hiện có
Sample Collection Time,Thời gian lấy mẫu
Sample Status,Trạng thái mẫu
Observation Category,Nhóm quan sát
Preferred Display Name,Tên hiển thị ưu tiên
Result Options,Tùy chọn kết quả
Permitted Data Type,Kiểu dữ liệu cho phép
Requested Start Time,Thời gian bắt đầu yêu cầu
Requested End Time,Thời gian kết thúc yêu cầu
Task Resolution,Giải quyết tác vụ
Task Doctype,Loại tài liệu nhiệm vụ
Task Document Name,Tên chứng từ tác vụ
Create and link the document to complete this task,Tạo và liên kết chứng từ để hoàn tất tác vụ này
Task Start Time,Thời gian bắt đầu tác vụ
Task End Time,Thời gian kết thúc tác vụ
Task Schedule,Lịch tác vụ
Activity Duration,Thời lượng hoạt động
Task Duration,Thời lượng tác vụ
Collection Point,Điểm lấy mẫu
Samples,Mẫu
Observation Sample Collection,Lấy mẫu quan sát
Collection Date Time,Ngày giờ lấy mẫu
Show Components,Hiển thị thành phần
Experimental,Thử nghiệm
Immutable,Bất biến
Value Set,Bộ giá trị
Official URL,URL chính thức
Canonical Mapping,Ánh xạ chuẩn (canonical)
"Only applicable to status codes, all status codes are mapped to one of the codes defined as part of Resource Status (The master set of status codes used throughout FHIR)",Chỉ áp dụng cho mã trạng thái; mọi mã trạng thái được ánh xạ về một trong các mã thuộc Trạng thái tài nguyên (tập mã trạng thái dùng chung trong FHIR)
Is FHIR Defined,Được định nghĩa theo FHIR
URI,URI
Outpatient Settings,Cài đặt ngoại trú
Default Code System,Hệ thống mã mặc định
Validate Nursing Checklists,Xác thực checklist điều dưỡng
Validates all mandatory tasks in nursing checklist to be Completed before a Patient transactional event.,Xác thực mọi tác vụ bắt buộc trong checklist điều dưỡng phải Hoàn tất trước khi phát sinh sự kiện giao dịch của bệnh nhân
Default Google Calendar,Google Calendar mặc định
For use while scheduling tele-consultations via Google Meet,Dùng khi đặt lịch tư vấn từ xa qua Google Meet
Inpatient Settings,Cài đặt nội trú
Allow Discharge Despite Unbilled Healthcare Services,Cho phép xuất viện dù còn dịch vụ y tế chưa lập hóa đơn
Do Not Bill Patient Encounters for Inpatients,Không lập hóa đơn lượt khám cho bệnh nhân nội trú
Show Payment Popup,Hiển thị cửa sổ thanh toán
Checking this will popup dialog for Appointment Invoicing,Bật để hiện hộp thoại khi lập hóa đơn cuộc hẹn
Default Intent,Mục đích mặc định
Create Observation(s) on Sales Invoice Submission,Tạo quan sát khi gửi Hóa đơn bán hàng
Order Details,Chi tiết chỉ định
Process Service Request If Billing Status Is Paid,Xử lý yêu cầu dịch vụ nếu trạng thái thanh toán là Đã thanh toán
Alerts,Cảnh báo
Standard Document Types,Loại chứng từ tiêu chuẩn
Date Fieldname,Tên trường ngày
Add / Edit Fields,Thêm / Sửa trường
Custom Document Types,Loại chứng từ tùy chỉnh
Allow Booking For,Cho phép đặt lịch cho
Appointment Type Service Items,Mặt hàng dịch vụ theo loại cuộc hẹn
Pre-op Nursing Checklist Template,Mẫu checklist điều dưỡng trước mổ
Post-op Nursing Checklist Template,Mẫu checklist điều dưỡng sau mổ
Stock Consumption,Tiêu thụ tồn kho
Service Request Defaults,Mặc định yêu cầu dịch vụ
Template Details,Chi tiết mẫu
Plan Conditions,Điều kiện kế hoạch
Patient Age From,Tuổi bệnh nhân từ
Patient Age To,Tuổi bệnh nhân đến
Practitioners,Bác sĩ
"Investigations, Therapy & Procedures","Xét nghiệm, trị liệu & thủ thuật"
Estimated Duration,Thời lượng ước tính
Sample Type,Loại mẫu
Container Closure Color,Màu nắp ống chứa
"Link that is the website home page. Standard Links (home, login, products, blog, about, contact)","Liên kết là trang chủ website. Liên kết tiêu chuẩn (home, login, products, blog, about, contact)"
Login Page,Trang đăng nhập
Disable signups,Tắt đăng ký
New users will have to be manually registered by system managers.,Người dùng mới sẽ phải được quản trị viên đăng ký thủ công
Show footer on login,Hiển thị chân trang ở trang đăng nhập
Show Language Picker,Hiển thị bộ chọn ngôn ngữ
Footer Details,Chi tiết chân trang
"Footer ""Powered By""",Chân trang “Powered By”
Custom Footer,Chân trang tùy chỉnh
Enable in-app website tracking,Bật theo dõi website trong ứng dụng
Enable Google indexing,Bật Google indexing
"To use Google Indexing, enable Google Settings.","Để dùng Google Indexing, bật Google Settings"
ID Google Analytics,ID Google Analytics
Google Analytics anonymise IP,Ẩn IP trong Google Analytics
Account Deletion Settings,Cài đặt xóa tài khoản
Automatically delete account within (hours),Tự động xóa tài khoản trong (giờ)
Show account deletion link in My Account page,Hiển thị liên kết xóa tài khoản ở trang Tài khoản của tôi
"Header, Robots","Header, Robots"
Robots.txt,Robots.txt
Redirects,Chuyển hướng
Stylesheet,Stylesheet
ERPNext,ERPNext
Frappe CRM,Frappe CRM
Frappe Drive,Frappe Drive
Frappe Framework,Frappe Framework
Frappe HR,Frappe HR
Gameplan,Gameplan
Helpdesk,Helpdesk
HR Addon,HR Addon
Marley Health,Marley Health
Telephony,Telephony
Script website,Website Script
Page Title,Tiêu đề trang
Team Members Subtitle,Phụ đề thành viên nhóm
Enable email notification for any comment or likes received on your Blog Post.,Bật thông báo email cho mọi bình luận hoặc lượt thích nhận được trên Bài viết Blog
Enable Email Notification,Bật thông báo email
Preview Image,Ảnh xem trước
Helpful,Hữu ích
Not Helpful,Không hữu ích
Publishing Dates,Ngày xuất bản
Form,Biểu mẫu
Access Control,Kiểm soát truy cập
Anonymous responses,Phản hồi ẩn danh
"If enabled, all responses on the web form will be submitted anonymously","Nếu bật, mọi phản hồi trên web form sẽ được gửi ẩn danh"
Login required,Yêu cầu đăng nhập
Max attachment size,Kích thước tệp đính kèm tối đa
Set size in MB,Đặt kích thước theo MB
Allowed embedding domains,Các domain được phép nhúng
"Specify the domains or origins that are permitted to embed this form. Enter one domain per line (e.g., https://example.com).",Chỉ định các domain hoặc nguồn gốc được phép nhúng biểu mẫu. Mỗi dòng một domain (ví dụ: https://example.com)
" If no domains are specified, the form can only be embedded on the same origin.","Nếu không chỉ định, biểu mẫu chỉ có thể được nhúng cùng origin"
Multiple webforms can be created for a single doctype.,Có thể tạo nhiều webform cho một doctype
 Add filters specific to this webform to display correct record after submission.,Thêm bộ lọc riêng cho webform này để hiển thị đúng bản ghi sau khi gửi
For Example:If you create a separate webform every year to capture feedback from employees add a field named year in doctype and add a filter year = 2023,"Ví dụ: Nếu bạn tạo webform riêng mỗi năm để thu thập phản hồi nhân viên, thêm trường tên year trong doctype và thêm bộ lọc year = 2023"
Submit button label,Nhãn nút gửi
Success title,Tiêu đề thành công
Go to this URL after completing the form,Đi đến URL này sau khi hoàn tất biểu mẫu
Success message,Thông báo thành công
Message to be displayed on successful completion,Thông điệp hiển thị khi gửi thành công
Meta title,Meta title
Meta,Meta
Meta image,Meta image
Meta description,Meta description
Client script,Client script
Total Declaration Submitted,Tổng số bản khai đã gửi
Total Salary Structure,Tổng cấu trúc lương
Total Incentive Given(Last month),Tổng thưởng đã chi (tháng trước)
Total Outgoing Salary(Last month),Tổng lương chi ra (tháng trước)
Outgoing Salary,Lương chi ra
Designation Wise Salary(Last Month),Lương theo chức danh (tháng trước)
Department Wise Salary(Last Month),Lương theo phòng ban (tháng trước)
Payment Days calculations are based on these Payroll Settings:,Tính ngày công dựa trên các thiết lập Payroll Settings này:
Payroll Based On:,Payroll dựa trên:
Consider Marked Attendance on Holidays:,Tính cả chấm công vào ngày lễ:
Click here to change the configuration and then resave salary slip,Nhấn tại đây để đổi cấu hình và lưu lại phiếu lương
Earnings & Deductions,Thu nhập & khấu trừ
Gross Pay (Company Currency),Tổng lương (tiền tệ công ty)
Gross Year To Date,Tổng lương lũy kế năm
Gross Year To Date(Company Currency),Tổng lương lũy kế năm (tiền tệ công ty)
Total Deduction (Company Currency),Tổng khấu trừ (tiền tệ công ty)
Net Pay (Company Currency),Lương thực nhận (tiền tệ công ty)
Year To Date,Lũy kế năm
Total salary booked for this employee from the beginning of the year (payroll period or fiscal year) up to the current salary slip's end date.,Tổng lương đã hạch toán cho nhân viên từ đầu năm (kỳ lương hoặc năm tài chính) đến ngày kết thúc phiếu lương hiện tại
Year To Date(Company Currency),Lũy kế năm (tiền tệ công ty)
Month To Date,Lũy kế tháng
Total salary booked for this employee from the beginning of the month up to the current salary slip's end date.,Tổng lương đã hạch toán cho nhân viên từ đầu tháng đến ngày kết thúc phiếu lương hiện tại
Month To Date(Company Currency),Lũy kế tháng (tiền tệ công ty)
Total in words (Company Currency),Tổng bằng chữ (tiền tệ công ty)
Working Days and Hours,Ngày công và giờ làm
"If enabled, total no. of working days will include holidays, and this will reduce the value of Salary Per Day","Nếu bật, tổng số ngày làm sẽ tính cả ngày lễ và điều này sẽ làm giảm giá trị Lương theo ngày"
Process Payroll Accounting Entry based on Employee,Tạo bút toán kế toán trả lương theo từng nhân viên
"If checked, Payroll Payable will be booked against each employee","Nếu chọn, Payroll Payable sẽ được ghi nhận theo từng nhân viên"
Show Leave Balances in Salary Slip,Hiển thị số dư nghỉ phép trên phiếu lương
New Lead (Last 1 Month),Lead mới (1 tháng gần nhất)
New Opportunity (Last 1 Month),Cơ hội mới (1 tháng gần nhất)
Won Opportunity (Last 1 Month),Cơ hội thắng (1 tháng gần nhất)
Open Opportunity,Cơ hội đang mở
Incoming Leads,Lead vào
Opportunity Trends,Xu hướng cơ hội
Won Opportunities,Cơ hội thắng
Territory Wise Opportunity Count,Số lượng cơ hội theo khu vực
Opportunities via Campaigns,Cơ hội qua chiến dịch
Territory Wise Sales,Doanh số theo khu vực
Qualification Status,Trạng thái đủ điều kiện
Qualified By,Được xác nhận đủ điều kiện bởi
Qualified on,Đủ điều kiện vào ngày
Primary Contact,Liên hệ chính
Contact Mobile,Di động liên hệ
Phone Ext.,Máy lẻ điện thoại
Frappe CRM Deal,Deal Frappe CRM
Primary Address and Contact,Địa chỉ và liên hệ chính
Schedule Send At,Lên lịch gửi lúc
Prospect Owner,Chủ sở hữu khách tiềm năng
No. of Employees,Số nhân viên
Annual Revenue,Doanh thu năm
Stage,Giai đoạn
Deal Owner,Chủ sở hữu deal
Probability,Xác suất
Closing,Đóng
From Date is mandatory,Từ ngày là bắt buộc
Sign Up and Confirmation,Đăng ký và xác nhận
Redirect to this URL after successful confirmation.,Chuyển hướng đến URL này sau khi xác nhận thành công
Allow Lead Duplication based on Emails,Cho phép trùng Lead theo email
Auto Creation of Contact,Tự động tạo liên hệ
Close Replied Opportunity After Days,Đóng cơ hội đã phản hồi sau số ngày
Auto close Opportunity Replied after the no. of days mentioned above,Tự động đóng cơ hội đã phản hồi sau số ngày đã nêu
Carry Forward Communication and Comments,Chuyển tiếp trao đổi và bình luận
All the Comments and Emails will be copied from one document to another newly created document(Lead -> Opportunity -> Quotation) throughout the CRM documents.,Tất cả bình luận và email sẽ được sao chép từ chứng từ này sang chứng từ mới (Lead -> Opportunity -> Quotation) xuyên suốt các chứng từ CRM
Update timestamp on new communication,Cập nhật dấu thời gian khi có trao đổi mới
Update the modified timestamp on new communications received in Lead & Opportunity.,Cập nhật dấu thời gian chỉnh sửa khi có trao đổi mới nhận được trong Khách hàng tiềm năng và Cơ hội.
Survey Standards, Khảo sát định mức Kinh tế - Kỹ thuật
Reference Doc,Chứng từ tham chiếu
Leaves Pending Approval,Đơn nghỉ phép đang chờ phê duyệt
List asset,Danh sách tài sản
Is Composite Asset,Là tài sản tổng hợp
Net Purchase Amount,Giá trị mua thuần
Asset Quantity,Số lượng tài sản
Asset Capitalization,Ghi nhận vốn hóa tài sản
Consumed Stock Items,Vật tư đã sử dụng
Value Details,Chi tiết giá trị
Asset Activity,Lịch sử hoạt động tài sản
Student and Instructor,Học viên và Giảng viên
Check this to mark the student as present in case the student is not attending the institute to participate or represent the institute in any event.,Chọn tùy chọn này để đánh dấu học viên là có mặt trong trường hợp học viên không đến học tại cơ sở nhưng tham gia hoặc đại diện cho cơ sở trong một sự kiện.
Link course,Liên kết khóa học
Start date,Ngày bắt đầu
Total hours,Tổng số giờ
Education teacher,Giảng viên
Monthly Training Plan,Kế hoạch đào tạo hàng tháng
Data & report,Dữ liệu & Báo cáo
Progress (%),Tiến triển (%)
Delay (In Days),Trì hoãn (Tính theo ngày)
Delayed Tasks Summary,Tóm tắt nhiệm vụ bị trì hoãn
Expected Start,Ngày bắt đầu dự kiến
Expected End,Ngày kết thúc dự kiến
task overdue,Công việc quá hạn
Today task,Công việc hôm nay
Shortcut,Phím tắt
Account,Tài khoản
Student Info,Thông tin học viên
Unrealized Profit / Loss Account,Tài khoản lãi/lỗ chưa thực hiện
Enabling this option will allow you to record -,"Khi bật tùy chọn này, bạn sẽ có thể ghi nhận -"
1. Advances Received in a Liability Account instead of the Asset Account,1. Khoản ứng trước nhận được được ghi nhận vào tài khoản Nợ phải trả thay vì tài khoản Tài sản
2. Advances Paid in an Asset Account instead of the Liability Account,2. Khoản ứng trước đã trả được ghi nhận vào tài khoản Tài sản thay vì tài khoản Nợ phải trả
Oldest Of Invoice Or Advance,Cũ nhất giữa hóa đơn hoặc khoản ứng trước
Advance Payment Date,Ngày thanh toán tạm ứng
Reconciliation Date,Ngày đối soát
Learn about Common Party,Tìm hiểu về Common Party
Tax Settings,Thiết lập thuế
Show Taxes as Table in Print,Hiển thị thuế dưới dạng bảng khi in
Enable Automatic Party Matching,Bật tự động khớp đối tượng
Auto match and set the Party in Bank Transactions,Tự động khớp và gán đối tượng trong các giao dịch ngân hàng
Remarks Column Length,Độ dài cột ghi chú
Accounts Receivable/Payable,Các khoản phải thu / phải trả
Truncates 'Remarks' column to set character length,Cắt ngắn cột “Ghi chú” theo độ dài ký tự đã thiết lập
Accounts Receivable / Payable Tuning,Tinh chỉnh công nợ phải thu / phải trả
Data Fetch Method,Phương thức lấy dữ liệu
Buffered Cursor,Con trỏ có bộ đệm
UnBuffered Cursor,Con trỏ không bộ đệm
Raw SQL,SQL thuần
Drop Procedures,Xóa các thủ tục (Procedure)
Drops existing SQL Procedures and Function setup by Accounts Receivable report,Xóa các thủ tục (Procedure) và hàm (Function) SQL hiện có được thiết lập bởi báo cáo Công nợ phải thu
Legacy Fields,Các trường dữ liệu cũ
Ignore Is Opening check for reporting,Bỏ qua kiểm tra “Is Opening” khi lập báo cáo
Ignores legacy Is Opening field in GL Entry that allows adding opening balance post the system is in use while generating reports,Bỏ qua trường “Is Opening” cũ trong GL Entry (trường cho phép thêm số dư đầu kỳ sau khi hệ thống đã được sử dụng) khi tạo báo cáo
Create in Draft Status,Tạo ở trạng thái nháp
Discount Settings,Thiết lập chiết khấu
Invoice Portion (%),Tỷ lệ hóa đơn (%)
Overdue Payments,Các khoản thanh toán quá hạn
Dunning Level,Cấp độ nhắc nợ
Total Interest,Tổng tiền lãi
For dunning fee and interest,Đối với phí nhắc nợ và tiền lãi
Fetch Overdue Payments,Lấy các khoản thanh toán quá hạn
 Add a Filter,Thêm bộ lọc
Clear Filters,Xóa bộ lọc
Round Off Tax Amount,Làm tròn số tiền thuế
Checking this will round off the tax amount to the nearest integer,Chọn tùy chọn này sẽ làm tròn số tiền thuế đến số nguyên gần nhất
Monthly Distribution,Phân bổ theo tháng
Rounding Loss Allowance,Cho phép chênh lệch do làm tròn
Upload Bank Statement,Tải lên sao kê ngân hàng
Account Opening Balance,Số dư đầu kỳ của tài khoản
Closing Balance as per Bank Statement,Số dư cuối kỳ theo sao kê ngân hàng
Closing Balance as per ERP,Số dư cuối kỳ theo ERP
No Matching Bank Transactions Found,Không tìm thấy giao dịch ngân hàng khớp
End of the current subscription period,Kết thúc của kỳ đăng ký hiện tại
Beginning of the current subscription period,Bắt đầu của kỳ đăng ký hiện tại
Days before the current subscription period,Số ngày trước kỳ đăng ký hiện tại
Number of Days *,Số ngày *
Submit Generated Invoices,Xác nhận các hóa đơn đã tạo
Select Dispatch Address,Chọn địa chỉ gửi hàng
Advance Amount,Số tiền ứng trước
Total Amount Due,Tổng số tiền phải thanh toán
Show Ledger View,Hiển thị dạng sổ cái
Company Tax ID,Mã số thuế công ty
Debit To,Ghi Nợ vào
Mention if non-standard Receivable account,Ghi chú nếu sử dụng tài khoản phải thu không tiêu chuẩn
Please click on the link below to make your payment,Vui lòng nhấp vào liên kết bên dưới để thực hiện thanh toán
Financial Reports,Báo cáo tài chính
Ledgers,Sổ cái
Categorize by Voucher,Phân loại theo chứng từ
Categorize by Voucher (Consolidated),Phân loại theo chứng từ (tổng hợp)
Categorize by Account,Phân loại theo tài khoản
Categorize by Party,Phân loại theo đối tượng
Growth View,Chế độ xem tăng trưởng
Total Asset,Tổng tài sản
Total Liability,Tổng nợ phải trả
Total Equity,Tổng vốn chủ sở hữu
Show Opening and Closing Balance,Hiển thị số dư đầu kỳ và cuối kỳ
Gross Profit Percent,Tỷ suất lợi nhuận gộp
Address And Contacts,Địa chỉ và liên hệ
TOTAL PATIENTS,Tổng số bệnh nhân
TOTAL PATIENTS ADMITTED,Tổng số bệnh nhân nhập viện
OPEN APPOINTMENTS,Các lịch hẹn đang mở
APPOINTMENTS TO BILL,Các lịch hẹn cần lập hóa đơn
Patient History Settings,Thiết lập lịch sử bệnh nhân
Advise,Chỉ định
Service Request,Yêu cầu dịch vụ
Medication Request,Yêu cầu thuốc
Nursing Task,Nhiệm vụ điều dưỡng
Healthcare Activity,Hoạt động chăm sóc sức khỏe
Nursing Checklist Template,Mẫu danh sách kiểm tra điều dưỡng
Surgery,Phẫu thuật
Middle Name (optional),Tên đệm (không bắt buộc)
Identification Number (UID),Số định danh (UID)
Date of birth,Ngày sinh
Billing & Accounts,Thanh toán & Kế toán
The role responsible for performing the medication request,Vai trò chịu trách nhiệm thực hiện yêu cầu cấp thuốc
Has Component,Có thành phần
Task Details,Chi tiết nhiệm vụ
Time Offset,Độ lệch thời gian
Mark Collected,Đánh dấu đã thu
Worksheet & Legend,Bảng làm việc & Chú giải
Start time,Thời gian bắt đầu
End time,Thời gian kết thúc
Surgery Team Member,Thành viên đội phẫu thuật
Check Conflict,Kiểm tra xung đột
Guide,Hướng dẫn
Order Status,Trạng thái đơn hàng
Allocated Amount,Số tiền đã phân bổ
Terms Template,Mẫu điều khoản
Subcontracting Order,Đơn hàng gia công
Period Details,Chi tiết kỳ
Other Report,Báo cáo khác
Expense Invoice,Hóa đơn chi phí
Invoice Issue Date,Ngày phát hành hóa đơn
Seller Tax ID,Mã số thuế người bán
Seller Name,Tên người bán
Seller Address,Seller Address
Unclaimed Amount,Số tiền chưa được nhận
Allocated Amount,Số tiền đã phân bổ
Repay Unclaimed Amount from Salary,Hoàn trả số tiền chưa được ghi nhận từ lương
Insurance Details,Chi tiết bảo hiểm
From-date,Từ ngày
To-date,Đến ngày
Tax & Benefits,Thuế & Phúc lợi
Income Tax Computation,Tính thuế thu nhập
Setting,Thiết lập
Benefits,Phúc lợi
Tax Exemption Declaration,Khai báo miễn giảm thuế
Consider Tax Exemption Declaration,Xem xét khai báo miễn giảm thuế
Taxable Income Relief Threshold Limit,Ngưỡng giảm trừ thu nhập chịu thuế
Maximum annual taxable income eligible for full tax relief. No tax is applied if income does not exceed this limit,Mức thu nhập chịu thuế tối đa trong năm được hưởng giảm trừ toàn bộ. Nếu thu nhập không vượt quá mức này thì không phải nộp thuế
Exemption Proofs,Chứng từ chứng minh miễn giảm thuế
Attach Proof,Đính kèm chứng từ
Profile,Hồ sơ
Reminders,Nhắc nhở
team-updates,Cập nhật từ nhóm
Employee Exits,Nghỉ việc nhân viên
Document Record,Bản ghi chứng từ
Weekly Reminder Trigger Report,Báo cáo kích hoạt nhắc nhở hàng tuần
Leave(s) Expired,Ngày nghỉ đã hết hạn
Final Decision,Quyết định cuối cùng
Employee Retained,Giữ lại nhân viên
Exit Confirmed,Đã xác nhận nghỉ việc
Exit Interview,Phỏng vấn nghỉ việc
Full and Final Statement,Bảng quyết toán cuối cùng
Reports To,Báo cáo cho
Total Resignations,Tổng số nhân viên nghỉ việc
Pending Interviews,Các cuộc phỏng vấn đang chờ
Pending FnF,Đang chờ quyết toán cuối cùng
Pending Questionnaires,Các bảng câu hỏi đang chờ
Retained,Được giữ lại
Decision Pending,Đang chờ quyết định
Jun,Tháng 6
Jul,Tháng 7
Training Event (Week),Sự kiện đào tạo (tuần)
Onboarding Begins On,Ngày bắt đầu tiếp nhận nhân viên
ONBOARDING (THÁNG NÀY),TIẾP NHẬN NHÂN VIÊN MỚI (THÁNG NÀY)
Seminar,Seminar
Conference,Hội nghị
Workshop,Hội thảo thực hành
Add Employee Property,Thêm thuộc tính nhân viên
Interviews (This Week),Các cuộc phỏng vấn (tuần này)
Interviews,Các cuộc phỏng vấn
Interview Round,Vòng phỏng vấn
Interview,Vòng phỏng vấn
Interview Feedback,Phỏng vấn
Get Job Requisitions,Lấy các yêu cầu tuyển dụng
Reason for Requesting,Lý do yêu cầu
Referrer Details,Chi tiết người giới thiệu
Additional Information,Thông tin bổ sung
Resume link,Liên kết hồ sơ (CV)
Shifts,Các ca làm việc
Assign Shift,Phân ca làm việc
Shift & Attendance,Ca làm việc & Chấm công
Shift Start Time,Thời gian bắt đầu ca làm
Shift End Time,Thời gian kết thúc ca làm
Late Entry By,Đi muộn quá
Early Exit By,Về sớm
Shift Actual Start Time,Thời gian bắt đầu ca thực tế
Shift Actual End Time,Thời gian kết thúc ca thực tế
Attendance ID,Mã chấm công
Payroll Payable Account,Tài khoản phải trả lương
Accounting & Payment,Kế toán & Thanh toán
Filter Employees,Lọc nhân viên
Is Salary Withheld,Có giữ lại lương không
Employee Info,Thông tin nhân viên
Payroll Info,Thông tin bảng lương
Transactions & Reports,Giao dịch & Báo cáo
Bulk Salary Structure Assignment,Phân bổ cấu trúc lương hàng loạt
Salary Withholding,Tạm giữ lương
Payroll Reports,Báo cáo tiền lương
Deduction Reports,Báo cáo khấu trừ
Condition & Formula,Điều kiện & Công thức
Base & Variable,Cố định & Biến đổi
Number of Withholding Cycles,Number of Withholding Cycles
Incentive,Tiền khuyến khích
Bonus,Tiền thưởng
Salary Payout,Chi trả lương
Set Leave Details,Thiết lập chi tiết nghỉ phép
Masters & Transactions,Danh mục & Giao dịch
Employee Performance Feedback,Phản hồi đánh giá hiệu suất nhân viên
Appraisal Cycle,Chu kỳ đánh giá
Appraisal Overview,Tổng quan đánh giá
Self Appraisal,Tự đánh giá
Ratings,Điểm đánh giá
Rate Goals Manually,Đánh giá mục tiêu thủ công
KRAS,Kết quả trọng yếu cần đạt
Goal Completion,Mức độ hoàn thành mục tiêu
Goal Score (weighted),Điểm mục tiêu (có trọng số)
Set optional filters to fetch employees in the appraisee list,Thiết lập các bộ lọc tùy chọn để lấy danh sách nhân viên cần đánh giá
Automated Based on Goal Progress,Tự động dựa trên tiến độ mục tiêu
Manual Rating,Chấm điểm thủ công
Added On,Ngày thêm
Contract management,Quản lý hợp đồng
Contract manager,Người quản lý hợp đồng
Party TaxID,Mã số thuế đối tác
Contact person,Người liên hệ
Phone number,Số điện thoại
Contract type,Loại hợp đồng
Depend On Contract,Hợp đồng tham chiếu
Contract number,Số hợp đồng
Contract title,Tiêu đề hợp đồng
Contract Value,Giá trị hợp đồng
Vat Included,Đã bao gồm VAT
Is paid,Đã thanh toán
Parent Contract,Hợp đồng chính
Miyano's work manager,Trình quản lý công việc của Miyano
Miyano cost,Chi phí Miyano
CRM for Sales,Hệ thống CRM cho bán hàng
Opportunity Owner,Người phụ trách cơ hội
Opportunity Value,Giá trị cơ hội
Audience,Đối tượng
Send Web View Link,Gửi liên kết xem trên web
Publish as a web page,Xuất bản dưới dạng trang web
Prospect,Khách hàng tiềm năng
Leads,Danh sách khách hàng tiềm năng
Opportunity Source,Nguồn cơ hội
sales-funnel,Phễu bán hàng
Contract Reminder Log,Nhật ký nhắc nhở hợp đồng
Recipient User,Người nhận
Reminder Type,Loại nhắc nhở
Partner,Đối tác
Partner Name,Tên đối tác
Gold,Vàng
Silver,Bạc
Bronze,Đồng
Published on Website,Đã xuất bản trên website
Other Info,Thông tin khác
Available Qty For Consumption,Số lượng khả dụng để tiêu thụ
Qty to Be Consumed,Số lượng cần tiêu thụ
Apply Putaway Rule,Áp dụng quy tắc cất kho
Dispatch Address Template,Mẫu địa chỉ giao hàng
Shipping Address Template,Mẫu địa chỉ vận chuyển
Qty (in Stock UOM),Số lượng (theo đơn vị tồn kho)
Picked Qty (in Stock UOM),Số lượng đã lấy (theo đơn vị tồn kho)
Group Same Items,Nhóm các mặt hàng giống nhau
Locked,Đã khóa
Bar Code,Mã vạch
Unit of Measure (UOM),Đơn vị tính (UOM)
Ignore Closing Balance,Bỏ qua số dư cuối kỳ
Reserved for Production,Đã đặt trước cho sản xuất
Reserved for Production Plan,Đã đặt trước cho kế hoạch sản xuất
Reserved for Sub Contracting,Đã đặt trước cho gia công ngoài
Reserved for POS Transactions,Đã đặt trước cho giao dịch POS
Enabled Items only,Chỉ các mặt hàng đang hoạt động
Disabled Items only,Chỉ các mặt hàng đã bị vô hiệu hóa
All Items,Tất cả mặt hàng
Work Order Consumed Materials,Nguyên vật liệu đã tiêu hao theo lệnh sản xuất
Quick Links,Liên kết nhanh
Connections,Liên kết